
[dependency-free] chunk 1/10 (40)
TAP version 13
# Subtest: W145 registry covers NFTs, Vault, API keys, settings, receipts, and workstation data
ok 1 - W145 registry covers NFTs, Vault, API keys, settings, receipts, and workstation data
  ---
  duration_ms: 0.765178
  type: 'test'
  ...
# Subtest: W145 simulated Cloudflare update preserves every seeded protected key byte-for-byte
ok 2 - W145 simulated Cloudflare update preserves every seeded protected key byte-for-byte
  ---
  duration_ms: 5.493124
  type: 'test'
  ...
# Subtest: W145 detects lost or mutated user data during an unsafe update
ok 3 - W145 detects lost or mutated user data during an unsafe update
  ---
  duration_ms: 1.021442
  type: 'test'
  ...
# Subtest: W145 receipt and status mark data survival done without exposing secrets
ok 4 - W145 receipt and status mark data survival done without exposing secrets
  ---
  duration_ms: 2.204434
  type: 'test'
  ...
# Subtest: W145 remaining phase summary removes W145 from unfinished list
ok 5 - W145 remaining phase summary removes W145 from unfinished list
  ---
  duration_ms: 0.191492
  type: 'test'
  ...
# Subtest: W145 Vault, EON City, package, and stats are wired
ok 6 - W145 Vault, EON City, package, and stats are wired
  ---
  duration_ms: 2.136054
  type: 'test'
  ...
# Subtest: W145 summary works on partial real storage without requiring seeded demo data
ok 7 - W145 summary works on partial real storage without requiring seeded demo data
  ---
  duration_ms: 0.455669
  type: 'test'
  ...
# Subtest: W517 route/SEO normalization is idempotent and removes inherited indentation drift
ok 8 - W517 route/SEO normalization is idempotent and removes inherited indentation drift
  ---
  duration_ms: 1.313883
  type: 'test'
  ...
# Subtest: W517 source manifest is deterministic and excludes self-generated convergence artifacts
ok 9 - W517 source manifest is deterministic and excludes self-generated convergence artifacts
  ---
  duration_ms: 1.061457
  type: 'test'
  ...
# Subtest: W517 tracks every canonical source required to produce a public mirror
ok 10 - W517 tracks every canonical source required to produce a public mirror
  ---
  duration_ms: 15.026018
  type: 'test'
  ...
# Subtest: W517 release registry distinguishes current authority from historical and evidence-only gates
ok 11 - W517 release registry distinguishes current authority from historical and evidence-only gates
  ---
  duration_ms: 0.989203
  type: 'test'
  ...
# Subtest: W517 evidence output stays in the ignored temporary evidence boundary and rejects traversal
ok 12 - W517 evidence output stays in the ignored temporary evidence boundary and rejects traversal
  ---
  duration_ms: 0.459032
  type: 'test'
  ...
# Subtest: W517 self-generated convergence artifacts stay outside commit scope
ok 13 - W517 self-generated convergence artifacts stay outside commit scope
  ---
  duration_ms: 0.201675
  type: 'test'
  ...
# Subtest: W517 current-suite runner defaults to deterministic serial certification and retains bounded opt-in parallelism
ok 14 - W517 current-suite runner defaults to deterministic serial certification and retains bounded opt-in parallelism
  ---
  duration_ms: 0.445985
  type: 'test'
  ...
# Subtest: W517 source syntax gate supports the Git-free portable source identity
ok 15 - W517 source syntax gate supports the Git-free portable source identity
  ---
  duration_ms: 0.197255
  type: 'test'
  ...
# Subtest: W517 canonical release wrapper resolves npm safely for Windows worktrees
ok 16 - W517 canonical release wrapper resolves npm safely for Windows worktrees
  ---
  duration_ms: 0.340213
  type: 'test'
  ...
# Subtest: W517 clean-checkout CLI entrypoint resolves Windows and file URL paths safely
ok 17 - W517 clean-checkout CLI entrypoint resolves Windows and file URL paths safely
  ---
  duration_ms: 0.321853
  type: 'test'
  ...
# Subtest: W518 creates a passphrase-encrypted Capsule whose public header never exposes workspace values
ok 18 - W518 creates a passphrase-encrypted Capsule whose public header never exposes workspace values
  ---
  duration_ms: 219.42953
  type: 'test'
  ...
# Subtest: W536 emits compression metadata before encryption, imports v1 Capsules, and fails closed on unsupported future formats
ok 19 - W536 emits compression metadata before encryption, imports v1 Capsules, and fails closed on unsupported future formats
  ---
  duration_ms: 260.164207
  type: 'test'
  ...
# Subtest: W536 falls back to encrypted-uncompressed v2 Capsules when the browser lacks compression streams
ok 20 - W536 falls back to encrypted-uncompressed v2 Capsules when the browser lacks compression streams
  ---
  duration_ms: 126.942119
  type: 'test'
  ...
# Subtest: W518 excludes unapproved local storage and rejects duplicate Capsule records before encryption
ok 21 - W518 excludes unapproved local storage and rejects duplicate Capsule records before encryption
  ---
  duration_ms: 1.173245
  type: 'test'
  ...
# Subtest: W518 stages only key/byte metadata, defaults to add-only, and requires an explicit per-key overwrite
ok 22 - W518 stages only key/byte metadata, defaults to add-only, and requires an explicit per-key overwrite
  ---
  duration_ms: 201.702236
  type: 'test'
  ...
# Subtest: W518 detects local drift before journaling and changes no record
ok 23 - W518 detects local drift before journaling and changes no record
  ---
  duration_ms: 137.315783
  type: 'test'
  ...
# Subtest: W518 returns no partial success and restores every selected pre-write value after an injected data-write failure
ok 24 - W518 returns no partial success and restores every selected pre-write value after an injected data-write failure
  ---
  duration_ms: 192.10185
  type: 'test'
  ...
# Subtest: W518 fails closed before writes when journal persistence cannot start
ok 25 - W518 fails closed before writes when journal persistence cannot start
  ---
  duration_ms: 201.11201
  type: 'test'
  ...
# Subtest: W518 crash recovery rolls a pending encrypted journal back exactly and preserves it on a wrong passphrase
ok 26 - W518 crash recovery rolls a pending encrypted journal back exactly and preserves it on a wrong passphrase
  ---
  duration_ms: 190.801585
  type: 'test'
  ...
# Subtest: W518 treats legacy Vault snapshots as inspect-only inputs and records their source only after atomic selection
ok 27 - W518 treats legacy Vault snapshots as inspect-only inputs and records their source only after atomic selection
  ---
  duration_ms: 65.069345
  type: 'test'
  ...
# Subtest: W519 inventory is complete and current source cannot reach quarantined transport/control code
ok 28 - W519 inventory is complete and current source cannot reach quarantined transport/control code
  ---
  duration_ms: 325.378284
  type: 'test'
  ...
# Subtest: W519 allows only the explicit loopback-bridge Live Voice WebRTC boundary
ok 29 - W519 allows only the explicit loopback-bridge Live Voice WebRTC boundary
  ---
  duration_ms: 0.318166
  type: 'test'
  ...
# Subtest: W519 rejects a deliberate active import of the physical archive boundary
ok 30 - W519 rejects a deliberate active import of the physical archive boundary
  ---
  duration_ms: 298.995618
  type: 'test'
  ...
# Subtest: W519 rejects a deliberate built-output marker even when source paths are clean
ok 31 - W519 rejects a deliberate built-output marker even when source paths are clean
  ---
  duration_ms: 292.101463
  type: 'test'
  ...
# Subtest: W520 core seams reduce all four orchestrators and add no boundary cycle
ok 32 - W520 core seams reduce all four orchestrators and add no boundary cycle # SKIP
  ---
  duration_ms: 0.5508
  type: 'test'
  ...
# Subtest: W520 provider catalog remains metadata-only and preserves Guide fallback
ok 33 - W520 provider catalog remains metadata-only and preserves Guide fallback
  ---
  duration_ms: 0.1374
  type: 'test'
  ...
# Subtest: W520 shell contract preserves canonical routes and keyboard-native navigation markup
ok 34 - W520 shell contract preserves canonical routes and keyboard-native navigation markup # SKIP
  ---
  duration_ms: 0.067742
  type: 'test'
  ...
# Subtest: W520 chat session state remains browser-local and has a bounded guide/recovery timeline
ok 35 - W520 chat session state remains browser-local and has a bounded guide/recovery timeline
  ---
  duration_ms: 0.812349
  type: 'test'
  ...
# Subtest: W520 profile browser/recovery contract retains local-only normalization and safe caps
ok 36 - W520 profile browser/recovery contract retains local-only normalization and safe caps
  ---
  duration_ms: 1.715591
  type: 'test'
  ...
# Subtest: W521 lifecycle rejects a stale boot and disposes owned runtime resources exactly once
ok 37 - W521 lifecycle rejects a stale boot and disposes owned runtime resources exactly once
  ---
  duration_ms: 1.055653
  type: 'test'
  ...
# Subtest: W521 context loss invalidates the current boot and fails closed before later work can attach
ok 38 - W521 context loss invalidates the current boot and fails closed before later work can attach
  ---
  duration_ms: 0.795623
  type: 'test'
  ...
# Subtest: W521 source gate binds lifecycle cleanup, local performance observation and the retired-renderer fence
ok 39 - W521 source gate binds lifecycle cleanup, local performance observation and the retired-renderer fence
  ---
  duration_ms: 86.952963
  type: 'test'
  ...
# Subtest: W521 rejects a deliberate active import of the retired renderer and a built-output marker
ok 40 - W521 rejects a deliberate active import of the retired renderer and a built-output marker
  ---
  duration_ms: 163.09209
  type: 'test'
  ...
# Subtest: W551 captures a bounded immutable exploration pose before a menu focus transition
ok 41 - W551 captures a bounded immutable exploration pose before a menu focus transition
  ---
  duration_ms: 1.1104
  type: 'test'
  ...
# Subtest: W551 rejects incomplete poses and clamps only unsafe numeric extremes
ok 42 - W551 rejects incomplete poses and clamps only unsafe numeric extremes
  ---
  duration_ms: 0.153612
  type: 'test'
  ...
# Subtest: W649B normalizes every access mode to authenticated play and fails closed without a signed-in identity
ok 43 - W649B normalizes every access mode to authenticated play and fails closed without a signed-in identity
  ---
  duration_ms: 0.718747
  type: 'test'
  ...
# Subtest: W554 City access endpoint exposes safe state only and fails closed when identity is unavailable
ok 44 - W554 City access endpoint exposes safe state only and fails closed when identity is unavailable
  ---
  duration_ms: 17.18486
  type: 'test'
  ...
# Subtest: W554 links a real local Project to a private City portal without leaking project content into the render plan
ok 45 - W554 links a real local Project to a private City portal without leaking project content into the render plan
  ---
  duration_ms: 3.960791
  type: 'test'
  ...
# Subtest: W554B private City asset middleware fails closed without identity configuration or a safe method
ok 46 - W554B private City asset middleware fails closed without identity configuration or a safe method
  ---
  duration_ms: 0.992773
  type: 'test'
  ...
# Subtest: W554B private City asset middleware allows only an existing identity session and isolates the response cache
ok 47 - W554B private City asset middleware allows only an existing identity session and isolates the response cache
  ---
  duration_ms: 8.650613
  type: 'test'
  ...
# Subtest: W554C locks client-first static asset delivery and forbids Pages Function byte relays
ok 48 - W554C locks client-first static asset delivery and forbids Pages Function byte relays
  ---
  duration_ms: 0.738017
  type: 'test'
  ...
# Subtest: W554C stage progress cannot regress and only reports ready after a first frame
ok 49 - W554C stage progress cannot regress and only reports ready after a first frame
  ---
  duration_ms: 0.524984
  type: 'test'
  ...
# Subtest: W554C uses byte progress only when an approved direct static asset has real totals
ok 50 - W554C uses byte progress only when an approved direct static asset has real totals
  ---
  duration_ms: 0.390952
  type: 'test'
  ...
# Subtest: W554C direct asset fetch sends a same-origin static request and reports actual bytes
ok 51 - W554C direct asset fetch sends a same-origin static request and reports actual bytes
  ---
  duration_ms: 15.780751
  type: 'test'
  ...
# Subtest: W554C loading markup communicates direct delivery without false asset or user-data claims
ok 52 - W554C loading markup communicates direct delivery without false asset or user-data claims
  ---
  duration_ms: 0.407742
  type: 'test'
  ...
# Subtest: W554C extends the City access decision with client-first delivery truth
ok 53 - W554C extends the City access decision with client-first delivery truth
  ---
  duration_ms: 0.154068
  type: 'test'
  ...
# Subtest: W555A makes a small local text request coexist with City through a reversible protection signal
ok 54 - W555A makes a small local text request coexist with City through a reversible protection signal
  ---
  duration_ms: 2.692421
  type: 'test'
  ...
# Subtest: W555A refuses to silently begin a heavy local media task over City
ok 55 - W555A refuses to silently begin a heavy local media task over City
  ---
  duration_ms: 0.456
  type: 'test'
  ...
# Subtest: W555A keeps background agents deferred under observed critical pressure instead of hiding the condition
ok 56 - W555A keeps background agents deferred under observed critical pressure instead of hiding the condition
  ---
  duration_ms: 0.413895
  type: 'test'
  ...
# Subtest: W555A provider classification is declarative and the governor truth boundary is explicit
ok 57 - W555A provider classification is declarative and the governor truth boundary is explicit
  ---
  duration_ms: 0.215577
  type: 'test'
  ...
# Subtest: W555A keeps light audio playback cooperative while treating offline exports as heavy media work
ok 58 - W555A keeps light audio playback cooperative while treating offline exports as heavy media work
  ---
  duration_ms: 0.263547
  type: 'test'
  ...
# Subtest: W555B resolves deterministic static collision volumes without a physics or network dependency
ok 59 - W555B resolves deterministic static collision volumes without a physics or network dependency
  ---
  duration_ms: 1.49898
  type: 'test'
  ...
# Subtest: W555B clamps controller movement to a safe City world boundary
ok 60 - W555B clamps controller movement to a safe City world boundary
  ---
  duration_ms: 0.157318
  type: 'test'
  ...
# Subtest: W555B pointer look only requests lock after a caller invokes it and releases safely
ok 61 - W555B pointer look only requests lock after a caller invokes it and releases safely
  ---
  duration_ms: 0.431994
  type: 'test'
  ...
# Subtest: W555B collision volumes are normalized, bounded, and static-only
ok 62 - W555B collision volumes are normalized, bounded, and static-only
  ---
  duration_ms: 0.292662
  type: 'test'
  ...
# Subtest: W555B keeps third-person intent in an exact pose return without claiming browser pointer-lock restoration
ok 63 - W555B keeps third-person intent in an exact pose return without claiming browser pointer-lock restoration
  ---
  duration_ms: 0.272188
  type: 'test'
  ...
# Subtest: W556 defines exactly four bounded landmark actions with review-first Quick Open
ok 64 - W556 defines exactly four bounded landmark actions with review-first Quick Open
  ---
  duration_ms: 1.152526
  type: 'test'
  ...
# Subtest: W556 normalizes a local landmark focus without private content or automatic navigation claims
ok 65 - W556 normalizes a local landmark focus without private content or automatic navigation claims
  ---
  duration_ms: 0.356805
  type: 'test'
  ...
# Subtest: W556 focus state safely replaces hover with keyboard/controller selection and clears without persistence
ok 66 - W556 focus state safely replaces hover with keyboard/controller selection and clears without persistence
  ---
  duration_ms: 0.83948
  type: 'test'
  ...
# Subtest: W557 pauses a same-tab Workroom, restores the exact City pose, and never restores pointer lock
ok 67 - W557 pauses a same-tab Workroom, restores the exact City pose, and never restores pointer lock
  ---
  duration_ms: 1.65976
  type: 'test'
  ...
# Subtest: W557 respects an already-paused City instead of resuming it unexpectedly
ok 68 - W557 respects an already-paused City instead of resuming it unexpectedly
  ---
  duration_ms: 0.239294
  type: 'test'
  ...
# Subtest: W557 keeps the City membership map planning-only, useful, and free from browser entitlement claims
ok 69 - W557 keeps the City membership map planning-only, useful, and free from browser entitlement claims
  ---
  duration_ms: 0.307888
  type: 'test'
  ...
# Subtest: W557 keeps Google identity separate from email, push and social-message consent
ok 70 - W557 keeps Google identity separate from email, push and social-message consent
  ---
  duration_ms: 0.210425
  type: 'test'
  ...
# Subtest: W558 requires an explicit action and separate City-safe approval for every mission card
ok 71 - W558 requires an explicit action and separate City-safe approval for every mission card
  ---
  duration_ms: 2.893581
  type: 'test'
  ...
# Subtest: W558 projects only reviewed labels and coarse state into a deterministic City render plan
ok 72 - W558 projects only reviewed labels and coarse state into a deterministic City render plan
  ---
  duration_ms: 2.328414
  type: 'test'
  ...
# Subtest: W558 keeps the local console state narrow, deduplicates reviewed cards, and requires confirmation to remove
ok 73 - W558 keeps the local console state narrow, deduplicates reviewed cards, and requires confirmation to remove
  ---
  duration_ms: 0.936692
  type: 'test'
  ...
# Subtest: W558 rejects sensitive labels before any local City render-plan change
ok 74 - W558 rejects sensitive labels before any local City render-plan change
  ---
  duration_ms: 0.229035
  type: 'test'
  ...
# Subtest: W559 exposes only static public landmark destinations and requires an explicit travel action
ok 75 - W559 exposes only static public landmark destinations and requires an explicit travel action
  ---
  duration_ms: 1.274028
  type: 'test'
  ...
# Subtest: W559 focuses a local landmark, persists only bounded continuity state, and resumes only after a second visible action
ok 76 - W559 focuses a local landmark, persists only bounded continuity state, and resumes only after a second visible action
  ---
  duration_ms: 1.439095
  type: 'test'
  ...
# Subtest: W559 rejects unknown state fields and constrains malformed poses before storage, export, or restore
ok 77 - W559 rejects unknown state fields and constrains malformed poses before storage, export, or restore
  ---
  duration_ms: 0.208015
  type: 'test'
  ...
# Subtest: W559 captures after a same-tab Workroom return and does not claim pointer-lock restoration
ok 78 - W559 captures after a same-tab Workroom return and does not claim pointer-lock restoration
  ---
  duration_ms: 0.672153
  type: 'test'
  ...
# Subtest: W559 encrypted portability and update-safe registration retain only the allowlisted resume record
ok 79 - W559 encrypted portability and update-safe registration retain only the allowlisted resume record
  ---
  duration_ms: 2.195949
  type: 'test'
  ...
# Subtest: W559 renders explicit local controls and only clears a saved pose after a user action
ok 80 - W559 renders explicit local controls and only clears a saved pose after a user action
  ---
  duration_ms: 0.500315
  type: 'test'
  ...
# Subtest: W559 resume source suppresses the first-run panel when a saved City view is present
ok 81 - W559 resume source suppresses the first-run panel when a saved City view is present
  ---
  duration_ms: 5.174482
  type: 'test'
  ...
# Subtest: W559 rejects absent/malformed resume data before any runtime restore
ok 82 - W559 rejects absent/malformed resume data before any runtime restore
  ---
  duration_ms: 0.502983
  type: 'test'
  ...
# {
#   "wave": "W560",
#   "status": "pass",
#   "checkCount": 27,
#   "requiredCount": 5,
#   "errors": []
# }
# Subtest: W560 projects only a current verified local receipt into a redacted City status card
ok 83 - W560 projects only a current verified local receipt into a redacted City status card
  ---
  duration_ms: 5.904501
  type: 'test'
  ...
# Subtest: W560 bridge starts empty, accepts only current receipt callbacks, and never persists or replays history
ok 84 - W560 bridge starts empty, accepts only current receipt callbacks, and never persists or replays history
  ---
  duration_ms: 0.966062
  type: 'test'
  ...
# Subtest: W560 source gate and truth remain fail-closed about routing, storage, provider execution, and private content
ok 85 - W560 source gate and truth remain fail-closed about routing, storage, provider execution, and private content
  ---
  duration_ms: 0.180027
  type: 'test'
  ...
# {
#   "wave": "W561",
#   "status": "pass",
#   "checkCount": 30,
#   "requiredCount": 5,
#   "errors": []
# }
# Subtest: W561 defines original visual-only EONBOT skins without a subscriber entitlement claim
ok 86 - W561 defines original visual-only EONBOT skins without a subscriber entitlement claim
  ---
  duration_ms: 1.145106
  type: 'test'
  ...
# Subtest: W561 Lite or reduced-motion companion stays local, captions-first, and non-autonomous
ok 87 - W561 Lite or reduced-motion companion stays local, captions-first, and non-autonomous
  ---
  duration_ms: 0.130702
  type: 'test'
  ...
# Subtest: W561 source gate and truth remain fail-closed about private data, voice, routing, storage, and subscriptions
ok 88 - W561 source gate and truth remain fail-closed about private data, voice, routing, storage, and subscriptions
  ---
  duration_ms: 0.156011
  type: 'test'
  ...
# Subtest: default signed share token verifies as compact self-contained eon2 without a central alias
ok 89 - default signed share token verifies as compact self-contained eon2 without a central alias
  ---
  duration_ms: 14.279357
  type: 'test'
  ...
# Subtest: tamper, expiry and unsafe destinations fail
ok 90 - tamper, expiry and unsafe destinations fail
  ---
  duration_ms: 6.324101
  type: 'test'
  ...
# Subtest: derived compact reshare creates a fresh self-contained public link while parent attribution remains local
ok 91 - derived compact reshare creates a fresh self-contained public link while parent attribution remains local
  ---
  duration_ms: 3.618848
  type: 'test'
  ...
# Subtest: legacy compatibility envelope remains explicit and preserves legacy public lineage only when requested
ok 92 - legacy compatibility envelope remains explicit and preserves legacy public lineage only when requested
  ---
  duration_ms: 2.517073
  type: 'test'
  ...
# Subtest: 100,000 random ids have no collision
ok 93 - 100,000 random ids have no collision
  ---
  duration_ms: 518.55408
  type: 'test'
  ...
# Subtest: deprecated short-code helper never creates a central alias; canonical token remains self-contained
ok 94 - deprecated short-code helper never creates a central alias; canonical token remains self-contained
  ---
  duration_ms: 4.233545
  type: 'test'
  ...
# Subtest: durable compact links use zero expiry and optional explicit expiry still works
ok 95 - durable compact links use zero expiry and optional explicit expiry still works
  ---
  duration_ms: 5.224897
  type: 'test'
  ...
# Subtest: compact eon3 Realm links verify stable realm identity and fresh share ids
ok 96 - compact eon3 Realm links verify stable realm identity and fresh share ids
  ---
  duration_ms: 3.45915
  type: 'test'
  ...
# Subtest: W649C bridges the content-hashed library into the compatible runtime manifest
ok 97 - W649C bridges the content-hashed library into the compatible runtime manifest
  ---
  duration_ms: 1.507455
  type: 'test'
  ...
# Subtest: W649C character, world, animation, and district manifests validate as one active set
ok 98 - W649C character, world, animation, and district manifests validate as one active set
  ---
  duration_ms: 0.760017
  type: 'test'
  ...
# Subtest: W649C every active logical asset has primary and decoder-free fallback variants
ok 99 - W649C every active logical asset has primary and decoder-free fallback variants
  ---
  duration_ms: 0.780026
  type: 'test'
  ...
# Subtest: W649C intake receipt accounts for 76 immutable binaries and keeps hold assets inactive
ok 100 - W649C intake receipt accounts for 76 immutable binaries and keeps hold assets inactive
  ---
  duration_ms: 0.327492
  type: 'test'
  ...
# Subtest: W649C every imported binary matches its recorded byte count and SHA-256
ok 101 - W649C every imported binary matches its recorded byte count and SHA-256
  ---
  duration_ms: 95.636519
  type: 'test'
  ...
# Subtest: W649C district residency is lazy and references only known active assets
ok 102 - W649C district residency is lazy and references only known active assets
  ---
  duration_ms: 0.308624
  type: 'test'
  ...
# Subtest: W649B exposes exactly one authenticated City mode and rejects preview aliases
ok 103 - W649B exposes exactly one authenticated City mode and rejects preview aliases
  ---
  duration_ms: 1.049405
  type: 'test'
  ...
# Subtest: W649B authorizes heavy boot only for an available signed-in identity
ok 104 - W649B authorizes heavy boot only for an available signed-in identity
  ---
  duration_ms: 0.223021
  type: 'test'
  ...
# Subtest: W649B access payload normalization cannot re-enable public preview
ok 105 - W649B access payload normalization cannot re-enable public preview
  ---
  duration_ms: 0.178506
  type: 'test'
  ...
# Subtest: W652 signed-out Google CTA cannot be replaced by an unsafe payload URL
ok 106 - W652 signed-out Google CTA cannot be replaced by an unsafe payload URL
  ---
  duration_ms: 0.104081
  type: 'test'
  ...
# Subtest: W659L device preflight chooses a truthful automatic quality profile
ok 107 - W659L device preflight chooses a truthful automatic quality profile
  ---
  duration_ms: 0.948272
  type: 'test'
  ...
# Subtest: W649B signed-out station renders the static portal and never imports the heavy runtime
ok 108 - W649B signed-out station renders the static portal and never imports the heavy runtime
  ---
  duration_ms: 17.612474
  type: 'test'
  ...
# Subtest: W659L authorized station automatically mounts one Babylon core and shows no manual entry gate
ok 109 - W659L authorized station automatically mounts one Babylon core and shows no manual entry gate
  ---
  duration_ms: 2.906591
  type: 'test'
  ...
# Subtest: W659L source auto-enters the proven Babylon core and restores W649 visuals progressively
ok 110 - W659L source auto-enters the proven Babylon core and restores W649 visuals progressively
  ---
  duration_ms: 0.671707
  type: 'test'
  ...
# Subtest: W659K coalesces repeated Enter actions into one Babylon core mount
ok 111 - W659K coalesces repeated Enter actions into one Babylon core mount
  ---
  duration_ms: 1.341915
  type: 'test'
  ...
# [W661E_PROGRESSIVE_NEXUS_BRIDGE_DEFERRED] TypeError: root.addEventListener is not a function
#     at Module.mountEonCityProgressiveNexusBridge (file:///mnt/data/eonapp_w720_work/EONAPP_W719_21_LIVE_SOURCE_cc3e698a/assets/js/city/eon-city-progressive-nexus-bridge.js:190:8)
#     at file:///mnt/data/eonapp_w720_work/EONAPP_W719_21_LIVE_SOURCE_cc3e698a/assets/js/city/eon-city-input-contract.js:115:68
# [W661E_PROGRESSIVE_NEXUS_BRIDGE_DEFERRED] TypeError: root.addEventListener is not a function
#     at Module.mountEonCityProgressiveNexusBridge (file:///mnt/data/eonapp_w720_work/EONAPP_W719_21_LIVE_SOURCE_cc3e698a/assets/js/city/eon-city-progressive-nexus-bridge.js:190:8)
#     at file:///mnt/data/eonapp_w720_work/EONAPP_W719_21_LIVE_SOURCE_cc3e698a/assets/js/city/eon-city-input-contract.js:115:68
# Subtest: W649I production sync emits the immutable City library and local decoder
ok 112 - W649I production sync emits the immutable City library and local decoder
  ---
  duration_ms: 0.894043
  type: 'test'
  ...
# Subtest: W649I build smoke verifies all 76 emitted binaries byte-for-byte and enforces the Pages size ceiling
ok 113 - W649I build smoke verifies all 76 emitted binaries byte-for-byte and enforces the Pages size ceiling
  ---
  duration_ms: 0.213522
  type: 'test'
  ...
# Subtest: W649I distribution minification preserves reviewed vendor decoder bytes
ok 114 - W649I distribution minification preserves reviewed vendor decoder bytes
  ---
  duration_ms: 0.214406
  type: 'test'
  ...
# Subtest: W649H exposes bounded Lite, Balanced, and Cinematic residency profiles
ok 115 - W649H exposes bounded Lite, Balanced, and Cinematic residency profiles
  ---
  duration_ms: 1.032527
  type: 'test'
  ...
# Subtest: W649H reduced motion preserves detail while reduced data resolves to Lite
ok 116 - W649H reduced motion preserves detail while reduced data resolves to Lite
  ---
  duration_ms: 0.201541
  type: 'test'
  ...
# Subtest: W649J preview bridge is absent unless preview evidence mode explicitly enables it
ok 117 - W649J preview bridge is absent unless preview evidence mode explicitly enables it
  ---
  duration_ms: 0.581911
  type: 'test'
  ...
# Subtest: W649J preview bridge exposes only read/evidence controls and no route execution
ok 118 - W649J preview bridge exposes only read/evidence controls and no route execution
  ---
  duration_ms: 0.989281
  type: 'test'
  ...
# Subtest: W649J preview bridge reports a not-ready runtime without fabricating evidence
ok 119 - W649J preview bridge reports a not-ready runtime without fabricating evidence
  ---
  duration_ms: 0.19494
  type: 'test'
  ...
# Subtest: W650 accepts only content-hashed W649 assets as release-stable cache entries
ok 120 - W650 accepts only content-hashed W649 assets as release-stable cache entries
  ---
  duration_ms: 0.958576
  type: 'test'
  ...
# Subtest: W650 cache inspection requests persistence only locally and reports reusable saved assets
ok 121 - W650 cache inspection requests persistence only locally and reports reusable saved assets
  ---
  duration_ms: 0.60519
  type: 'test'
  ...
# Subtest: W650 persistence denial never blocks City or creates a false guarantee
ok 122 - W650 persistence denial never blocks City or creates a false guarantee
  ---
  duration_ms: 0.225955
  type: 'test'
  ...
# Subtest: W650 checks the City asset cache only after authenticated access succeeds
ok 123 - W650 checks the City asset cache only after authenticated access succeeds
  ---
  duration_ms: 20.430636
  type: 'test'
  ...
# Subtest: W650 Cloudflare and service-worker policy preserve unchanged GLBs while app code revalidates
ok 124 - W650 Cloudflare and service-worker policy preserve unchanged GLBs while app code revalidates
  ---
  duration_ms: 0.782157
  type: 'test'
  ...
# Subtest: W650 loading shield waits for both the renderer frame and premium starter assets
ok 125 - W650 loading shield waits for both the renderer frame and premium starter assets
  ---
  duration_ms: 3.302517
  type: 'test'
  ...
# Subtest: W651 preserves authored GLB materials while applying bounded EON Noir scene-fit settings
ok 126 - W651 preserves authored GLB materials while applying bounded EON Noir scene-fit settings
  ---
  duration_ms: 0.849597
  type: 'test'
  ...
# Subtest: W651 permits exactly the explicit cinematic shadow owner and releases it on disposal
ok 127 - W651 permits exactly the explicit cinematic shadow owner and releases it on disposal
  ---
  duration_ms: 0.865842
  type: 'test'
  ...
# Subtest: W651 district visuals receive cinematic shadows without becoming dynamic casters
ok 128 - W651 district visuals receive cinematic shadows without becoming dynamic casters
  ---
  duration_ms: 0.200537
  type: 'test'
  ...
# Subtest: W651 classic procedural renderer and premium bridge share one bounded art direction
ok 129 - W651 classic procedural renderer and premium bridge share one bounded art direction
  ---
  duration_ms: 1.968875
  type: 'test'
  ...
# {
#   "ok": true,
#   "report": "reports/w652/W652_ENTRY_FIRST_IMPRESSION_AUDIT_2026-07-14.json",
#   "localCriteriaScore": 100,
#   "executivePrevisualScore": 96
# }
# Subtest: W652 entry promise leads with value while preserving authenticated-only truth
ok 130 - W652 entry promise leads with value while preserving authenticated-only truth
  ---
  duration_ms: 1.227153
  type: 'test'
  ...
# Subtest: W652 signed-out view renders value, identity action and zero heavy imports
ok 131 - W652 signed-out view renders value, identity action and zero heavy imports
  ---
  duration_ms: 16.853466
  type: 'test'
  ...
# Subtest: W652 objective source audit clears the previsual 9.5 target
ok 132 - W652 objective source audit clears the previsual 9.5 target
  ---
  duration_ms: 1.118685
  type: 'test'
  ...
# {
#   "ok": true,
#   "report": "reports/w653/W653_CONTROL_WORKSPACE_AUDIT_2026-07-14.json",
#   "localCriteriaScore": 100,
#   "executivePrevisualScore": 96,
#   "screenCounts": {
#     "total": 11,
#     "primary": 7,
#     "systems": 4,
#     "nativeRoutes": 10
#   }
# }
# Subtest: W653 Command Room is a seven-plus-four all-in-one EONAPP control workspace
ok 133 - W653 Command Room is a seven-plus-four all-in-one EONAPP control workspace
  ---
  duration_ms: 1.643524
  type: 'test'
  ...
# Subtest: W653 native destinations require review while EONBOT remains inside City
ok 134 - W653 native destinations require review while EONBOT remains inside City
  ---
  duration_ms: 0.142607
  type: 'test'
  ...
# Subtest: W653 markup separates work, systems and optional 3D exploration
ok 135 - W653 markup separates work, systems and optional 3D exploration
  ---
  duration_ms: 0.716703
  type: 'test'
  ...
# Subtest: W653 Command Room keyboard shortcuts are lifecycle-owned across City restarts
ok 136 - W653 Command Room keyboard shortcuts are lifecycle-owned across City restarts
  ---
  duration_ms: 1.910829
  type: 'test'
  ...
# Subtest: W653 objective control-workspace audit clears the previsual 9.5 target
ok 137 - W653 objective control-workspace audit clears the previsual 9.5 target
  ---
  duration_ms: 3.429029
  type: 'test'
  ...
# {
#   "ok": true,
#   "report": "reports/w652/W652_ENTRY_FIRST_IMPRESSION_AUDIT_2026-07-14.json",
#   "localCriteriaScore": 100,
#   "executivePrevisualScore": 96
# }
# {
#   "ok": true,
#   "report": "reports/w653/W653_CONTROL_WORKSPACE_AUDIT_2026-07-14.json",
#   "localCriteriaScore": 100,
#   "executivePrevisualScore": 96,
#   "screenCounts": {
#     "total": 11,
#     "primary": 7,
#     "systems": 4,
#     "nativeRoutes": 10
#   }
# }
# {
#   "ok": true,
#   "report": "reports/w654/W654_TECHNICAL_UPDATE_RED_TEAM_AUDIT_2026-07-14.json",
#   "localCriteriaScore": 100,
#   "executivePrevisualScore": 97,
#   "metrics": {
#     "logicalAssets": 38,
#     "binaries": 76,
#     "activeAssets": 33,
#     "starterPrimaryBytes": 8868324,
#     "starterPrimaryMiB": 8.46,
#     "activePrimaryBytes": 23482756,
#     "activePrimaryMiB": 22.39,
#     "maxResidentDistricts": 2,
#     "liteMaxResidentDistricts": 1,
#     "managedCacheEntryLimit": 192
#   },
#   "updateAnswer": "No full redownload after a normal app update. Unchanged hashed assets retain the same URL and are reused; changed model bytes produce a new URL and download on demand. Browser eviction or cleared site data can require another download."
# }
# {
#   "ok": true,
#   "report": "reports/w654/W654_GRAND_CEO_AUDIT_RECEIPT_2026-07-14.json",
#   "weightedPrevisualReadiness": 96.33,
#   "visualCertificationPending": true,
#   "productionBlocked": true
# }
# Subtest: W654 grand CEO audit clears 9.5 source readiness while reserving visual certification
ok 138 - W654 grand CEO audit clears 9.5 source readiness while reserving visual certification
  ---
  duration_ms: 7.994053
  type: 'test'
  ...
# {
#   "ok": true,
#   "report": "reports/w654/W654_TECHNICAL_UPDATE_RED_TEAM_AUDIT_2026-07-14.json",
#   "localCriteriaScore": 100,
#   "executivePrevisualScore": 97,
#   "metrics": {
#     "logicalAssets": 38,
#     "binaries": 76,
#     "activeAssets": 33,
#     "starterPrimaryBytes": 8868324,
#     "starterPrimaryMiB": 8.46,
#     "activePrimaryBytes": 23482756,
#     "activePrimaryMiB": 22.39,
#     "maxResidentDistricts": 2,
#     "liteMaxResidentDistricts": 1,
#     "managedCacheEntryLimit": 192
#   },
#   "updateAnswer": "No full redownload after a normal app update. Unchanged hashed assets retain the same URL and are reused; changed model bytes produce a new URL and download on demand. Browser eviction or cleared site data can require another download."
# }
# Subtest: W654 proves normal app updates do not force a complete City asset redownload
ok 139 - W654 proves normal app updates do not force a complete City asset redownload
  ---
  duration_ms: 4.592981
  type: 'test'
  ...
# Subtest: W654 technical red-team audit clears the previsual 9.5 target
ok 140 - W654 technical red-team audit clears the previsual 9.5 target
  ---
  duration_ms: 4.542136
  type: 'test'
  ...
# Subtest: W655 district experience covers all eight resident districts and real EONAPP work surfaces
ok 141 - W655 district experience covers all eight resident districts and real EONAPP work surfaces
  ---
  duration_ms: 0.740049
  type: 'test'
  ...
# Subtest: W655 keyboard, touch and controller intents share the same non-inverted screen-relative convention in all cardinal camera headings
ok 142 - W655 keyboard, touch and controller intents share the same non-inverted screen-relative convention in all cardinal camera headings
  ---
  duration_ms: 0.636493
  type: 'test'
  ...
# Subtest: W655 live Babylon source keeps keyboard, touch and controller mappings aligned and review-only
ok 143 - W655 live Babylon source keeps keyboard, touch and controller mappings aligned and review-only
  ---
  duration_ms: 1.830746
  type: 'test'
  ...
# Subtest: W655 City density uses plentiful low-cost street furniture without preloading high-poly districts
ok 144 - W655 City density uses plentiful low-cost street furniture without preloading high-poly districts
  ---
  duration_ms: 1.537828
  type: 'test'
  ...
# Subtest: W655 keeps the superseded pre-Realm action-order test as an exact non-certifying archive
ok 145 - W655 keeps the superseded pre-Realm action-order test as an exact non-certifying archive
  ---
  duration_ms: 0.231254
  type: 'test'
  ...
# Subtest: W659F manifest is a six-anchor content-hashed authority
ok 146 - W659F manifest is a six-anchor content-hashed authority
  ---
  duration_ms: 1.53527
  type: 'test'
  ...
# Subtest: every shipped W659F GLB matches declared bytes and SHA-256
ok 147 - every shipped W659F GLB matches declared bytes and SHA-256
  ---
  duration_ms: 23.384876
  type: 'test'
  ...
# Subtest: current progressive Productive City layer owns the W659F six-anchor manifest directly
ok 148 - current progressive Productive City layer owns the W659F six-anchor manifest directly
  ---
  duration_ms: 1.931759
  type: 'test'
  ...
# Subtest: first rendered frame becomes playable without waiting for optional authored assets
ok 149 - first rendered frame becomes playable without waiting for optional authored assets
  ---
  duration_ms: 0.335573
  type: 'test'
  ...
# Subtest: collision registry keeps fixed volumes while resident assets come and go
ok 150 - collision registry keeps fixed volumes while resident assets come and go
  ---
  duration_ms: 0.655078
  type: 'test'
  ...
# Subtest: EONBOT dock and explore states require an explicit user action
ok 151 - EONBOT dock and explore states require an explicit user action
  ---
  duration_ms: 0.274878
  type: 'test'
  ...
# Subtest: district travel has separate review and confirmation gates plus a truthful receipt
ok 152 - district travel has separate review and confirmation gates plus a truthful receipt
  ---
  duration_ms: 0.910052
  type: 'test'
  ...
# Subtest: Agent Theatre normalizes unknown or invented states instead of fabricating progress
ok 153 - Agent Theatre normalizes unknown or invented states instead of fabricating progress
  ---
  duration_ms: 0.306065
  type: 'test'
  ...
# Subtest: functional district actions connect the new models to real panels and routes
ok 154 - functional district actions connect the new models to real panels and routes
  ---
  duration_ms: 0.398469
  type: 'test'
  ...
# Subtest: all fourteen effective character assets have canonical local review-first roles
ok 155 - all fourteen effective character assets have canonical local review-first roles
  ---
  duration_ms: 0.610896
  type: 'test'
  ...
# Subtest: active source wires W659F after the proven first frame without reviving the legacy owner
ok 156 - active source wires W659F after the proven first frame without reviving the legacy owner
  ---
  duration_ms: 5.70142
  type: 'test'
  ...
# (node:31901) ExperimentalWarning: SQLite is an experimental feature and might change at any time
# (Use `node --trace-warnings ...` to show where the warning was created)
# Subtest: W659G verified Google session qualifies one signed referral and one Signal EONKEY
ok 157 - W659G verified Google session qualifies one signed referral and one Signal EONKEY
  ---
  duration_ms: 24.565217
  type: 'test'
  ...
# Subtest: W659G Google-signin path retains self-referral and signed-token controls
ok 158 - W659G Google-signin path retains self-referral and signed-token controls
  ---
  duration_ms: 8.426881
  type: 'test'
  ...
# Subtest: W659G verified actions award local XP and deterministic Vault Reveals without EONKEY grants
ok 159 - W659G verified actions award local XP and deterministic Vault Reveals without EONKEY grants
  ---
  duration_ms: 2.136551
  type: 'test'
  ...
# Subtest: W659G refuses unverified reward claims and enforces daily caps
ok 160 - W659G refuses unverified reward claims and enforces daily caps
  ---
  duration_ms: 0.356726
  type: 'test'
  ...
# Subtest: all six optimized Meshy anchors have real review-first Productive City functions
ok 161 - all six optimized Meshy anchors have real review-first Productive City functions
  ---
  duration_ms: 0.361435
  type: 'test'
  ...
# Subtest: NPC operator registry gives every named operator a bounded real function
ok 162 - NPC operator registry gives every named operator a bounded real function
  ---
  duration_ms: 0.680614
  type: 'test'
  ...
# Subtest: Creator Capture capability remains explicit, local and non-uploading
ok 163 - Creator Capture capability remains explicit, local and non-uploading
  ---
  duration_ms: 0.200785
  type: 'test'
  ...
# Subtest: Live Voice readiness requires WebRTC, paired bridge, selected OpenAI and a user key
ok 164 - Live Voice readiness requires WebRTC, paired bridge, selected OpenAI and a user key
  ---
  duration_ms: 0.291597
  type: 'test'
  ...
# Subtest: City checkout uses only a trusted Dodo URL and safe EONCITY return paths
ok 165 - City checkout uses only a trusted Dodo URL and safe EONCITY return paths
  ---
  duration_ms: 0.462765
  type: 'test'
  ...
# Subtest: source integration keeps three voice modes, fixed bridge relay and Productive City panels
ok 166 - source integration keeps three voice modes, fixed bridge relay and Productive City panels
  ---
  duration_ms: 1.762374
  type: 'test'
  ...
# Subtest: W659H keeps independent first-frame, core-art and Orientation settlement deadlines
ok 167 - W659H keeps independent first-frame, core-art and Orientation settlement deadlines
  ---
  duration_ms: 0.893998
  type: 'test'
  ...
# Subtest: W659H overlay coordinator is bound by W659N and covers all Productive City panels
ok 168 - W659H overlay coordinator is bound by W659N and covers all Productive City panels
  ---
  duration_ms: 4.539439
  type: 'test'
  ...
# Subtest: overlay manager keeps deterministic top order and Escape semantics
ok 169 - overlay manager keeps deterministic top order and Escape semantics
  ---
  duration_ms: 0.28537
  type: 'test'
  ...
# Subtest: all six optimized functional anchors remain present with review-first actions
ok 170 - all six optimized functional anchors remain present with review-first actions
  ---
  duration_ms: 0.65734
  type: 'test'
  ...
# Subtest: W659H final architecture preserves one Babylon owner and progressive optional layers
ok 171 - W659H final architecture preserves one Babylon owner and progressive optional layers
  ---
  duration_ms: 3.046419
  type: 'test'
  ...
# Subtest: W659N P0 canonicalizes realm-relay to trade-dome before travel and receipts
ok 172 - W659N P0 canonicalizes realm-relay to trade-dome before travel and receipts
  ---
  duration_ms: 1.868389
  type: 'test'
  ...
# Subtest: W659N P0 uses one canonical NPC registry with exact assets, points, radii and pairings
ok 173 - W659N P0 uses one canonical NPC registry with exact assets, points, radii and pairings
  ---
  duration_ms: 0.379884
  type: 'test'
  ...
# Subtest: W659N P0 resolves operator actions only for the exact resident asset, paired object and radius
ok 174 - W659N P0 resolves operator actions only for the exact resident asset, paired object and radius
  ---
  duration_ms: 0.351417
  type: 'test'
  ...
# Subtest: W659N P0 repairs the four audited operator district mismatches
ok 175 - W659N P0 repairs the four audited operator district mismatches
  ---
  duration_ms: 0.180869
  type: 'test'
  ...
# Subtest: W659N P0 activates replacement exclusion before W659F runtime and removes district-only NPC activation
ok 176 - W659N P0 activates replacement exclusion before W659F runtime and removes district-only NPC activation
  ---
  duration_ms: 0.666876
  type: 'test'
  ...
# Subtest: W659N source gate certifies the complete progressive Productive City
ok 177 - W659N source gate certifies the complete progressive Productive City
  ---
  duration_ms: 0.198365
  type: 'test'
  ...
# Subtest: Creator Capture capability is explicit and reports no EONAPP upload
ok 178 - Creator Capture capability is explicit and reports no EONAPP upload
  ---
  duration_ms: 0.188123
  type: 'test'
  ...
# Subtest: Creator Capture controller does not request media before an explicit start
ok 179 - Creator Capture controller does not request media before an explicit start
  ---
  duration_ms: 0.331033
  type: 'test'
  ...
# Subtest: membership status and checkout fail closed and never grant a local tier
ok 180 - membership status and checkout fail closed and never grant a local tier
  ---
  duration_ms: 0.501133
  type: 'test'
  ...
# Subtest: browser proof script covers every Productive City public surface without claiming physical permissions
ok 181 - browser proof script covers every Productive City public surface without claiming physical permissions
  ---
  duration_ms: 0.490198
  type: 'test'
  ...
# Subtest: W720 records the exact W719.21 source authority
ok 182 - W720 records the exact W719.21 source authority
  ---
  duration_ms: 0.519602
  type: 'test'
  ...
# Subtest: W721 approves a full-screen 2D command surface and preserves City 3D Nexus assets
ok 183 - W721 approves a full-screen 2D command surface and preserves City 3D Nexus assets
  ---
  duration_ms: 0.157897
  type: 'test'
  ...
# Subtest: W721 fixes the approved Hybrid Command Hub product model
ok 184 - W721 fixes the approved Hybrid Command Hub product model
  ---
  duration_ms: 1.10048
  type: 'test'
  ...
# Subtest: W721 preserves rejected launch assertions as non-certifying diagnostics
ok 185 - W721 preserves rejected launch assertions as non-certifying diagnostics
  ---
  duration_ms: 0.558011
  type: 'test'
  ...
# Subtest: W721 source gate protects the reset without network or deployment work
ok 186 - W721 source gate protects the reset without network or deployment work
  ---
  duration_ms: 0.168662
  type: 'test'
  ...
# Subtest: W722 ships three genuinely different non-blue/non-purple dark themes
ok 187 - W722 ships three genuinely different non-blue/non-purple dark themes
  ---
  duration_ms: 1.596017
  type: 'test'
  ...
# Subtest: W722 bootstrap migrates Neon Night safely before paint
ok 188 - W722 bootstrap migrates Neon Night safely before paint
  ---
  duration_ms: 0.221159
  type: 'test'
  ...
# Subtest: W722 applies one pre-paint theme authority across current launch documents
ok 189 - W722 applies one pre-paint theme authority across current launch documents
  ---
  duration_ms: 4.394703
  type: 'test'
  ...
# Subtest: W723 exposes the approved beginner-first sidebar and useful utilities
ok 190 - W723 exposes the approved beginner-first sidebar and useful utilities
  ---
  duration_ms: 1.095224
  type: 'test'
  ...
# Subtest: W723 removes Realm from main navigation and consolidates profile utilities
ok 191 - W723 removes Realm from main navigation and consolidates profile utilities
  ---
  duration_ms: 0.772866
  type: 'test'
  ...
# Subtest: W723 converges Support onto Help and places Billing in the app shell
ok 192 - W723 converges Support onto Help and places Billing in the app shell
  ---
  duration_ms: 0.378249
  type: 'test'
  ...
# Subtest: W724 provides four useful page-context primary commands
ok 193 - W724 provides four useful page-context primary commands
  ---
  duration_ms: 1.494913
  type: 'test'
  ...
# Subtest: W724 is a full-screen 2D surface, not a half-width Nexus panel
ok 194 - W724 is a full-screen 2D surface, not a half-width Nexus panel
  ---
  duration_ms: 1.025638
  type: 'test'
  ...
# Subtest: W724 preserves the City Nexus concept while retiring frontend Nexus auto-mount
ok 195 - W724 preserves the City Nexus concept while retiring frontend Nexus auto-mount
  ---
  duration_ms: 0.702614
  type: 'test'
  ...
# Subtest: W724 City context opens real 2D work routes
ok 196 - W724 City context opens real 2D work routes
  ---
  duration_ms: 0.253778
  type: 'test'
  ...
# Subtest: W724 rejects unsafe recent-item destinations and keeps valid local routes
ok 197 - W724 rejects unsafe recent-item destinations and keeps valid local routes
  ---
  duration_ms: 0.216062
  type: 'test'
  ...
# Subtest: W724 protects City controls and high-contrast users
ok 198 - W724 protects City controls and high-contrast users
  ---
  duration_ms: 0.22538
  type: 'test'
  ...
# Subtest: W724 returns to City without reloading and contains share failures
ok 199 - W724 returns to City without reloading and contains share failures
  ---
  duration_ms: 0.615174
  type: 'test'
  ...
1..199
# tests 199
# suites 0
# pass 197
# fail 0
# cancelled 0
# skipped 2
# todo 0
# duration_ms 6208.691542

[dependency-free] chunk 2/10 (40)
TAP version 13
# Subtest: W380 ships a compact reusable app shell and intentional app destinations
ok 1 - W380 ships a compact reusable app shell and intentional app destinations # SKIP
  ---
  duration_ms: 1.328092
  type: 'test'
  ...
# Subtest: W380 makes root the PWA and public chat entry while preserving truthful setup boundaries
ok 2 - W380 makes root the PWA and public chat entry while preserving truthful setup boundaries
  ---
  duration_ms: 1.368933
  type: 'test'
  ...
# Subtest: W380 makes root the canonical chat document and keeps the generated redirects synchronized
ok 3 - W380 makes root the canonical chat document and keeps the generated redirects synchronized # SKIP
  ---
  duration_ms: 0.085722
  type: 'test'
  ...
# Subtest: W199 now delegates legacy retirement to the W217 route contract
ok 4 - W199 now delegates legacy retirement to the W217 route contract # SKIP
  ---
  duration_ms: 1.340245
  type: 'test'
  ...
# Subtest: W199 primary pages have one active shell and route users away from legacy Cockpit/store wording
ok 5 - W199 primary pages have one active shell and route users away from legacy Cockpit/store wording
  ---
  duration_ms: 0.760127
  type: 'test'
  ...
# Subtest: W384 makes Apps a compact four-start hub without re-exposing legacy workspace categories
ok 6 - W384 makes Apps a compact four-start hub without re-exposing legacy workspace categories
  ---
  duration_ms: 1.002167
  type: 'test'
  ...
# Subtest: W385 gives Apps a real local EON Forge quick-build destination
ok 7 - W385 gives Apps a real local EON Forge quick-build destination
  ---
  duration_ms: 2.566051
  type: 'test'
  ...
# Subtest: W386 upgrades EON Forge into a local developer workspace while preserving local preview and manual deployment boundaries
ok 8 - W386 upgrades EON Forge into a local developer workspace while preserving local preview and manual deployment boundaries
  ---
  duration_ms: 1.701644
  type: 'test'
  ...
# Subtest: W386 keeps source checks and preview hardening deterministic without a browser connection
ok 9 - W386 keeps source checks and preview hardening deterministic without a browser connection
  ---
  duration_ms: 5.078058
  type: 'test'
  ...
# Subtest: W387 adds local-only assets, import review and receipts while preserving local assets, review and deployment boundaries
ok 10 - W387 adds local-only assets, import review and receipts while preserving local assets, review and deployment boundaries
  ---
  duration_ms: 1.971754
  type: 'test'
  ...
# Subtest: W387 keeps source assets local, detects missing assets, and creates source-free change receipts
ok 11 - W387 keeps source assets local, detects missing assets, and creates source-free change receipts
  ---
  duration_ms: 6.444483
  type: 'test'
  ...
# Subtest: W423/W554/W660 make EON City one identity-gated full Babylon route with same-route recovery
ok 12 - W423/W554/W660 make EON City one identity-gated full Babylon route with same-route recovery
  ---
  duration_ms: 1.44285
  type: 'test'
  ...
# Subtest: W423/W554/W660 keep the full local renderer deferred behind identity; recovery stays inside EON City
ok 13 - W423/W554/W660 keep the full local renderer deferred behind identity; recovery stays inside EON City
  ---
  duration_ms: 2.477366
  type: 'test'
  ...
# Subtest: W423/W554/W660 source gate is green without claiming edge, device or gameplay proof
ok 14 - W423/W554/W660 source gate is green without claiming edge, device or gameplay proof
  ---
  duration_ms: 4.418699
  type: 'test'
  ...
# Subtest: W522 converges current source controls without assigning a launch or device result
ok 15 - W522 converges current source controls without assigning a launch or device result
  ---
  duration_ms: 4.631513
  type: 'test'
  ...
# Subtest: W522 rejects stale route/recovery and blocked-capability reactivation fixtures
ok 16 - W522 rejects stale route/recovery and blocked-capability reactivation fixtures
  ---
  duration_ms: 0.205449
  type: 'test'
  ...
# Subtest: W522 rejects lifecycle and canonical coverage drift fixtures
ok 17 - W522 rejects lifecycle and canonical coverage drift fixtures
  ---
  duration_ms: 0.193166
  type: 'test'
  ...
# Subtest: W524 completes a user-reported checklist only into independent-review readiness
ok 18 - W524 completes a user-reported checklist only into independent-review readiness
  ---
  duration_ms: 2.491189
  type: 'test'
  ...
# Subtest: W524 retains no secret-like note or raw external evidence payload
ok 19 - W524 retains no secret-like note or raw external evidence payload
  ---
  duration_ms: 0.261035
  type: 'test'
  ...
# Subtest: W524 gate rejects missing evidence cases and preserves source-only truth
ok 20 - W524 gate rejects missing evidence cases and preserves source-only truth
  ---
  duration_ms: 2.628521
  type: 'test'
  ...
# Subtest: W524 portability handover gate keeps one current entrypoint, historical provenance and LF redirect mirrors
ok 21 - W524 portability handover gate keeps one current entrypoint, historical provenance and LF redirect mirrors # SKIP
  ---
  duration_ms: 0.497722
  type: 'test'
  ...
# Subtest: W524 portability handover gate rejects CRLF redirect mirrors
ok 22 - W524 portability handover gate rejects CRLF redirect mirrors
  ---
  duration_ms: 1.442374
  type: 'test'
  ...
# Subtest: W524 portability handover gate rejects out-of-sync redirect mirrors and missing gitattributes rules
ok 23 - W524 portability handover gate rejects out-of-sync redirect mirrors and missing gitattributes rules
  ---
  duration_ms: 1.767294
  type: 'test'
  ...
# Subtest: W524 portability handover gate rejects unretired old and unexpected new root entrypoints
ok 24 - W524 portability handover gate rejects unretired old and unexpected new root entrypoints
  ---
  duration_ms: 0.844535
  type: 'test'
  ...
# Subtest: W525 makes encrypted manual continuity explicit and refuses to imply automatic sync
ok 25 - W525 makes encrypted manual continuity explicit and refuses to imply automatic sync
  ---
  duration_ms: 1.394021
  type: 'test'
  ...
# Subtest: W525 treats manual storage handoff as unverified local activity, never a connected provider
ok 26 - W525 treats manual storage handoff as unverified local activity, never a connected provider
  ---
  duration_ms: 0.577202
  type: 'test'
  ...
# Subtest: W525 retires the dormant remote Vault publishing contract and aligns Vault and Profile copy
ok 27 - W525 retires the dormant remote Vault publishing contract and aligns Vault and Profile copy
  ---
  duration_ms: 0.855365
  type: 'test'
  ...
# Subtest: W525 keeps Vault Reveals as visual-only, non-sensitive planned progression
ok 28 - W525 keeps Vault Reveals as visual-only, non-sensitive planned progression
  ---
  duration_ms: 1.153415
  type: 'test'
  ...
# Subtest: W525A keeps ordinary Google Login separate from the future Drive backup consent
ok 29 - W525A keeps ordinary Google Login separate from the future Drive backup consent
  ---
  duration_ms: 0.826528
  type: 'test'
  ...
# Subtest: W525A retains Capsule transfer as the live path and Drive as a disabled snapshot foundation
ok 30 - W525A retains Capsule transfer as the live path and Drive as a disabled snapshot foundation
  ---
  duration_ms: 0.734835
  type: 'test'
  ...
# Subtest: W525A migrates local manual-storage activity without claiming a provider connection
ok 31 - W525A migrates local manual-storage activity without claiming a provider connection
  ---
  duration_ms: 0.513548
  type: 'test'
  ...
# Subtest: W525A separates recovery, Drive readiness, AI keys, and visual Reveals in Vault/Profile surfaces
ok 32 - W525A separates recovery, Drive readiness, AI keys, and visual Reveals in Vault/Profile surfaces
  ---
  duration_ms: 1.841161
  type: 'test'
  ...
# Subtest: W525A archives obsolete cloud-backup claims and exposes only local-source evidence
ok 33 - W525A archives obsolete cloud-backup claims and exposes only local-source evidence
  ---
  duration_ms: 0.963764
  type: 'test'
  ...
# Subtest: W525B has one cohesive Vault workspace without mixing recovery, AI keys and visual Reveals
ok 34 - W525B has one cohesive Vault workspace without mixing recovery, AI keys and visual Reveals
  ---
  duration_ms: 1.377277
  type: 'test'
  ...
# Subtest: W525B makes Profile a grouped preference center while retaining local-first account and recovery truth
ok 35 - W525B makes Profile a grouped preference center while retaining local-first account and recovery truth
  ---
  duration_ms: 0.382132
  type: 'test'
  ...
# Subtest: W525B only enables hover-open account utility on desktop fine pointers and keeps tap/focus paths intact
ok 36 - W525B only enables hover-open account utility on desktop fine pointers and keeps tap/focus paths intact
  ---
  duration_ms: 0.53815
  type: 'test'
  ...
# Subtest: W525B keeps the original Drive foundation separately consented while W536 may add a later explicit adapter
ok 37 - W525B keeps the original Drive foundation separately consented while W536 may add a later explicit adapter # SKIP
  ---
  duration_ms: 0.076297
  type: 'test'
  ...
# Subtest: W527 environment receipt reports only safe presence/configuration metadata and never prints a secret
ok 38 - W527 environment receipt reports only safe presence/configuration metadata and never prints a secret
  ---
  duration_ms: 2.221691
  type: 'test'
  ...
# Subtest: W527 accepts only URL-safe loopback endpoints and rejects LAN or credentialed URLs
ok 39 - W527 accepts only URL-safe loopback endpoints and rejects LAN or credentialed URLs
  ---
  duration_ms: 0.141124
  type: 'test'
  ...
# Subtest: W527 defaults to no loopback traffic and labels local apps not-detected without treating that as product failure
ok 40 - W527 defaults to no loopback traffic and labels local apps not-detected without treating that as product failure
  ---
  duration_ms: 0.836764
  type: 'test'
  ...
# Subtest: W527 loopback discovery uses GET-only model lists and records counts/digests rather than model names
ok 41 - W527 loopback discovery uses GET-only model lists and records counts/digests rather than model names
  ---
  duration_ms: 0.847841
  type: 'test'
  ...
# Subtest: W528 prepares source and emulated-browser coverage without starting a browser or claiming a device result
ok 42 - W528 prepares source and emulated-browser coverage without starting a browser or claiming a device result # SKIP
  ---
  duration_ms: 0.495613
  type: 'test'
  ...
# Subtest: W528 keeps the complete browser, viewport and recovery/update scenario matrix visible
ok 43 - W528 keeps the complete browser, viewport and recovery/update scenario matrix visible
  ---
  duration_ms: 1.60813
  type: 'test'
  ...
# Subtest: W528 source gate remains local-only and rejects runtime evidence inflation
ok 44 - W528 source gate remains local-only and rejects runtime evidence inflation # SKIP
  ---
  duration_ms: 0.085268
  type: 'test'
  ...
# Subtest: W529 defaults to a non-invasive pending Android emulator lane
ok 45 - W529 defaults to a non-invasive pending Android emulator lane
  ---
  duration_ms: 1.009461
  type: 'test'
  ...
# Subtest: W529 optional adb inspection only recognizes emulator descriptors and does not certify a test
ok 46 - W529 optional adb inspection only recognizes emulator descriptors and does not certify a test
  ---
  duration_ms: 0.462564
  type: 'test'
  ...
# Subtest: W529 source gate blocks install/control behavior and remains source-only
ok 47 - W529 source gate blocks install/control behavior and remains source-only
  ---
  duration_ms: 1.186043
  type: 'test'
  ...
# Subtest: W530 confirms identity-only Google Login and a separate future Drive consent contract from source only
ok 48 - W530 confirms identity-only Google Login and a separate future Drive consent contract from source only
  ---
  duration_ms: 2.291511
  type: 'test'
  ...
# Subtest: W530 never turns static source review into network header, session, or consent evidence
ok 49 - W530 never turns static source review into network header, session, or consent evidence
  ---
  duration_ms: 1.518202
  type: 'test'
  ...
# Subtest: W530 gate remains secret-safe and requires later controlled external evidence
ok 50 - W530 gate remains secret-safe and requires later controlled external evidence
  ---
  duration_ms: 0.941094
  type: 'test'
  ...
# Subtest: W533 describes a canonical cross-device move as an explicit user-held encrypted Capsule process
ok 51 - W533 describes a canonical cross-device move as an explicit user-held encrypted Capsule process
  ---
  duration_ms: 0.722857
  type: 'test'
  ...
# Subtest: W533 fails closed for EON.HUB because a Trust Hub is not a Capsule storage or restore origin
ok 52 - W533 fails closed for EON.HUB because a Trust Hub is not a Capsule storage or restore origin
  ---
  duration_ms: 0.200216
  type: 'test'
  ...
# Subtest: W533 treats a future HTTPS EONAPP address as review-required, never a cross-origin read
ok 53 - W533 treats a future HTTPS EONAPP address as review-required, never a cross-origin read
  ---
  duration_ms: 0.155869
  type: 'test'
  ...
# Subtest: W533 capsule UI and source gate retain the manual-transfer boundary
ok 54 - W533 capsule UI and source gate retain the manual-transfer boundary
  ---
  duration_ms: 1.123129
  type: 'test'
  ...
# Subtest: W534 gives maintainers one current entrypoint and labels legacy W524 material historical
ok 55 - W534 gives maintainers one current entrypoint and labels legacy W524 material historical
  ---
  duration_ms: 1.084424
  type: 'test'
  ...
# Subtest: W534 generated index is deterministic and preserves historical material without treating it as a release instruction
ok 56 - W534 generated index is deterministic and preserves historical material without treating it as a release instruction # SKIP
  ---
  duration_ms: 0.089636
  type: 'test'
  ...
# Subtest: W534 physically quarantines the obsolete P2P e2e diagnostic
ok 57 - W534 physically quarantines the obsolete P2P e2e diagnostic # SKIP
  ---
  duration_ms: 0.087602
  type: 'test'
  ...
# Subtest: W535 returns an evidence-bounded limited-preview board for a green local source candidate
ok 58 - W535 returns an evidence-bounded limited-preview board for a green local source candidate # SKIP
  ---
  duration_ms: 0.547761
  type: 'test'
  ...
# Subtest: W536 locks the Drive connector to explicit encrypted snapshots, not login reuse or sync
ok 59 - W536 locks the Drive connector to explicit encrypted snapshots, not login reuse or sync
  ---
  duration_ms: 1.051354
  type: 'test'
  ...
# Subtest: W536 public configuration endpoint exposes only a valid public client ID and never a secret
ok 60 - W536 public configuration endpoint exposes only a valid public client ID and never a secret
  ---
  duration_ms: 17.587693
  type: 'test'
  ...
# Subtest: W536 reads only safe public Drive configuration and rejects a malformed client identifier
ok 61 - W536 reads only safe public Drive configuration and rejects a malformed client identifier
  ---
  duration_ms: 0.87981
  type: 'test'
  ...
# Subtest: W536 requests a separate Drive token only after an explicit authorization action
ok 62 - W536 requests a separate Drive token only after an explicit authorization action
  ---
  duration_ms: 0.336169
  type: 'test'
  ...
# Subtest: W536 uploads only a caller-created encrypted Capsule with resumable Drive upload metadata
ok 63 - W536 uploads only a caller-created encrypted Capsule with resumable Drive upload metadata
  ---
  duration_ms: 1.089141
  type: 'test'
  ...
# Subtest: W536 lists, locally inspects, trashes, and revokes only explicit selected Drive snapshots
ok 64 - W536 lists, locally inspects, trashes, and revokes only explicit selected Drive snapshots
  ---
  duration_ms: 1.714368
  type: 'test'
  ...
# Subtest: W536 produces bounded neutral snapshot names without account or workspace values
ok 65 - W536 produces bounded neutral snapshot names without account or workspace values
  ---
  duration_ms: 0.178628
  type: 'test'
  ...
# Subtest: W537 turns Profile into a selected-panel settings surface with mobile accordion controls
ok 66 - W537 turns Profile into a selected-panel settings surface with mobile accordion controls
  ---
  duration_ms: 0.955585
  type: 'test'
  ...
# Subtest: W537 keeps Capsule defaulted to primary recovery actions while collapsing Drive and advanced detail
ok 67 - W537 keeps Capsule defaulted to primary recovery actions while collapsing Drive and advanced detail
  ---
  duration_ms: 0.442295
  type: 'test'
  ...
# Subtest: W537 source gate passes and keeps the wave source-only
ok 68 - W537 source gate passes and keeps the wave source-only
  ---
  duration_ms: 2.021231
  type: 'test'
  ...
# {
#   "wave": "W562",
#   "status": "pass",
#   "checkCount": 31,
#   "requiredCount": 4,
#   "errors": []
# }
# Subtest: W562 reports browser capability as availability, not a proven local voice model or device result
ok 69 - W562 reports browser capability as availability, not a proven local voice model or device result
  ---
  duration_ms: 0.999794
  type: 'test'
  ...
# Subtest: W562 requires explicit microphone check, stops permission-check tracks immediately, and starts dictation only after a second action
ok 70 - W562 requires explicit microphone check, stops permission-check tracks immediately, and starts dictation only after a second action
  ---
  duration_ms: 1.595344
  type: 'test'
  ...
# Subtest: W562 keeps browser dictation review text memory-only and never auto-sends, routes, tools, or persists it
ok 71 - W562 keeps browser dictation review text memory-only and never auto-sends, routes, tools, or persists it
  ---
  duration_ms: 0.645811
  type: 'test'
  ...
# Subtest: W605 browser caption speech stays explicit, non-persistent and separate from dictation
ok 72 - W605 browser caption speech stays explicit, non-persistent and separate from dictation
  ---
  duration_ms: 0.328984
  type: 'test'
  ...
# Subtest: W562 source gate and truth remain fail-closed about background listening, storage, automatic execution, and live voice proof
ok 73 - W562 source gate and truth remain fail-closed about background listening, storage, automatic execution, and live voice proof
  ---
  duration_ms: 0.173002
  type: 'test'
  ...
# {
#   "wave": "W563",
#   "status": "pass",
#   "checkCount": 29,
#   "requiredCount": 4,
#   "errors": []
# }
# Subtest: W563 provides exactly five useful core City paths with bounded native destinations
ok 74 - W563 provides exactly five useful core City paths with bounded native destinations
  ---
  duration_ms: 1.31937
  type: 'test'
  ...
# Subtest: W563 creates a second-click, privacy-safe native handoff without a task, agent, provider, entitlement, reward, or completion claim
ok 75 - W563 creates a second-click, privacy-safe native handoff without a task, agent, provider, entitlement, reward, or completion claim
  ---
  duration_ms: 0.228857
  type: 'test'
  ...
# Subtest: W563 truth keeps core access useful and rejects subscriptions, rewards, private data, automatic actions, and fake completion
ok 76 - W563 truth keeps core access useful and rejects subscriptions, rewards, private data, automatic actions, and fake completion
  ---
  duration_ms: 0.13064
  type: 'test'
  ...
# Subtest: W563 source gate stays fail-closed about commercial pressure and private work surfaces
ok 77 - W563 source gate stays fail-closed about commercial pressure and private work surfaces
  ---
  duration_ms: 0.089482
  type: 'test'
  ...
# {
#   "wave": "W564",
#   "status": "pass",
#   "checkCount": 39,
#   "requiredCount": 9,
#   "errors": []
# }
# Subtest: W564 exposes exact, visual-only companion styles in the Free City core without chance or commercial claims
ok 78 - W564 exposes exact, visual-only companion styles in the Free City core without chance or commercial claims
  ---
  duration_ms: 1.400006
  type: 'test'
  ...
# Subtest: W564 requires an explicit exact-result review before saving a local selection
ok 79 - W564 requires an explicit exact-result review before saving a local selection
  ---
  duration_ms: 0.605819
  type: 'test'
  ...
# Subtest: W564 normalizes tampered stored data and rejects unknown or foreign cosmetic fields
ok 80 - W564 normalizes tampered stored data and rejects unknown or foreign cosmetic fields
  ---
  duration_ms: 0.29474
  type: 'test'
  ...
# Subtest: W564 preserves only the normalized visual preference through encrypted export, Vault backup, restore, and W145 registration
ok 81 - W564 preserves only the normalized visual preference through encrypted export, Vault backup, restore, and W145 registration
  ---
  duration_ms: 2.024069
  type: 'test'
  ...
# Subtest: W564 source gate remains fail-closed about chance, commercial claims, private inputs, and unreviewed storage
ok 82 - W564 source gate remains fail-closed about chance, commercial claims, private inputs, and unreviewed storage
  ---
  duration_ms: 0.115447
  type: 'test'
  ...
# {
#   "wave": "W565",
#   "status": "pass",
#   "checkCount": 43,
#   "requiredCount": 8,
#   "errors": []
# }
# Subtest: W565 keeps the useful Free City core, optional mission routes, and future premium value honest
ok 83 - W565 keeps the useful Free City core, optional mission routes, and future premium value honest
  ---
  duration_ms: 1.858423
  type: 'test'
  ...
# Subtest: W565 rejects chance, pressure, penalties, unconsented delivery, and unsupported live claims
ok 84 - W565 rejects chance, pressure, penalties, unconsented delivery, and unsupported live claims
  ---
  duration_ms: 0.320102
  type: 'test'
  ...
# Subtest: W565 renders a read-only fair-play panel without checkout, delivery controls, or unrequested permissions
ok 85 - W565 renders a read-only fair-play panel without checkout, delivery controls, or unrequested permissions
  ---
  duration_ms: 0.218027
  type: 'test'
  ...
# Subtest: W565 source gate stays fail-closed about coercion, entitlement, delivery, and accessibility penalties
ok 86 - W565 source gate stays fail-closed about coercion, entitlement, delivery, and accessibility penalties
  ---
  duration_ms: 0.084388
  type: 'test'
  ...
# Subtest: W566 keeps fallback provenance while recording current local engineering candidates separately from final art approval
ok 87 - W566 keeps fallback provenance while recording current local engineering candidates separately from final art approval
  ---
  duration_ms: 2.388383
  type: 'test'
  ...
# Subtest: W566 can inspect a bounded original intake packet without approving, storing, loading, or shipping it
ok 88 - W566 can inspect a bounded original intake packet without approving, storing, loading, or shipping it
  ---
  duration_ms: 0.766547
  type: 'test'
  ...
# Subtest: W566 rejects remote evidence, sensitive fields, user data, runtime paths, hashes, non-planned assets, and pre-marked release state
ok 89 - W566 rejects remote evidence, sensitive fields, user data, runtime paths, hashes, non-planned assets, and pre-marked release state
  ---
  duration_ms: 0.307883
  type: 'test'
  ...
# Subtest: W566 source gate stays fail-closed about provenance, licences, private data, and final art-release claims
ok 90 - W566 source gate stays fail-closed about provenance, licences, private data, and final art-release claims
  ---
  duration_ms: 1.121617
  type: 'test'
  ...
# Subtest: W567 keeps the future package register empty while current local candidates remain unapproved for final release
ok 91 - W567 keeps the future package register empty while current local candidates remain unapproved for final release
  ---
  duration_ms: 5.043806
  type: 'test'
  ...
# Subtest: W567 accepts a bounded prospective package specification without approving, loading, storing, or shipping it
ok 92 - W567 accepts a bounded prospective package specification without approving, loading, storing, or shipping it
  ---
  duration_ms: 1.563867
  type: 'test'
  ...
# Subtest: W567 rejects missing LODs, non-descending budgets, unsafe collision/animation, remote texture delivery, unsupported fields, and runtime claims
ok 93 - W567 rejects missing LODs, non-descending budgets, unsafe collision/animation, remote texture delivery, unsupported fields, and runtime claims
  ---
  duration_ms: 0.476658
  type: 'test'
  ...
# Subtest: W567 source gate stays fail-closed about loaders, proxies, remote assets, private data, and final-art claims
ok 94 - W567 source gate stays fail-closed about loaders, proxies, remote assets, private data, and final-art claims
  ---
  duration_ms: 0.887069
  type: 'test'
  ...
# Subtest: W568 keeps Command Horizon street detail original, local, and quality-bounded
ok 95 - W568 keeps Command Horizon street detail original, local, and quality-bounded
  ---
  duration_ms: 1.496443
  type: 'test'
  ...
# Subtest: W568 uses Lite as a real low-detail fallback rather than a relabelled desktop plan
ok 96 - W568 uses Lite as a real low-detail fallback rather than a relabelled desktop plan
  ---
  duration_ms: 0.322706
  type: 'test'
  ...
# Subtest: W568 rejects sensitive fields, remote/binary claims, and malformed bounded geometry
ok 97 - W568 rejects sensitive fields, remote/binary claims, and malformed bounded geometry
  ---
  duration_ms: 0.321568
  type: 'test'
  ...
# Subtest: W568 source gate stays fail-closed around budgeted source-only street geometry
ok 98 - W568 source gate stays fail-closed around budgeted source-only street geometry
  ---
  duration_ms: 3.005142
  type: 'test'
  ...
# Subtest: W569 keeps a deterministic 3×3 local residency window around the City operator
ok 99 - W569 keeps a deterministic 3×3 local residency window around the City operator
  ---
  duration_ms: 1.835045
  type: 'test'
  ...
# Subtest: W569 releases only explicitly owned local cell resources when the 3×3 window moves
ok 100 - W569 releases only explicitly owned local cell resources when the 3×3 window moves
  ---
  duration_ms: 0.957687
  type: 'test'
  ...
# Subtest: W569 keeps the direct static manifest empty and rejects remote/runtime/private entries
ok 101 - W569 keeps the direct static manifest empty and rejects remote/runtime/private entries
  ---
  duration_ms: 0.51985
  type: 'test'
  ...
# Subtest: W569 truth stays pre-release and the source gate stays fail-closed
ok 102 - W569 truth stays pre-release and the source gate stays fail-closed
  ---
  duration_ms: 3.309777
  type: 'test'
  ...
# Subtest: W570 has original human, robot, and alien ambient archetypes with readable faces only where profile permits
ok 103 - W570 has original human, robot, and alien ambient archetypes with readable faces only where profile permits
  ---
  duration_ms: 1.684654
  type: 'test'
  ...
# Subtest: W570 maintains deterministic spacing and local visual-only truth
ok 104 - W570 maintains deterministic spacing and local visual-only truth
  ---
  duration_ms: 0.335655
  type: 'test'
  ...
# Subtest: W570 rejects duplicate/unsafe ambient identities, private fields, and spacing regressions
ok 105 - W570 rejects duplicate/unsafe ambient identities, private fields, and spacing regressions
  ---
  duration_ms: 0.212596
  type: 'test'
  ...
# Subtest: W570 source gate keeps NPCs local, non-interactive, and separate from EONBOT
ok 106 - W570 source gate keeps NPCs local, non-interactive, and separate from EONBOT
  ---
  duration_ms: 2.270383
  type: 'test'
  ...
# Subtest: W571 defines bounded source-controlled EONBOT rig profiles for Lite, Balanced, and Cinematic
ok 107 - W571 defines bounded source-controlled EONBOT rig profiles for Lite, Balanced, and Cinematic
  ---
  duration_ms: 1.548643
  type: 'test'
  ...
# Subtest: W571 stages the companion in one captions-first safe panel with no voice, work, data, route, or commercial side effect
ok 108 - W571 stages the companion in one captions-first safe panel with no voice, work, data, route, or commercial side effect
  ---
  duration_ms: 0.298144
  type: 'test'
  ...
# Subtest: W571 rejects unsafe extra fields, enlarged budgets, private fields, and false entitlement state
ok 109 - W571 rejects unsafe extra fields, enlarged budgets, private fields, and false entitlement state
  ---
  duration_ms: 0.373992
  type: 'test'
  ...
# Subtest: W571 source gate keeps rigging and staging local, procedural, bounded, and separate from ambient NPCs
ok 110 - W571 source gate keeps rigging and staging local, procedural, bounded, and separate from ambient NPCs
  ---
  duration_ms: 4.760828
  type: 'test'
  ...
# Subtest: W572 declares a source-controlled no-media-pack policy with captions-first visual fallback
ok 111 - W572 declares a source-controlled no-media-pack policy with captions-first visual fallback
  ---
  duration_ms: 1.111363
  type: 'test'
  ...
# Subtest: W572 requires a direct action, keeps preference memory-only, and reports local synthesis separately
ok 112 - W572 requires a direct action, keeps preference memory-only, and reports local synthesis separately
  ---
  duration_ms: 0.441768
  type: 'test'
  ...
# Subtest: W572 stops for pause, tab hidden, reduced effects, mute, and never resumes automatically
ok 113 - W572 stops for pause, tab hidden, reduced effects, mute, and never resumes automatically
  ---
  duration_ms: 0.969077
  type: 'test'
  ...
# Subtest: W572 removes browser-default sound preference persistence and leaves W562 voice consent unchanged
ok 114 - W572 removes browser-default sound preference persistence and leaves W562 voice consent unchanged
  ---
  duration_ms: 0.281305
  type: 'test'
  ...
# Subtest: W572 source gate preserves no-autoplay, no-storage, no-network, and no-commercial boundaries
ok 115 - W572 source gate preserves no-autoplay, no-storage, no-network, and no-commercial boundaries
  ---
  duration_ms: 3.915479
  type: 'test'
  ...
# Subtest: W573 produces deterministic seeded local ambience without a wall-clock or external feed
ok 116 - W573 produces deterministic seeded local ambience without a wall-clock or external feed
  ---
  duration_ms: 2.45735
  type: 'test'
  ...
# Subtest: W573 keeps Lite genuinely static while richer profiles stay capped and decorative
ok 117 - W573 keeps Lite genuinely static while richer profiles stay capped and decorative
  ---
  duration_ms: 0.335015
  type: 'test'
  ...
# Subtest: W573 makes pause and reduced effects stop motion while retaining static wayfinding
ok 118 - W573 makes pause and reduced effects stop motion while retaining static wayfinding
  ---
  duration_ms: 0.460796
  type: 'test'
  ...
# Subtest: W573 rejects sensitive fields, calendar semantics, and malformed visual budgets
ok 119 - W573 rejects sensitive fields, calendar semantics, and malformed visual budgets
  ---
  duration_ms: 0.416938
  type: 'test'
  ...
# Subtest: W573 truth remains source-only, local visual, non-interactive, and non-commercial
ok 120 - W573 truth remains source-only, local visual, non-interactive, and non-commercial
  ---
  duration_ms: 4.877515
  type: 'test'
  ...
# Subtest: W574 returns allowlisted source-controlled visual profiles without time or weather inputs
ok 121 - W574 returns allowlisted source-controlled visual profiles without time or weather inputs
  ---
  duration_ms: 1.826412
  type: 'test'
  ...
# Subtest: W574 keeps Lite and reduced-effects static while richer visual profiles are capped
ok 122 - W574 keeps Lite and reduced-effects static while richer visual profiles are capped
  ---
  duration_ms: 0.253854
  type: 'test'
  ...
# Subtest: W574 pause and session-only selection preserve a readable static fallback
ok 123 - W574 pause and session-only selection preserve a readable static fallback
  ---
  duration_ms: 0.174865
  type: 'test'
  ...
# Subtest: W574 rejects sensitive fields, real-world semantics, and invalid budgets
ok 124 - W574 rejects sensitive fields, real-world semantics, and invalid budgets
  ---
  duration_ms: 0.189351
  type: 'test'
  ...
# Subtest: W574 truth remains local visual, session-only, noninteractive, and non-commercial
ok 125 - W574 truth remains local visual, session-only, noninteractive, and non-commercial
  ---
  duration_ms: 6.078853
  type: 'test'
  ...
# Subtest: W575 freezes the exact four-region Command Horizon review route
ok 126 - W575 freezes the exact four-region Command Horizon review route
  ---
  duration_ms: 1.372597
  type: 'test'
  ...
# Subtest: W575 requires a human-originated Google session for the authenticated preview lane and retains a truthful guest lane
ok 127 - W575 requires a human-originated Google session for the authenticated preview lane and retains a truthful guest lane
  ---
  duration_ms: 0.484323
  type: 'test'
  ...
# Subtest: W575 classifies every City review control without allowing automatic confirmation
ok 128 - W575 classifies every City review control without allowing automatic confirmation
  ---
  duration_ms: 0.427442
  type: 'test'
  ...
# Subtest: W575 rejects a malformed or broadened evidence manifest
ok 129 - W575 rejects a malformed or broadened evidence manifest
  ---
  duration_ms: 0.722829
  type: 'test'
  ...
# Subtest: W575 truth remains source-only and creates no credentials, deployment, device proof, or automatic approval
ok 130 - W575 truth remains source-only and creates no credentials, deployment, device proof, or automatic approval
  ---
  duration_ms: 0.246584
  type: 'test'
  ...
# Subtest: W576–W590 freezes all fifteen remaining waves in canonical order
ok 131 - W576–W590 freezes all fifteen remaining waves in canonical order
  ---
  duration_ms: 1.216847
  type: 'test'
  ...
# Subtest: useful district, EONBOT and device board models are present without false capabilities
ok 132 - useful district, EONBOT and device board models are present without false capabilities
  ---
  duration_ms: 0.366991
  type: 'test'
  ...
# Subtest: the controller supports local review, cancellation, mode choice and non-rewarding useful missions
ok 133 - the controller supports local review, cancellation, mode choice and non-rewarding useful missions
  ---
  duration_ms: 0.749035
  type: 'test'
  ...
# Subtest: AI, expedition, gateway and lab operations remain local review operations
ok 134 - AI, expedition, gateway and lab operations remain local review operations
  ---
  duration_ms: 0.478221
  type: 'test'
  ...
# Subtest: W576–W590 truth makes source completion distinct from preview, device, OAuth and owner proof
ok 135 - W576–W590 truth makes source completion distinct from preview, device, OAuth and owner proof
  ---
  duration_ms: 0.14856
  type: 'test'
  ...
# Subtest: W591/W607 gives direct City entry a named compact HUD and a Command Deck waypoint
ok 136 - W591/W607 gives direct City entry a named compact HUD and a Command Deck waypoint
  ---
  duration_ms: 1.131497
  type: 'test'
  ...
# Subtest: W591 prevents modality overload and does not manufacture a quality certification
ok 137 - W591 prevents modality overload and does not manufacture a quality certification
  ---
  duration_ms: 0.340438
  type: 'test'
  ...
# Subtest: W591 rejects a broadened quality plan
ok 138 - W591 rejects a broadened quality plan
  ---
  duration_ms: 1.053483
  type: 'test'
  ...
# Subtest: W648 exposes a real AI builder while retaining the trusted parent and restricted preview boundaries
ok 139 - W648 exposes a real AI builder while retaining the trusted parent and restricted preview boundaries
  ---
  duration_ms: 1.953444
  type: 'test'
  ...
# Subtest: W648 accepts one request-bound complete generation and preserves real client-side behavior
ok 140 - W648 accepts one request-bound complete generation and preserves real client-side behavior
  ---
  duration_ms: 2.917915
  type: 'test'
  ...
# Subtest: W648 improvement changes only approved files and leaves all other source byte-identical
ok 141 - W648 improvement changes only approved files and leaves all other source byte-identical
  ---
  duration_ms: 1.546916
  type: 'test'
  ...
# Subtest: W648 rejects malformed, mismatched, traversal, secret, network and oversized provider output without a mutation
ok 142 - W648 rejects malformed, mismatched, traversal, secret, network and oversized provider output without a mutation
  ---
  duration_ms: 1.002945
  type: 'test'
  ...
# Subtest: W648 prompt shares only selected files and forbids provider commentary and unsafe capabilities
ok 143 - W648 prompt shares only selected files and forbids provider commentary and unsafe capabilities
  ---
  duration_ms: 0.36281
  type: 'test'
  ...
# Subtest: W648 AI receipts remain source-free and key-free
ok 144 - W648 AI receipts remain source-free and key-free
  ---
  duration_ms: 2.03036
  type: 'test'
  ...
# Subtest: W648 preserves the pre-AI Forge truth as a checksummed non-certifying archive
ok 145 - W648 preserves the pre-AI Forge truth as a checksummed non-certifying archive
  ---
  duration_ms: 0.31802
  type: 'test'
  ...
# Subtest: W648 gives Forge a bounded code budget without consuming chat research context or relaxing chat caps
ok 146 - W648 gives Forge a bounded code budget without consuming chat research context or relaxing chat caps
  ---
  duration_ms: 0.51435
  type: 'test'
  ...
# Subtest: W648B reports meaningful changed-line counts even when line totals stay equal
ok 147 - W648B reports meaningful changed-line counts even when line totals stay equal
  ---
  duration_ms: 0.431581
  type: 'test'
  ...
# Subtest: W648B exposes a bounded selected-file context meter without including unapproved files
ok 148 - W648B exposes a bounded selected-file context meter without including unapproved files
  ---
  duration_ms: 0.785538
  type: 'test'
  ...
# Subtest: W648B prompt requires launch-quality, non-generic, accessible and reduced-motion output
ok 149 - W648B prompt requires launch-quality, non-generic, accessible and reduced-motion output
  ---
  duration_ms: 0.32787
  type: 'test'
  ...
# Subtest: W648C professional actions are bounded, unique and feed a task-specific prompt contract
ok 150 - W648C professional actions are bounded, unique and feed a task-specific prompt contract
  ---
  duration_ms: 1.320317
  type: 'test'
  ...
# Subtest: W648C bounded diff review shows the changed region and clips pathological files
ok 151 - W648C bounded diff review shows the changed region and clips pathological files
  ---
  duration_ms: 0.418103
  type: 'test'
  ...
# Subtest: W648C runtime supports caller abort propagation without changing ordinary chat contracts
ok 152 - W648C runtime supports caller abort propagation without changing ordinary chat contracts
  ---
  duration_ms: 0.364114
  type: 'test'
  ...
# Subtest: W648D source context is deduplicated, delimiter-safe and reserves prompt overhead
ok 153 - W648D source context is deduplicated, delimiter-safe and reserves prompt overhead
  ---
  duration_ms: 0.405962
  type: 'test'
  ...
# Subtest: W648 readiness blocks requests when no provider is verified
ok 154 - W648 readiness blocks requests when no provider is verified
  ---
  duration_ms: 0.850313
  type: 'test'
  ...
# Subtest: W648 verified provider returns one validated proposal with exact provider and model settlement
ok 155 - W648 verified provider returns one validated proposal with exact provider and model settlement
  ---
  duration_ms: 2.873032
  type: 'test'
  ...
# Subtest: W648 rejects provider/model mismatch and 401/402/429 failures without producing a proposal
ok 156 - W648 rejects provider/model mismatch and 401/402/429 failures without producing a proposal
  ---
  duration_ms: 0.9168
  type: 'test'
  ...
# Subtest: W648 cancel token discards a late valid response
ok 157 - W648 cancel token discards a late valid response
  ---
  duration_ms: 0.310235
  type: 'test'
  ...
# Subtest: W648 dedicated Forge governor raises only the explicit code workload budget
ok 158 - W648 dedicated Forge governor raises only the explicit code workload budget
  ---
  duration_ms: 0.105359
  type: 'test'
  ...
# Subtest: W648B keeps normal chat temperature unchanged while allowing Forge structured generation to lower it
ok 159 - W648B keeps normal chat temperature unchanged while allowing Forge structured generation to lower it
  ---
  duration_ms: 0.17293
  type: 'test'
  ...
# Subtest: W648C active cancellation aborts the provider transport instead of only ignoring a late result
ok 160 - W648C active cancellation aborts the provider transport instead of only ignoring a late result
  ---
  duration_ms: 0.340434
  type: 'test'
  ...
1..160
# tests 160
# suites 0
# pass 150
# fail 0
# cancelled 0
# skipped 10
# todo 0
# duration_ms 2072.059464

[dependency-free] chunk 3/10 (40)
TAP version 13
# Subtest: W209 defines a local profile boundary and excludes unrelated same-origin storage from Vault scope
ok 1 - W209 defines a local profile boundary and excludes unrelated same-origin storage from Vault scope
  ---
  duration_ms: 3.092583
  type: 'test'
  ...
# Subtest: W209 defaults to merge restore and preserves current-only EON data plus unrelated storage
ok 2 - W209 defaults to merge restore and preserves current-only EON data plus unrelated storage
  ---
  duration_ms: 1.005109
  type: 'test'
  ...
# Subtest: W209 replace mode removes stale EONAPP keys but still preserves unrelated storage
ok 3 - W209 replace mode removes stale EONAPP keys but still preserves unrelated storage
  ---
  duration_ms: 0.34657
  type: 'test'
  ...
# Subtest: W209 clear-data action requires exact confirmation and cannot clear unrelated storage
ok 4 - W209 clear-data action requires exact confirmation and cannot clear unrelated storage
  ---
  duration_ms: 0.220231
  type: 'test'
  ...
# Subtest: W209 known legacy provider migration encrypts through the supplied vault and stores no raw value in receipt or source
ok 5 - W209 known legacy provider migration encrypts through the supplied vault and stores no raw value in receipt or source
  ---
  duration_ms: 1.092669
  type: 'test'
  ...
# Subtest: W209 portable backup excludes raw credential containers and restores only allowlisted state
ok 6 - W209 portable backup excludes raw credential containers and restores only allowlisted state
  ---
  duration_ms: 0.609832
  type: 'test'
  ...
# Subtest: W518 replaces the retired Vault backup page with a single encrypted Capsule route
ok 7 - W518 replaces the retired Vault backup page with a single encrypted Capsule route
  ---
  duration_ms: 1.815717
  type: 'test'
  ...
# Subtest: W210 Local AI stores only neutral local runtime proof and keeps a legacy record as a non-destructive migration source
ok 8 - W210 Local AI stores only neutral local runtime proof and keeps a legacy record as a non-destructive migration source
  ---
  duration_ms: 1.694215
  type: 'test'
  ...
# Subtest: W210 canonical Local AI surface uses the neutral runtime and the PWA precache excludes retired EON Lite modules
ok 9 - W210 canonical Local AI surface uses the neutral runtime and the PWA precache excludes retired EON Lite modules
  ---
  duration_ms: 1.649001
  type: 'test'
  ...
# Subtest: W212 default referral links are compact eon2 envelopes with a negligible-collision 128-bit nonce
ok 10 - W212 default referral links are compact eon2 envelopes with a negligible-collision 128-bit nonce
  ---
  duration_ms: 13.317617
  type: 'test'
  ...
# Subtest: W212 has no Cloudflare short-link registry and no central write on link open
ok 11 - W212 has no Cloudflare short-link registry and no central write on link open # SKIP
  ---
  duration_ms: 0.151359
  type: 'test'
  ...
# Subtest: W212 current signed-share surfaces do not promise reward or claim access for sharing
ok 12 - W212 current signed-share surfaces do not promise reward or claim access for sharing
  ---
  duration_ms: 1.085149
  type: 'test'
  ...
# Subtest: W212 Preview Studio has explicit private generation and server-truth commercial safeguards with no checkout or exchange claim
ok 13 - W212 Preview Studio has explicit private generation and server-truth commercial safeguards with no checkout or exchange claim # SKIP
  ---
  duration_ms: 0.130714
  type: 'test'
  ...
# Subtest: W212.1 Realm links use the same stateless contract with a stable realm id and fresh 128-bit share id
ok 14 - W212.1 Realm links use the same stateless contract with a stable realm id and fresh 128-bit share id
  ---
  duration_ms: 5.565269
  type: 'test'
  ...
# Subtest: W212.1 current Realm Studio uses signed portable links and does not publish raw local Realm snapshots
ok 15 - W212.1 current Realm Studio uses signed portable links and does not publish raw local Realm snapshots
  ---
  duration_ms: 1.68652
  type: 'test'
  ...
# Subtest: W212.1 assigns a stable public Realm id per Realm handle rather than one shared global id
ok 16 - W212.1 assigns a stable public Realm id per Realm handle rather than one shared global id
  ---
  duration_ms: 8.12445
  type: 'test'
  ...
# Subtest: W212.2 current referral and Realm share surfaces use the signed contract without raw query-link fallback
ok 17 - W212.2 current referral and Realm share surfaces use the signed contract without raw query-link fallback
  ---
  duration_ms: 1.709655
  type: 'test'
  ...
# Subtest: W213/W224/W360 keep City Overview resilient and use an explicit WebGL device gate
ok 18 - W213/W224/W360 keep City Overview resilient and use an explicit WebGL device gate # SKIP
  ---
  duration_ms: 1.202334
  type: 'test'
  ...
# Subtest: W213/W224/W255 route directory is derived from the canonical City landmark registry and makes no simulation claim
ok 19 - W213/W224/W255 route directory is derived from the canonical City landmark registry and makes no simulation claim
  ---
  duration_ms: 0.693218
  type: 'test'
  ...
# Subtest: W213 Trade safety receipt now proves local Research Lab boundaries
ok 20 - W213 Trade safety receipt now proves local Research Lab boundaries
  ---
  duration_ms: 0.428222
  type: 'test'
  ...
# Subtest: W213 current Realm Studio sharing does not promise payouts or expose a raw local snapshot URL
ok 21 - W213 current Realm Studio sharing does not promise payouts or expose a raw local snapshot URL
  ---
  duration_ms: 1.239335
  type: 'test'
  ...
# Subtest: W214 telemetry redacts secrets, URLs, query strings and fragments before local storage
ok 22 - W214 telemetry redacts secrets, URLs, query strings and fragments before local storage
  ---
  duration_ms: 2.017337
  type: 'test'
  ...
# Subtest: W214 runtime error records keep only local redacted evidence
ok 23 - W214 runtime error records keep only local redacted evidence
  ---
  duration_ms: 1.976332
  type: 'test'
  ...
# Subtest: W214 CSP endpoint bounds report size and strips URL query/fragment data
ok 24 - W214 CSP endpoint bounds report size and strips URL query/fragment data
  ---
  duration_ms: 16.939698
  type: 'test'
  ...
# Subtest: W215 decision remains disabled at every public commercial boundary
ok 25 - W215 decision remains disabled at every public commercial boundary
  ---
  duration_ms: 0.659685
  type: 'test'
  ...
# Subtest: W215 keeps commercial Pages functions absent and rewards UI safely informational
ok 26 - W215 keeps commercial Pages functions absent and rewards UI safely informational
  ---
  duration_ms: 0.394149
  type: 'test'
  ...
# Subtest: W216/W392 keep direct EON City entry, City Map fallback, and command-space preview isolated
ok 27 - W216/W392 keep direct EON City entry, City Map fallback, and command-space preview isolated # SKIP
  ---
  duration_ms: 0.514026
  type: 'test'
  ...
# Subtest: general referrals stay eon2 and explicit Realm shares stay eon3 with fresh share ids
ok 28 - general referrals stay eon2 and explicit Realm shares stay eon3 with fresh share ids
  ---
  duration_ms: 16.242528
  type: 'test'
  ...
# Subtest: Realm Studio is an explicit local generator with signed, QR and no-registry paths
ok 29 - Realm Studio is an explicit local generator with signed, QR and no-registry paths
  ---
  duration_ms: 0.69436
  type: 'test'
  ...
# Subtest: the 2D city opens Realm Studio as a canonical low-device route
ok 30 - the 2D city opens Realm Studio as a canonical low-device route
  ---
  duration_ms: 0.724918
  type: 'test'
  ...
# Subtest: disabled campaign boundary is a current-status surface, not a legacy provider compatibility module
ok 31 - disabled campaign boundary is a current-status surface, not a legacy provider compatibility module
  ---
  duration_ms: 0.208939
  type: 'test'
  ...
# Subtest: W216 current public trust surfaces separate live Dodo subscriptions from disabled campaigns and wallet value
ok 32 - W216 current public trust surfaces separate live Dodo subscriptions from disabled campaigns and wallet value
  ---
  duration_ms: 1.268028
  type: 'test'
  ...
# Subtest: retired legacy Realm and commercial URLs cannot become competing share or campaign surfaces
ok 33 - retired legacy Realm and commercial URLs cannot become competing share or campaign surfaces # SKIP
  ---
  duration_ms: 0.07212
  type: 'test'
  ...
# Subtest: W380 defines one valid root-first route contract
ok 34 - W380 defines one valid root-first route contract # SKIP
  ---
  duration_ms: 0.918392
  type: 'test'
  ...
# Subtest: W423 keeps one public Babylon City while old map, tour and play URLs redirect
ok 35 - W423 keeps one public Babylon City while old map, tour and play URLs redirect
  ---
  duration_ms: 0.62021
  type: 'test'
  ...
# Subtest: W380 keeps legacy chat links compatible while the root owns the public chat
ok 36 - W380 keeps legacy chat links compatible while the root owns the public chat
  ---
  duration_ms: 0.494993
  type: 'test'
  ...
# Subtest: legacy aliases remain explicit and rewards stay outside primary routing
ok 37 - legacy aliases remain explicit and rewards stay outside primary routing # SKIP
  ---
  duration_ms: 0.078091
  type: 'test'
  ...
# Subtest: generated redirect files are identical, conflict-free, and match the contract
ok 38 - generated redirect files are identical, conflict-free, and match the contract
  ---
  duration_ms: 0.640387
  type: 'test'
  ...
# Subtest: development rewrites keep root on index.html and avoid retired source pages
ok 39 - development rewrites keep root on index.html and avoid retired source pages
  ---
  duration_ms: 1.223925
  type: 'test'
  ...
# Subtest: W448 exposes Research Lab at /insights and retires the legacy /trade entry
ok 40 - W448 exposes Research Lab at /insights and retires the legacy /trade entry
  ---
  duration_ms: 0.237822
  type: 'test'
  ...
# Subtest: W218 implements the ChatGPT-like local shell contract without claiming a remote account
ok 41 - W218 implements the ChatGPT-like local shell contract without claiming a remote account
  ---
  duration_ms: 1.459238
  type: 'test'
  ...
# Subtest: W218 share surface creates a signed public invite only and keeps private data out of scope
ok 42 - W218 share surface creates a signed public invite only and keeps private data out of scope # SKIP
  ---
  duration_ms: 0.139233
  type: 'test'
  ...
# Subtest: W218 promotes the generated local avatar and three dark themes into Profile
ok 43 - W218 promotes the generated local avatar and three dark themes into Profile
  ---
  duration_ms: 1.293593
  type: 'test'
  ...
# Subtest: W219 reports Guide unless local self-test or configured connected readiness proves otherwise
ok 44 - W219 reports Guide unless local self-test or configured connected readiness proves otherwise
  ---
  duration_ms: 1.002423
  type: 'test'
  ...
# Subtest: W219 proactive reminders are local, opt-in, daily-capped, and never browser notifications
ok 45 - W219 proactive reminders are local, opt-in, daily-capped, and never browser notifications
  ---
  duration_ms: 0.554356
  type: 'test'
  ...
# Subtest: W219 removes chat credential capture while preserving secure Vault configuration routing
ok 46 - W219 removes chat credential capture while preserving secure Vault configuration routing # SKIP
  ---
  duration_ms: 0.070363
  type: 'test'
  ...
# Subtest: W219 positions Workspace as AI Cockpit and keeps Local AI truthful
ok 47 - W219 positions Workspace as AI Cockpit and keeps Local AI truthful # SKIP
  ---
  duration_ms: 0.05834
  type: 'test'
  ...
# Subtest: W220 Preview Studio imports and opens empty without generating or writing a local collection
ok 48 - W220 Preview Studio imports and opens empty without generating or writing a local collection
  ---
  duration_ms: 9.993151
  type: 'test'
  ...
# Subtest: W220 generates exactly four user-triggered local previews and saves truthful local Vault records
ok 49 - W220 generates exactly four user-triggered local previews and saves truthful local Vault records
  ---
  duration_ms: 10.142126
  type: 'test'
  ...
# Subtest: W220 migrates a legacy local collection only after explicit resume and preserves its source record
ok 50 - W220 migrates a legacy local collection only after explicit resume and preserves its source record
  ---
  duration_ms: 6.30983
  type: 'test'
  ...
# Subtest: W220 Preview Studio UI declares empty start, explicit generation, progressive reveal, safe resume, and a non-marketplace boundary
ok 51 - W220 Preview Studio UI declares empty start, explicit generation, progressive reveal, safe resume, and a non-marketplace boundary # SKIP
  ---
  duration_ms: 0.135875
  type: 'test'
  ...
# Subtest: W221 creates a versioned local CityWorldState with no Vault or private-chat payload
ok 52 - W221 creates a versioned local CityWorldState with no Vault or private-chat payload
  ---
  duration_ms: 2.971718
  type: 'test'
  ...
# Subtest: W221 migrates a legacy City preference without deleting the original record or carrying secrets forward
ok 53 - W221 migrates a legacy City preference without deleting the original record or carrying secrets forward
  ---
  duration_ms: 1.342353
  type: 'test'
  ...
# Subtest: W221 resolves real movement around City scenery and records a local Command Centre interaction
ok 54 - W221 resolves real movement around City scenery and records a local Command Centre interaction
  ---
  duration_ms: 4.409932
  type: 'test'
  ...
# Subtest: W221 ships an actual canvas-based 2D City input contract with no hidden economy or legacy 3D boot
ok 55 - W221 ships an actual canvas-based 2D City input contract with no hidden economy or legacy 3D boot # SKIP
  ---
  duration_ms: 0.084126
  type: 'test'
  ...
# Subtest: W222 creates a local My Realm and binds only safe identity/theme/entry data into CityWorldState
ok 56 - W222 creates a local My Realm and binds only safe identity/theme/entry data into CityWorldState
  ---
  duration_ms: 5.795057
  type: 'test'
  ...
# Subtest: W222 migrates an earlier Realm record non-destructively and does not copy secret-shaped fields forward
ok 57 - W222 migrates an earlier Realm record non-destructively and does not copy secret-shaped fields forward
  ---
  duration_ms: 1.232211
  type: 'test'
  ...
# Subtest: W222 keeps private showcase references local, bounded, and separate from a signed public identity
ok 58 - W222 keeps private showcase references local, bounded, and separate from a signed public identity
  ---
  duration_ms: 11.895671
  type: 'test'
  ...
# Subtest: W222 blocks unsafe or impersonating metadata from portable identity sharing while preserving it as local draft data
ok 59 - W222 blocks unsafe or impersonating metadata from portable identity sharing while preserving it as local draft data
  ---
  duration_ms: 0.52678
  type: 'test'
  ...
# Subtest: W222 My Realm page is a local editor with safe metadata review and no storefront, seller, or earning claim
ok 60 - W222 My Realm page is a local editor with safe metadata review and no storefront, seller, or earning claim
  ---
  duration_ms: 0.69491
  type: 'test'
  ...
# Subtest: W223 Share Center exposes only signed invite and portable Realm identity targets
ok 61 - W223 Share Center exposes only signed invite and portable Realm identity targets
  ---
  duration_ms: 0.993371
  type: 'test'
  ...
# Subtest: W223 creates durable signed EON City invite links without reward or tracking claims
ok 62 - W223 creates durable signed EON City invite links without reward or tracking claims
  ---
  duration_ms: 29.946607
  type: 'test'
  ...
# Subtest: W223 creates safe portable Realm identity links without local City or showcase data
ok 63 - W223 creates safe portable Realm identity links without local City or showcase data
  ---
  duration_ms: 5.225356
  type: 'test'
  ...
# Subtest: W223 migrates legacy local drafts and carries campaign briefs only in browser-local storage
ok 64 - W223 migrates legacy local drafts and carries campaign briefs only in browser-local storage
  ---
  duration_ms: 0.725917
  type: 'test'
  ...
# Subtest: W223 encrypted backup includes only the safe local Share Center records and restores them without Vault-like data
ok 65 - W223 encrypted backup includes only the safe local Share Center records and restores them without Vault-like data
  ---
  duration_ms: 7.04054
  type: 'test'
  ...
# Subtest: W223 user-facing EON Share copy keeps private chat, public stores, rewards and payouts out of scope
ok 66 - W223 user-facing EON Share copy keeps private chat, public stores, rewards and payouts out of scope # SKIP
  ---
  duration_ms: 0.074495
  type: 'test'
  ...
# Subtest: W224 projects only safe shared CityWorldState into the optional 3D scene model
ok 67 - W224 projects only safe shared CityWorldState into the optional 3D scene model
  ---
  duration_ms: 4.760157
  type: 'test'
  ...
# Subtest: W224 quality preference is local, bounded, and carries an automatic City Overview fallback preference
ok 68 - W224 quality preference is local, bounded, and carries an automatic City Overview fallback preference
  ---
  duration_ms: 0.312165
  type: 'test'
  ...
# Subtest: W224 backs up only the safe local 3D quality preference and restores it without renderer or private state
ok 69 - W224 backs up only the safe local 3D quality preference and restores it without renderer or private state
  ---
  duration_ms: 7.322871
  type: 'test'
  ...
# Subtest: W224 capability gate requires a real WebGL-capable, non-reduced, non-data-saver device
ok 70 - W224 capability gate requires a real WebGL-capable, non-reduced, non-data-saver device
  ---
  duration_ms: 0.380536
  type: 'test'
  ...
# Subtest: W224 replaces the CSS portal-only route with an explicit dynamically-loaded WebGL renderer sharing 2D district routes
ok 71 - W224 replaces the CSS portal-only route with an explicit dynamically-loaded WebGL renderer sharing 2D district routes # SKIP
  ---
  duration_ms: 0.077463
  type: 'test'
  ...
# Subtest: W225 exposes only a display-safe browser-local profile and refuses credential-shaped connection input
ok 72 - W225 exposes only a display-safe browser-local profile and refuses credential-shaped connection input
  ---
  duration_ms: 1.501458
  type: 'test'
  ...
# Subtest: W225 limits a future public Realm manifest to safe identity metadata and keeps publication inactive
ok 73 - W225 limits a future public Realm manifest to safe identity metadata and keeps publication inactive
  ---
  duration_ms: 4.315312
  type: 'test'
  ...
# Subtest: W225 establishes only disabled official-commerce schemas; it creates no catalog, checkout, receipt, delivery, seller, payout, or token flow
ok 74 - W225 establishes only disabled official-commerce schemas; it creates no catalog, checkout, receipt, delivery, seller, payout, or token flow
  ---
  duration_ms: 0.483436
  type: 'test'
  ...
# Subtest: W225 source and UI stay design-only: no fetch, no browser storage, no connect or checkout action
ok 75 - W225 source and UI stay design-only: no fetch, no browser storage, no connect or checkout action # SKIP
  ---
  duration_ms: 0.072995
  type: 'test'
  ...
# Subtest: W226 commercial registry is an explicit no-go decision with zero active rate and no value-producing path
ok 76 - W226 commercial registry is an explicit no-go decision with zero active rate and no value-producing path
  ---
  duration_ms: 0.821313
  type: 'test'
  ...
# Subtest: W226 rejects any premature commercial activation without network, storage, ledger, or token side effects
ok 77 - W226 rejects any premature commercial activation without network, storage, ledger, or token side effects
  ---
  duration_ms: 0.262848
  type: 'test'
  ...
# Subtest: W226 public status keeps Share Center truthful: invite discovery only, never commission, payout, or active commercial account
ok 78 - W226 public status keeps Share Center truthful: invite discovery only, never commission, payout, or active commercial account
  ---
  duration_ms: 0.307665
  type: 'test'
  ...
# Subtest: W226 source, Billing UI, and server contract remain non-operative and do not contain activation controls
ok 79 - W226 source, Billing UI, and server contract remain non-operative and do not contain activation controls # SKIP
  ---
  duration_ms: 0.0723
  type: 'test'
  ...
# Subtest: W228 maps every public and retired route to a permitted product state with source evidence
ok 80 - W228 maps every public and retired route to a permitted product state with source evidence # SKIP
  ---
  duration_ms: 0.628089
  type: 'test'
  ...
# Subtest: W227 whole-tree scanner finds real key-shaped values, masks output, and ignores explicit placeholders
ok 81 - W227 whole-tree scanner finds real key-shaped values, masks output, and ignores explicit placeholders
  ---
  duration_ms: 3.682261
  type: 'test'
  ...
# Subtest: W227 secret scan recognises both standard and equals-style CI mode arguments
ok 82 - W227 secret scan recognises both standard and equals-style CI mode arguments
  ---
  duration_ms: 0.200667
  type: 'test'
  ...
# Subtest: W227 keeps stale token, leaderboard, and live-dashboard browser suites outside the active runnable source
ok 83 - W227 keeps stale token, leaderboard, and live-dashboard browser suites outside the active runnable source
  ---
  duration_ms: 0.225491
  type: 'test'
  ...
# Subtest: W227 makes the current unit gate explicit and keeps unavailable historical evidence in a diagnostic lane
ok 84 - W227 makes the current unit gate explicit and keeps unavailable historical evidence in a diagnostic lane
  ---
  duration_ms: 0.861494
  type: 'test'
  ...
# Subtest: W227 replaces obsolete mainnet instructions with the frozen no-go boundary
ok 85 - W227 replaces obsolete mainnet instructions with the frozen no-go boundary
  ---
  duration_ms: 0.243339
  type: 'test'
  ...
# Subtest: W228 local language service has the certified selector set and localized core labels
ok 86 - W228 local language service has the certified selector set and localized core labels
  ---
  duration_ms: 1.022962
  type: 'test'
  ...
# Subtest: W228 language service remains static/local-only with safe fallback
ok 87 - W228 language service remains static/local-only with safe fallback
  ---
  duration_ms: 0.211296
  type: 'test'
  ...
# Subtest: W228 language source cannot reintroduce provider, reward, or token runtime imports
ok 88 - W228 language source cannot reintroduce provider, reward, or token runtime imports
  ---
  duration_ms: 0.419042
  type: 'test'
  ...
# Subtest: W228 language truth gate stays green
ok 89 - W228 language truth gate stays green
  ---
  duration_ms: 1.707142
  type: 'test'
  ...
# Subtest: W229 makes the primary Chat route a direct persistent multiline composer
ok 90 - W229 makes the primary Chat route a direct persistent multiline composer
  ---
  duration_ms: 1.12573
  type: 'test'
  ...
# Subtest: W229 gives Enter-to-send and Shift+Enter-to-compose without a campaign panel
ok 91 - W229 gives Enter-to-send and Shift+Enter-to-compose without a campaign panel
  ---
  duration_ms: 1.026528
  type: 'test'
  ...
# Subtest: W229 reward copy does not imply attribution without a server-side ledger
ok 92 - W229 reward copy does not imply attribution without a server-side ledger
  ---
  duration_ms: 0.256401
  type: 'test'
  ...
# Subtest: W230 resolves real Chat-first destinations through one deterministic command registry
ok 93 - W230 resolves real Chat-first destinations through one deterministic command registry
  ---
  duration_ms: 3.132225
  type: 'test'
  ...
# Subtest: W230 prefers specific My Realm phrases while every City phrase resolves to the canonical Babylon route
ok 94 - W230 prefers specific My Realm phrases while every City phrase resolves to the canonical Babylon route
  ---
  duration_ms: 0.769103
  type: 'test'
  ...
# Subtest: W230 has no command side effect from text and keeps sensitive/device operations truthful
ok 95 - W230 has no command side effect from text and keeps sensitive/device operations truthful
  ---
  duration_ms: 0.82253
  type: 'test'
  ...
# Subtest: W230 command destinations are all real current route-manifest entries and never legacy product URLs
ok 96 - W230 command destinations are all real current route-manifest entries and never legacy product URLs
  ---
  duration_ms: 0.501603
  type: 'test'
  ...
# Subtest: W230 keeps older command imports as thin compatibility facades, not competing registries
ok 97 - W230 keeps older command imports as thin compatibility facades, not competing registries
  ---
  duration_ms: 0.693982
  type: 'test'
  ...
# Subtest: W230 command hub uses the canonical root ?new=1 Chat route instead of a fake New Chat promise
ok 98 - W230 command hub uses the canonical root ?new=1 Chat route instead of a fake New Chat promise
  ---
  duration_ms: 0.892383
  type: 'test'
  ...
# Subtest: W231 keeps live, optional, preview and local-only app routes outside the retired 3D and value-bearing legacy module families
ok 99 - W231 keeps live, optional, preview and local-only app routes outside the retired 3D and value-bearing legacy module families
  ---
  duration_ms: 99.485808
  type: 'test'
  ...
# Subtest: W231 makes the First Circuit a local, sequenced City return loop with no value, payout, token, or subscription path
ok 100 - W231 makes the First Circuit a local, sequenced City return loop with no value, payout, token, or subscription path
  ---
  duration_ms: 5.449524
  type: 'test'
  ...
# Subtest: W231 ships a premium asset-free 2D RPG presentation with a routeable objective HUD and no fake population or economy
ok 101 - W231 ships a premium asset-free 2D RPG presentation with a routeable objective HUD and no fake population or economy # SKIP
  ---
  duration_ms: 0.140863
  type: 'test'
  ...
# Subtest: W231 lets EONBOT prepare City objective and district routes while retaining a user-tap boundary
ok 102 - W231 lets EONBOT prepare City objective and district routes while retaining a user-tap boundary
  ---
  duration_ms: 2.025163
  type: 'test'
  ...
# Subtest: W232 gives My Realm a local-only return loop and sends only landmark style into CityWorldState
ok 103 - W232 gives My Realm a local-only return loop and sends only landmark style into CityWorldState
  ---
  duration_ms: 9.501953
  type: 'test'
  ...
# Subtest: W232 writes a private EONBOT route receipt only after a user-tap and never stores chat text or creates value
ok 104 - W232 writes a private EONBOT route receipt only after a user-tap and never stores chat text or creates value
  ---
  duration_ms: 1.829554
  type: 'test'
  ...
# Subtest: W232 lets EONBOT prepare, but not perform, a My Realm return route
ok 105 - W232 lets EONBOT prepare, but not perform, a My Realm return route
  ---
  duration_ms: 0.730176
  type: 'test'
  ...
# Subtest: W232 wires a safe landmark editor, City confirmation panel, and Chat tap receipt without a benefit program
ok 106 - W232 wires a safe landmark editor, City confirmation panel, and Chat tap receipt without a benefit program
  ---
  duration_ms: 2.487585
  type: 'test'
  ...
# Subtest: W233 keeps local model guidance conservative, device-aware, and user-install only
ok 107 - W233 keeps local model guidance conservative, device-aware, and user-install only
  ---
  duration_ms: 1.053263
  type: 'test'
  ...
# Subtest: W233 only treats loopback endpoints as device-local and lists installed Ollama models by explicit scan
ok 108 - W233 only treats loopback endpoints as device-local and lists installed Ollama models by explicit scan
  ---
  duration_ms: 17.312275
  type: 'test'
  ...
# Subtest: W233 prefers a conservative discovered text model over the first arbitrary scan result
ok 109 - W233 prefers a conservative discovered text model over the first arbitrary scan result
  ---
  duration_ms: 0.365602
  type: 'test'
  ...
# Subtest: W233 rejects cloud-backed model tags even when a runtime is listening on loopback
ok 110 - W233 rejects cloud-backed model tags even when a runtime is listening on loopback
  ---
  duration_ms: 0.663924
  type: 'test'
  ...
# Subtest: W233 accepts an Ollama generate self-test reply that matches the neutral sentinel
ok 111 - W233 accepts an Ollama generate self-test reply that matches the neutral sentinel
  ---
  duration_ms: 0.723871
  type: 'test'
  ...
# Subtest: W233 gives EONBOT a truthful local-AI setup route without automatic installation
ok 112 - W233 gives EONBOT a truthful local-AI setup route without automatic installation
  ---
  duration_ms: 1.208292
  type: 'test'
  ...
# Subtest: W233 has a local-only 3D evidence record and a performance classification
ok 113 - W233 has a local-only 3D evidence record and a performance classification
  ---
  duration_ms: 0.772707
  type: 'test'
  ...
# Subtest: W233 wires quality governor, local proof UI, and update-safe backup without remote telemetry
ok 114 - W233 wires quality governor, local proof UI, and update-safe backup without remote telemetry
  ---
  duration_ms: 1.943631
  type: 'test'
  ...
# Subtest: W234 leaves EON Invite as a read-only architecture, not an activated program
ok 115 - W234 leaves EON Invite as a read-only architecture, not an activated program
  ---
  duration_ms: 0.747515
  type: 'test'
  ...
# Subtest: W234 keeps the referral/D1 source boundary inactive in a lean handover
ok 116 - W234 keeps the referral/D1 source boundary inactive in a lean handover
  ---
  duration_ms: 0.466156
  type: 'test'
  ...
# Subtest: W235 defines only non-financial, non-transferable candidate capabilities and keeps the kill switch engaged
ok 117 - W235 defines only non-financial, non-transferable candidate capabilities and keeps the kill switch engaged
  ---
  duration_ms: 0.660942
  type: 'test'
  ...
# Subtest: W235 can preserve a non-sensitive disabled preference but cannot create a milestone grant
ok 118 - W235 can preserve a non-sensitive disabled preference but cannot create a milestone grant
  ---
  duration_ms: 0.627083
  type: 'test'
  ...
# Subtest: W375 accepts only normalized local manual or CSV data and keeps the workspace credential-free
ok 119 - W375 accepts only normalized local manual or CSV data and keeps the workspace credential-free
  ---
  duration_ms: 8.804427
  type: 'test'
  ...
# Subtest: W375 CSV parser discovers time/value pairs without a network request
ok 120 - W375 CSV parser discovers time/value pairs without a network request
  ---
  duration_ms: 0.488564
  type: 'test'
  ...
# Subtest: W375 historical review is deterministic, local and not a prediction or external order
ok 121 - W375 historical review is deterministic, local and not a prediction or external order
  ---
  duration_ms: 1.058878
  type: 'test'
  ...
# Subtest: W375 Forecast Oracle rejects economic fields and records calibration only after manual resolution
ok 122 - W375 Forecast Oracle rejects economic fields and records calibration only after manual resolution
  ---
  duration_ms: 0.868826
  type: 'test'
  ...
# Subtest: W375 safety receipt makes no network, execution, credential or economic-incentive claim
ok 123 - W375 safety receipt makes no network, execution, credential or economic-incentive claim
  ---
  duration_ms: 0.570362
  type: 'test'
  ...
# Subtest: W375 /insights visibly exposes Research Lab and not an exchange or credential surface
ok 124 - W375 /insights visibly exposes Research Lab and not an exchange or credential surface
  ---
  duration_ms: 0.573408
  type: 'test'
  ...
# Subtest: W375 static safety gate blocks legacy live/connector modules from active source
ok 125 - W375 static safety gate blocks legacy live/connector modules from active source
  ---
  duration_ms: 1.844688
  type: 'test'
  ...
# Subtest: W388A.2 creates a local, non-hosted Remix Card with a safe starter
ok 126 - W388A.2 creates a local, non-hosted Remix Card with a safe starter
  ---
  duration_ms: 2.221332
  type: 'test'
  ...
# Subtest: W388A.2 keeps export textual and blocks secrets or local/private links
ok 127 - W388A.2 keeps export textual and blocks secrets or local/private links
  ---
  duration_ms: 0.645805
  type: 'test'
  ...
# Subtest: W388A.2 native share requires an explicit caller and source gate remains honest
ok 128 - W388A.2 native share requires an explicit caller and source gate remains honest
  ---
  duration_ms: 2.771396
  type: 'test'
  ...
# Subtest: W388A.3 turns explicit EONBOT shareable requests into a user-tap local handoff
ok 129 - W388A.3 turns explicit EONBOT shareable requests into a user-tap local handoff
  ---
  duration_ms: 3.289144
  type: 'test'
  ...
# Subtest: W388A.3 short-lived intent excludes secret-looking requests
ok 130 - W388A.3 short-lived intent excludes secret-looking requests
  ---
  duration_ms: 0.684386
  type: 'test'
  ...
# Subtest: W388A.3 gate keeps no connector, posting, tracking or referral claim
ok 131 - W388A.3 gate keeps no connector, posting, tracking or referral claim
  ---
  duration_ms: 1.322756
  type: 'test'
  ...
# Subtest: W388B lists global creator connector plans without enabling OAuth or posting
ok 132 - W388B lists global creator connector plans without enabling OAuth or posting
  ---
  duration_ms: 0.664752
  type: 'test'
  ...
# Subtest: W389 local Forge preflight cannot connect or deploy
ok 133 - W389 local Forge preflight cannot connect or deploy
  ---
  duration_ms: 0.595476
  type: 'test'
  ...
# Subtest: W388B/W389 static architecture gate passes without OAuth or deploy
ok 134 - W388B/W389 static architecture gate passes without OAuth or deploy
  ---
  duration_ms: 1.447905
  type: 'test'
  ...
# Subtest: W429 keeps the Command Deck inside Babylon with seven bounded stations
ok 135 - W429 keeps the Command Deck inside Babylon with seven bounded stations
  ---
  duration_ms: 1.700825
  type: 'test'
  ...
# Subtest: W429 renders review-first Command Deck actions through the Babylon route only
ok 136 - W429 renders review-first Command Deck actions through the Babylon route only
  ---
  duration_ms: 4.063341
  type: 'test'
  ...
# Subtest: W429 source gate is green without claiming device gameplay proof
ok 137 - W429 source gate is green without claiming device gameplay proof
  ---
  duration_ms: 5.544543
  type: 'test'
  ...
# Subtest: W395 keeps Google identity source readiness separate from live deployment proof
ok 138 - W395 keeps Google identity source readiness separate from live deployment proof
  ---
  duration_ms: 1.135072
  type: 'test'
  ...
# Subtest: W395 static readiness gate passes without certifying a live login or restore flow
ok 139 - W395 static readiness gate passes without certifying a live login or restore flow
  ---
  duration_ms: 5.370807
  type: 'test'
  ...
# Subtest: W396 creates only a redacted manual evidence board and never a release certificate
ok 140 - W396 creates only a redacted manual evidence board and never a release certificate
  ---
  duration_ms: 1.875703
  type: 'test'
  ...
# Subtest: W396 redacts secret-shaped notes and keeps no cloud-sync claims
ok 141 - W396 redacts secret-shaped notes and keeps no cloud-sync claims
  ---
  duration_ms: 0.362365
  type: 'test'
  ...
# Subtest: W396 source gate remains manual-proof-only
ok 142 - W396 source gate remains manual-proof-only
  ---
  duration_ms: 0.907765
  type: 'test'
  ...
# Subtest: W397 keeps source success separate from human production release approval
ok 143 - W397 keeps source success separate from human production release approval
  ---
  duration_ms: 1.79734
  type: 'test'
  ...
# Subtest: W397 board has no release, storage, network, Collection, referral or connector activation
ok 144 - W397 board has no release, storage, network, Collection, referral or connector activation
  ---
  duration_ms: 0.305212
  type: 'test'
  ...
# Subtest: W397 source audit gate exposes every remaining manual blocker
ok 145 - W397 source audit gate exposes every remaining manual blocker
  ---
  duration_ms: 1.540674
  type: 'test'
  ...
# Subtest: W398/W399 local creator pilot diagnostics require opt-in and store counts only
ok 146 - W398/W399 local creator pilot diagnostics require opt-in and store counts only
  ---
  duration_ms: 0.832935
  type: 'test'
  ...
# Subtest: W398/W399 static gate passes without remote analytics
ok 147 - W398/W399 static gate passes without remote analytics
  ---
  duration_ms: 0.513149
  type: 'test'
  ...
# Subtest: W399 holds every future external or value-bearing system inactive
ok 148 - W399 holds every future external or value-bearing system inactive
  ---
  duration_ms: 320.528784
  type: 'test'
  ...
# Subtest: W423 opens an explicit guest-to-Google card without asking a guest to continue as guest
ok 149 - W423 opens an explicit guest-to-Google card without asking a guest to continue as guest
  ---
  duration_ms: 1.338232
  type: 'test'
  ...
# Subtest: W400C source gate passes
ok 150 - W400C source gate passes
  ---
  duration_ms: 1.693265
  type: 'test'
  ...
# Subtest: W423 keeps one canonical Babylon City and redirects cached legacy routes
ok 151 - W423 keeps one canonical Babylon City and redirects cached legacy routes
  ---
  duration_ms: 1.10053
  type: 'test'
  ...
# Subtest: W423 uses an explicit compact guest sign-in card with no redundant guest action
ok 152 - W423 uses an explicit compact guest sign-in card with no redundant guest action
  ---
  duration_ms: 0.619624
  type: 'test'
  ...
# Subtest: W423 source gate passes and remains source-only
ok 153 - W423 source gate passes and remains source-only # SKIP
  ---
  duration_ms: 0.076051
  type: 'test'
  ...
# Subtest: W406/W407 keeps action gateway disabled until server proof
ok 154 - W406/W407 keeps action gateway disabled until server proof
  ---
  duration_ms: 0.786187
  type: 'test'
  ...
# Subtest: W406/W407 static source gate passes without an external action
ok 155 - W406/W407 static source gate passes without an external action
  ---
  duration_ms: 1.001099
  type: 'test'
  ...
1..155
# tests 155
# suites 0
# pass 136
# fail 0
# cancelled 0
# skipped 19
# todo 0
# duration_ms 2572.276243

[dependency-free] chunk 4/10 (40)
TAP version 13
# Subtest: R4-COMM-01 makes Graphite the product default without overwriting explicit choices
ok 1 - R4-COMM-01 makes Graphite the product default without overwriting explicit choices
  ---
  duration_ms: 1.203191
  type: 'test'
  ...
# Subtest: R4-COMM-01 keeps commerce inactive and blocks subscription-percentage referrals
ok 2 - R4-COMM-01 keeps commerce inactive and blocks subscription-percentage referrals
  ---
  duration_ms: 0.128523
  type: 'test'
  ...
# Subtest: R4-COMM-01 models a generous free core plus planned maintained packs, not fake feature locks
ok 3 - R4-COMM-01 models a generous free core plus planned maintained packs, not fake feature locks
  ---
  duration_ms: 0.134367
  type: 'test'
  ...
# Subtest: R4-COMM-01 source gate passes
ok 4 - R4-COMM-01 source gate passes
  ---
  duration_ms: 0.80971
  type: 'test'
  ...
# Subtest: W236 keeps the Access Milestone pilot at no-go until independent approval evidence exists
ok 5 - W236 keeps the Access Milestone pilot at no-go until independent approval evidence exists
  ---
  duration_ms: 0.638529
  type: 'test'
  ...
# Subtest: W237 has no sponsored discovery in Chat or protected app surfaces
ok 6 - W237 has no sponsored discovery in Chat or protected app surfaces
  ---
  duration_ms: 0.212272
  type: 'test'
  ...
# Subtest: W238 keeps old value-system families outside the production source graph in the lean handover
ok 7 - W238 keeps old value-system families outside the production source graph in the lean handover
  ---
  duration_ms: 0.723131
  type: 'test'
  ...
# Subtest: W238 active-surface import fence excludes archived source and commercial/provider literals
ok 8 - W238 active-surface import fence excludes archived source and commercial/provider literals
  ---
  duration_ms: 152.632562
  type: 'test'
  ...
# Subtest: W239 quarantines nested legacy Tool and Game routes before production output
ok 9 - W239 quarantines nested legacy Tool and Game routes before production output # SKIP
  ---
  duration_ms: 0.512496
  type: 'test'
  ...
# Subtest: R4-COMM-01 makes Graphite the default and migrates retired legacy theme values safely
ok 10 - R4-COMM-01 makes Graphite the default and migrates retired legacy theme values safely
  ---
  duration_ms: 0.437257
  type: 'test'
  ...
# Subtest: W242 keeps active routes outside legacy value modules, runtime wallet configuration, and EVM address literals
ok 11 - W242 keeps active routes outside legacy value modules, runtime wallet configuration, and EVM address literals
  ---
  duration_ms: 93.579048
  type: 'test'
  ...
# Subtest: W242 keeps retired wallet/payment authority outside the active source tree in a lean handover
ok 12 - W242 keeps retired wallet/payment authority outside the active source tree in a lean handover
  ---
  duration_ms: 89.631451
  type: 'test'
  ...
# Subtest: W243 keeps a simple ChatGPT-style public navigation with one canonical EONAPP hierarchy
ok 13 - W243 keeps a simple ChatGPT-style public navigation with one canonical EONAPP hierarchy # SKIP
  ---
  duration_ms: 0.48295
  type: 'test'
  ...
# Subtest: W243 applies Graphite, Obsidian, or Neon Night before core-route styles render
ok 14 - W243 applies Graphite, Obsidian, or Neon Night before core-route styles render # SKIP
  ---
  duration_ms: 0.087003
  type: 'test'
  ...
# Subtest: W244 requires explicit local runtime probing and fresh provider verification
ok 15 - W244 requires explicit local runtime probing and fresh provider verification
  ---
  duration_ms: 2.585134
  type: 'test'
  ...
# Subtest: W244 keeps raw provider-key entry in Vault and replaces retired setup destinations
ok 16 - W244 keeps raw provider-key entry in Vault and replaces retired setup destinations
  ---
  duration_ms: 5.29273
  type: 'test'
  ...
# Subtest: W244 does not let Chat auto-select a detected local runtime
ok 17 - W244 does not let Chat auto-select a detected local runtime
  ---
  duration_ms: 0.879712
  type: 'test'
  ...
# Subtest: W244 never performs a loopback scan from a public origin without user intent
ok 18 - W244 never performs a loopback scan from a public origin without user intent
  ---
  duration_ms: 20.217721
  type: 'test'
  ...
# Subtest: W244 auto routing selects only a currently verified provider or Local AI self-test
ok 19 - W244 auto routing selects only a currently verified provider or Local AI self-test
  ---
  duration_ms: 4.032427
  type: 'test'
  ...
# Subtest: W247 keeps all current value-capability registries disabled and terminal
ok 20 - W247 keeps all current value-capability registries disabled and terminal
  ---
  duration_ms: 0.825773
  type: 'test'
  ...
# Subtest: W247 fences inactive wallet, reward, lootbox, cloud-referral and legacy Vault modules from live routes
ok 21 - W247 fences inactive wallet, reward, lootbox, cloud-referral and legacy Vault modules from live routes
  ---
  duration_ms: 93.908073
  type: 'test'
  ...
# Subtest: W247 keeps Market/reward value systems absent while allowing the canonical Dodo subscription rail
ok 22 - W247 keeps Market/reward value systems absent while allowing the canonical Dodo subscription rail # SKIP
  ---
  duration_ms: 0.082278
  type: 'test'
  ...
# Subtest: W247 rejects a milestone grant without local value-state mutation
ok 23 - W247 rejects a milestone grant without local value-state mutation
  ---
  duration_ms: 0.178631
  type: 'test'
  ...
# Subtest: W247 removes value-bearing Automation Studio records and turns value requests into local boundary review only
ok 24 - W247 removes value-bearing Automation Studio records and turns value requests into local boundary review only
  ---
  duration_ms: 1.0412
  type: 'test'
  ...
# Subtest: W248/W360 keep the identity-gated City entry, City Overview and Three.js Spatial Command Space distinct
ok 25 - W248/W360 keep the identity-gated City entry, City Overview and Three.js Spatial Command Space distinct # SKIP
  ---
  duration_ms: 0.611314
  type: 'test'
  ...
# Subtest: W248 makes City destination routing prepare, review, and require a separate user confirmation
ok 26 - W248 makes City destination routing prepare, review, and require a separate user confirmation
  ---
  duration_ms: 1.489642
  type: 'test'
  ...
# Subtest: W248 keeps City Overview and Spatial Command Space on one safe CityWorldState rather than a second game state
ok 27 - W248 keeps City Overview and Spatial Command Space on one safe CityWorldState rather than a second game state
  ---
  duration_ms: 0.898944
  type: 'test'
  ...
# Subtest: W249/W659K keep Babylon inside the authenticated entry action while canonical EON City enters directly
ok 28 - W249/W659K keep Babylon inside the authenticated entry action while canonical EON City enters directly
  ---
  duration_ms: 4.974547
  type: 'test'
  ...
# Subtest: W249 Immersive Work Mode is full-screen and landscape-first with accessible touch controls and a safe fallback
ok 29 - W249 Immersive Work Mode is full-screen and landscape-first with accessible touch controls and a safe fallback # SKIP
  ---
  duration_ms: 0.085264
  type: 'test'
  ...
# Subtest: W249 Immersive Work Mode only records local performance evidence and cannot execute product actions
ok 30 - W249 Immersive Work Mode only records local performance evidence and cannot execute product actions
  ---
  duration_ms: 4.406442
  type: 'test'
  ...
# Subtest: W249 capability policy is a local hint rather than a device lockout
ok 31 - W249 capability policy is a local hint rather than a device lockout
  ---
  duration_ms: 0.324346
  type: 'test'
  ...
# Subtest: W250 migrates CityWorldState V1 into allowlisted V2 Play preferences without carrying private fields
ok 32 - W250 migrates CityWorldState V1 into allowlisted V2 Play preferences without carrying private fields
  ---
  duration_ms: 5.191435
  type: 'test'
  ...
# Subtest: W250 only prepares registered internal City routes and requires a fresh separate confirmation
ok 33 - W250 only prepares registered internal City routes and requires a fresh separate confirmation
  ---
  duration_ms: 0.935308
  type: 'test'
  ...
# Subtest: W250 destination registry is finite, internal, and excludes value-bearing or remote routes
ok 34 - W250 destination registry is finite, internal, and excludes value-bearing or remote routes
  ---
  duration_ms: 0.370653
  type: 'test'
  ...
# Subtest: W250 Babylon interaction exposes nearby landmarks and a review sheet but never navigates from code
ok 35 - W250 Babylon interaction exposes nearby landmarks and a review sheet but never navigates from code
  ---
  duration_ms: 4.229659
  type: 'test'
  ...
# Subtest: W250 stores only a user-selected Play preference and landmark marker in CityWorldState
ok 36 - W250 stores only a user-selected Play preference and landmark marker in CityWorldState
  ---
  duration_ms: 1.133532
  type: 'test'
  ...
# Subtest: W251 creates an opaque Workspace mission receipt only from the reviewed Archive route
ok 37 - W251 creates an opaque Workspace mission receipt only from the reviewed Archive route
  ---
  duration_ms: 3.398283
  type: 'test'
  ...
# Subtest: W251 rejects every non-Workspace or non-Archive prepared route
ok 38 - W251 rejects every non-Workspace or non-Archive prepared route
  ---
  duration_ms: 0.355715
  type: 'test'
  ...
# Subtest: W251 preserves explicit user choice: offered → opened → completed, with a separate safe return receipt
ok 39 - W251 preserves explicit user choice: offered → opened → completed, with a separate safe return receipt
  ---
  duration_ms: 0.753003
  type: 'test'
  ...
# Subtest: W251 expiry, dismissal, and receipt lookup fail closed
ok 40 - W251 expiry, dismissal, and receipt lookup fail closed
  ---
  duration_ms: 0.269081
  type: 'test'
  ...
# Subtest: W251 City and Workspace source present a visible choice, user-created project, and safe return with no automatic navigation
ok 41 - W251 City and Workspace source present a visible choice, user-created project, and safe return with no automatic navigation
  ---
  duration_ms: 3.247722
  type: 'test'
  ...
# Subtest: W252 art direction is original, source-controlled and cannot introduce a runtime asset fetch
ok 42 - W252 art direction is original, source-controlled and cannot introduce a runtime asset fetch
  ---
  duration_ms: 0.870181
  type: 'test'
  ...
# Subtest: W252 profiles impose bounded original-art detail instead of promising one graphics level for every device
ok 43 - W252 profiles impose bounded original-art detail instead of promising one graphics level for every device
  ---
  duration_ms: 0.210246
  type: 'test'
  ...
# Subtest: W252/W649 Babylon scene preserves the original procedural shell while loading only approved same-origin binary art
ok 44 - W252/W649 Babylon scene preserves the original procedural shell while loading only approved same-origin binary art
  ---
  duration_ms: 4.023208
  type: 'test'
  ...
# Subtest: W253 gives City Play an explicit touch, keyboard, controller and safe-exit control guide
ok 45 - W253 gives City Play an explicit touch, keyboard, controller and safe-exit control guide
  ---
  duration_ms: 4.698966
  type: 'test'
  ...
# Subtest: W253 keeps orientation/fullscreen best-effort and City app actions separately confirmed
ok 46 - W253 keeps orientation/fullscreen best-effort and City app actions separately confirmed
  ---
  duration_ms: 4.44704
  type: 'test'
  ...
# Subtest: W364 normalizes local analogue movement vectors without retaining input state
ok 47 - W364 normalizes local analogue movement vectors without retaining input state
  ---
  duration_ms: 1.151838
  type: 'test'
  ...
# Subtest: W364 gives City Play a real analogue, keyboard, mouse, gamepad and minimap contract
ok 48 - W364 gives City Play a real analogue, keyboard, mouse, gamepad and minimap contract
  ---
  duration_ms: 4.9492
  type: 'test'
  ...
# Subtest: W364 retains route review, local-only limits and lifecycle cleanup
ok 49 - W364 retains route review, local-only limits and lifecycle cleanup
  ---
  duration_ms: 4.682588
  type: 'test'
  ...
# Subtest: W365 catalog truth: local engineering candidates are loadable while planned assets retain procedural fallbacks
ok 50 - W365 catalog truth: local engineering candidates are loadable while planned assets retain procedural fallbacks
  ---
  duration_ms: 1.981953
  type: 'test'
  ...
# Subtest: W365 rejects remote, unreviewed or malformed shipped asset variants
ok 51 - W365 rejects remote, unreviewed or malformed shipped asset variants
  ---
  duration_ms: 1.385235
  type: 'test'
  ...
# Subtest: W365 quality tiers remain bounded and runtime loads only catalog-provenanced local candidates
ok 52 - W365 quality tiers remain bounded and runtime loads only catalog-provenanced local candidates
  ---
  duration_ms: 0.914055
  type: 'test'
  ...
# Subtest: W365 times out a stalled Babylon asset adapter instead of waiting forever
ok 53 - W365 times out a stalled Babylon asset adapter instead of waiting forever
  ---
  duration_ms: 251.536024
  type: 'test'
  ...
# Subtest: W365 material policy keeps PBR values, truth signal colours and texture boundaries bounded
ok 54 - W365 material policy keeps PBR values, truth signal colours and texture boundaries bounded
  ---
  duration_ms: 0.511616
  type: 'test'
  ...
# Subtest: W365 disposal adapters release supplied Three.js/Babylon handles without requiring engine packages in the test
ok 55 - W365 disposal adapters release supplied Three.js/Babylon handles without requiring engine packages in the test
  ---
  duration_ms: 0.255939
  type: 'test'
  ...
# Subtest: W406B maps current first-frame art to local engineering candidates or planned local fallbacks
ok 56 - W406B maps current first-frame art to local engineering candidates or planned local fallbacks
  ---
  duration_ms: 1.143928
  type: 'test'
  ...
# Subtest: W406B keeps a bounded Babylon first-frame plan with Lite fallback and candidate load selection
ok 57 - W406B keeps a bounded Babylon first-frame plan with Lite fallback and candidate load selection
  ---
  duration_ms: 0.720687
  type: 'test'
  ...
# Subtest: W406B summary remains a local engineering-candidate record, never final visual release approval
ok 58 - W406B summary remains a local engineering-candidate record, never final visual release approval
  ---
  duration_ms: 1.619374
  type: 'test'
  ...
# Subtest: W406B rejects unknown, remotely described or duplicate-priority intake entries
ok 59 - W406B rejects unknown, remotely described or duplicate-priority intake entries
  ---
  duration_ms: 0.342585
  type: 'test'
  ...
# Subtest: W406B source gate stays provenance-first and source-only
ok 60 - W406B source gate stays provenance-first and source-only
  ---
  duration_ms: 2.436009
  type: 'test'
  ...
# Subtest: W407 Arrival District keeps the canonical five-part first frame and visible non-rewarding mission
ok 61 - W407 Arrival District keeps the canonical five-part first frame and visible non-rewarding mission
  ---
  duration_ms: 1.368166
  type: 'test'
  ...
# Subtest: W407 retains local candidate-art truth without claiming final visual release
ok 62 - W407 retains local candidate-art truth without claiming final visual release
  ---
  duration_ms: 1.923974
  type: 'test'
  ...
# Subtest: W407 rejects automatic routing or forbidden remote values
ok 63 - W407 rejects automatic routing or forbidden remote values
  ---
  duration_ms: 0.216417
  type: 'test'
  ...
# Subtest: W407 source gate remains source-only and Babylon-canonical
ok 64 - W407 source gate remains source-only and Babylon-canonical
  ---
  duration_ms: 2.17407
  type: 'test'
  ...
# Subtest: W408 keeps Creator Atrium and Forge Bay as two authored local City districts
ok 65 - W408 keeps Creator Atrium and Forge Bay as two authored local City districts
  ---
  duration_ms: 1.166824
  type: 'test'
  ...
# Subtest: W408 reuses the existing W404 launch allowlist without a hidden new route
ok 66 - W408 reuses the existing W404 launch allowlist without a hidden new route
  ---
  duration_ms: 0.205779
  type: 'test'
  ...
# Subtest: W408 retains local candidate truth while its own buildings remain planned/fallback-only
ok 67 - W408 retains local candidate truth while its own buildings remain planned/fallback-only
  ---
  duration_ms: 1.252216
  type: 'test'
  ...
# Subtest: W408 rejects automatic navigation and forbidden remote values
ok 68 - W408 rejects automatic navigation and forbidden remote values
  ---
  duration_ms: 0.34069
  type: 'test'
  ...
# Subtest: W408 source gate remains source-only and Babylon-canonical
ok 69 - W408 source gate remains source-only and Babylon-canonical
  ---
  duration_ms: 4.785963
  type: 'test'
  ...
# Subtest: W409 keeps weather, day/night, NPCs and ambient life bounded and local
ok 70 - W409 keeps weather, day/night, NPCs and ambient life bounded and local
  ---
  duration_ms: 1.06323
  type: 'test'
  ...
# Subtest: W409 quality profiles stop optional living effects under reduced effects
ok 71 - W409 quality profiles stop optional living effects under reduced effects
  ---
  duration_ms: 0.146285
  type: 'test'
  ...
# Subtest: W409 mission board cannot become an automatic or rewarding action
ok 72 - W409 mission board cannot become an automatic or rewarding action
  ---
  duration_ms: 0.269348
  type: 'test'
  ...
# Subtest: W409 retains local candidate-art truth without final visual certification
ok 73 - W409 retains local candidate-art truth without final visual certification
  ---
  duration_ms: 1.360567
  type: 'test'
  ...
# Subtest: W409 source gate remains source-only and Babylon-canonical
ok 74 - W409 source gate remains source-only and Babylon-canonical
  ---
  duration_ms: 4.358168
  type: 'test'
  ...
# Subtest: W410 names an exact manual City validation matrix and stays pending without observations
ok 75 - W410 names an exact manual City validation matrix and stays pending without observations
  ---
  duration_ms: 0.746287
  type: 'test'
  ...
# Subtest: W410 requires a foreground save and strips secret-like notes
ok 76 - W410 requires a foreground save and strips secret-like notes
  ---
  duration_ms: 1.22709
  type: 'test'
  ...
# Subtest: W410 local export and clear never claim upload or certification
ok 77 - W410 local export and clear never claim upload or certification
  ---
  duration_ms: 0.338385
  type: 'test'
  ...
# Subtest: W410 truth and source gate remain manual, local and non-certifying
ok 78 - W410 truth and source gate remain manual, local and non-certifying
  ---
  duration_ms: 4.609689
  type: 'test'
  ...
# Subtest: W413 ships four finite authored templates and does not market an open project world
ok 79 - W413 ships four finite authored templates and does not market an open project world
  ---
  duration_ms: 1.192194
  type: 'test'
  ...
# Subtest: W413 requires a visible action, validates a bounded local session, and rejects secret-like labels
ok 80 - W413 requires a visible action, validates a bounded local session, and rejects secret-like labels
  ---
  duration_ms: 3.944314
  type: 'test'
  ...
# Subtest: W413 steps and postcard remain explicit, session-local, and public-safe
ok 81 - W413 steps and postcard remain explicit, session-local, and public-safe
  ---
  duration_ms: 1.257635
  type: 'test'
  ...
# Subtest: W414 completes the three remaining Living Creator Metropolis district surfaces without activation
ok 82 - W414 completes the three remaining Living Creator Metropolis district surfaces without activation
  ---
  duration_ms: 0.483378
  type: 'test'
  ...
# Subtest: W413/W414 gate retains source-only proof boundaries
ok 83 - W413/W414 gate retains source-only proof boundaries
  ---
  duration_ms: 6.322549
  type: 'test'
  ...
# Subtest: W416 exposes a PBR procedural renderer profile without claiming binary final art
ok 84 - W416 exposes a PBR procedural renderer profile without claiming binary final art
  ---
  duration_ms: 0.54675
  type: 'test'
  ...
# Subtest: W416 limits shadows to cinematic opt-in quality
ok 85 - W416 limits shadows to cinematic opt-in quality
  ---
  duration_ms: 0.577992
  type: 'test'
  ...
# Subtest: W416 renderer-hardening gate retains explicit proof limits
ok 86 - W416 renderer-hardening gate retains explicit proof limits
  ---
  duration_ms: 2.278598
  type: 'test'
  ...
# Subtest: W416 City art direction does not assign a getter-only Babylon scene property
ok 87 - W416 City art direction does not assign a getter-only Babylon scene property
  ---
  duration_ms: 1.515911
  type: 'test'
  ...
# Subtest: W416 Babylon shadow generator registers its required scene side effect
ok 88 - W416 Babylon shadow generator registers its required scene side effect
  ---
  duration_ms: 1.778119
  type: 'test'
  ...
# Subtest: W417 distinguishes local engineering candidates from final visual-release approval
ok 89 - W417 distinguishes local engineering candidates from final visual-release approval
  ---
  duration_ms: 0.784625
  type: 'test'
  ...
# Subtest: W417 manifest validation fails closed before provenance, hash, LOD and proof evidence exist
ok 90 - W417 manifest validation fails closed before provenance, hash, LOD and proof evidence exist
  ---
  duration_ms: 0.593305
  type: 'test'
  ...
# Subtest: W417 release-preflight gate preserves the final-art boundary
ok 91 - W417 release-preflight gate preserves the final-art boundary
  ---
  duration_ms: 1.831303
  type: 'test'
  ...
# Subtest: W418 records every source-complete late-stage wave and keeps external proof separate
ok 92 - W418 records every source-complete late-stage wave and keeps external proof separate
  ---
  duration_ms: 0.771686
  type: 'test'
  ...
# Subtest: W418 prohibits final visual-grade and activation claims without external evidence
ok 93 - W418 prohibits final visual-grade and activation claims without external evidence
  ---
  duration_ms: 0.180895
  type: 'test'
  ...
# Subtest: W418 final-audit gate confirms the professional handover boundary
ok 94 - W418 final-audit gate confirms the professional handover boundary
  ---
  duration_ms: 1.621877
  type: 'test'
  ...
# Subtest: W419 foundation remains present inside the expanded original local vector City art system
ok 95 - W419 foundation remains present inside the expanded original local vector City art system
  ---
  duration_ms: 1.348638
  type: 'test'
  ...
# Subtest: W419 quality plans preserve mobile fallback while retaining a rich balanced and cinematic art kit
ok 96 - W419 quality plans preserve mobile fallback while retaining a rich balanced and cinematic art kit
  ---
  duration_ms: 1.799433
  type: 'test'
  ...
# Subtest: W419 source gate verifies hashes, same-origin paths and Babylon composition integration
ok 97 - W419 source gate verifies hashes, same-origin paths and Babylon composition integration
  ---
  duration_ms: 5.974221
  type: 'test'
  ...
# Subtest: W420 offers bounded local Lite, Balanced and Cinematic composition profiles
ok 98 - W420 offers bounded local Lite, Balanced and Cinematic composition profiles
  ---
  duration_ms: 1.202248
  type: 'test'
  ...
# Subtest: W420 rejects invalid external or unbounded source profile values
ok 99 - W420 rejects invalid external or unbounded source profile values
  ---
  duration_ms: 0.2709
  type: 'test'
  ...
# Subtest: W420 source gate retains no-final-art and no-device-proof boundaries
ok 100 - W420 source gate retains no-final-art and no-device-proof boundaries
  ---
  duration_ms: 1.970808
  type: 'test'
  ...
# Subtest: W421 exposes six bounded local cinematic City compositions
ok 101 - W421 exposes six bounded local cinematic City compositions
  ---
  duration_ms: 1.456125
  type: 'test'
  ...
# Subtest: W421 summarizes real shipped original vector art without a final-art claim
ok 102 - W421 summarizes real shipped original vector art without a final-art claim
  ---
  duration_ms: 2.22939
  type: 'test'
  ...
# Subtest: W421 source gate preserves local review and proof boundaries
ok 103 - W421 source gate preserves local review and proof boundaries
  ---
  duration_ms: 4.801215
  type: 'test'
  ...
# Subtest: W422 expands EON City to a 58-piece original local art system with controlled category budgets
ok 104 - W422 expands EON City to a 58-piece original local art system with controlled category budgets
  ---
  duration_ms: 2.16524
  type: 'test'
  ...
# Subtest: W422 quality tiers progressively select local vector art without a final binary-art claim
ok 105 - W422 quality tiers progressively select local vector art without a final binary-art claim
  ---
  duration_ms: 0.30836
  type: 'test'
  ...
# Subtest: W422 maps five authored City art chapters to thirty-three bounded local placements
ok 106 - W422 maps five authored City art chapters to thirty-three bounded local placements
  ---
  duration_ms: 0.832432
  type: 'test'
  ...
# Subtest: W422 art review exposes all 58 assets, filters/chapters and ten bounded local views
ok 107 - W422 art review exposes all 58 assets, filters/chapters and ten bounded local views
  ---
  duration_ms: 1.210231
  type: 'test'
  ...
# Subtest: W422 source gate keeps original art, local-only runtime and external final-art proof boundaries intact
ok 108 - W422 source gate keeps original art, local-only runtime and external final-art proof boundaries intact
  ---
  duration_ms: 6.68215
  type: 'test'
  ...
# Subtest: W426 supplies original-art NPC and building briefs without pretending binary hero assets are shipped
ok 109 - W426 supplies original-art NPC and building briefs without pretending binary hero assets are shipped
  ---
  duration_ms: 0.76108
  type: 'test'
  ...
# Subtest: W426 keeps City building and character upgrades as future visual previews with no entitlement reads
ok 110 - W426 keeps City building and character upgrades as future visual previews with no entitlement reads
  ---
  duration_ms: 0.433688
  type: 'test'
  ...
# Subtest: W426 connects texture drift only to local Babylon visual surfaces and honors pause/reduced effects
ok 111 - W426 connects texture drift only to local Babylon visual surfaces and honors pause/reduced effects
  ---
  duration_ms: 1.506383
  type: 'test'
  ...
# Subtest: W426 source gate passes and remains source-only
ok 112 - W426 source gate passes and remains source-only
  ---
  duration_ms: 1.521484
  type: 'test'
  ...
# Subtest: W427 records bounded redacted boot markers locally
ok 113 - W427 records bounded redacted boot markers locally
  ---
  duration_ms: 0.996082
  type: 'test'
  ...
# Subtest: W427 contract and source gate remain green without device claims
ok 114 - W427 contract and source gate remain green without device claims
  ---
  duration_ms: 3.618299
  type: 'test'
  ...
# Subtest: W427 gives the direct City route a bounded but less aggressive first-frame window
ok 115 - W427 gives the direct City route a bounded but less aggressive first-frame window
  ---
  duration_ms: 0.164267
  type: 'test'
  ...
# Subtest: W428 resolves legacy City mode identifiers to canonical Babylon City only
ok 116 - W428 resolves legacy City mode identifiers to canonical Babylon City only
  ---
  duration_ms: 1.034836
  type: 'test'
  ...
# Subtest: W428 source gate is green without deployed redirect claims
ok 117 - W428 source gate is green without deployed redirect claims
  ---
  duration_ms: 3.605236
  type: 'test'
  ...
# Subtest: W430 defines four source-controlled City regions across quality tiers
ok 118 - W430 defines four source-controlled City regions across quality tiers
  ---
  duration_ms: 2.811724
  type: 'test'
  ...
# Subtest: W430 static source gate stays green without final-art or device claims
ok 119 - W430 static source gate stays green without final-art or device claims
  ---
  duration_ms: 4.059311
  type: 'test'
  ...
# Subtest: W431 recommends local protection then visible safe mode without persistence
ok 120 - W431 recommends local protection then visible safe mode without persistence
  ---
  duration_ms: 4.415901
  type: 'test'
  ...
# Subtest: W431 lite is a user-controlled floor and never self-degrades
ok 121 - W431 lite is a user-controlled floor and never self-degrades
  ---
  duration_ms: 1.110304
  type: 'test'
  ...
# Subtest: W431 source gate remains green
ok 122 - W431 source gate remains green
  ---
  duration_ms: 3.971552
  type: 'test'
  ...
# Subtest: W432 accepts only a usable canonical report and rejects Chrome error pages
ok 123 - W432 accepts only a usable canonical report and rejects Chrome error pages
  ---
  duration_ms: 1.047327
  type: 'test'
  ...
# Subtest: W432 planned matrix remains external-evidence-only without reports and devices
ok 124 - W432 planned matrix remains external-evidence-only without reports and devices
  ---
  duration_ms: 0.840918
  type: 'test'
  ...
# Subtest: W432 static tooling gate remains green
ok 125 - W432 static tooling gate remains green
  ---
  duration_ms: 1.784464
  type: 'test'
  ...
# Subtest: W434 records only explicit real local events, dedupes them, and blocks sensitive details
ok 126 - W434 records only explicit real local events, dedupes them, and blocks sensitive details
  ---
  duration_ms: 2.519431
  type: 'test'
  ...
# Subtest: W434 requires user action for read state and stored category/quiet-hour preferences
ok 127 - W434 requires user action for read state and stored category/quiet-hour preferences
  ---
  duration_ms: 0.751625
  type: 'test'
  ...
# Subtest: W434 device delivery is fail-closed and markup states the boundary
ok 128 - W434 device delivery is fail-closed and markup states the boundary
  ---
  duration_ms: 0.466805
  type: 'test'
  ...
# Subtest: W434 static gate and truth remain local-only
ok 129 - W434 static gate and truth remain local-only
  ---
  duration_ms: 2.201037
  type: 'test'
  ...
# Subtest: W435 routes intent without retaining prompt text and requires a deliberate answer record
ok 130 - W435 routes intent without retaining prompt text and requires a deliberate answer record
  ---
  duration_ms: 5.825567
  type: 'test'
  ...
# Subtest: W435 enforces answer → draft → review → approval → completed with evidence receipts
ok 131 - W435 enforces answer → draft → review → approval → completed with evidence receipts
  ---
  duration_ms: 2.12663
  type: 'test'
  ...
# Subtest: W435 keeps failure, cancellation and retry local and reviewable
ok 132 - W435 keeps failure, cancellation and retry local and reviewable
  ---
  duration_ms: 1.528457
  type: 'test'
  ...
# Subtest: W435 gate and truth prevent agent or NPC release claims
ok 133 - W435 gate and truth prevent agent or NPC release claims
  ---
  duration_ms: 0.85723
  type: 'test'
  ...
# Subtest: W436 requires explicit reviewed evidence and creates no grant
ok 134 - W436 requires explicit reviewed evidence and creates no grant
  ---
  duration_ms: 3.201584
  type: 'test'
  ...
# Subtest: W436 rejects mismatched evidence and supports only confirmed local revocation
ok 135 - W436 rejects mismatched evidence and supports only confirmed local revocation
  ---
  duration_ms: 0.766382
  type: 'test'
  ...
# Subtest: W436 update survival proof is local source simulation only
ok 136 - W436 update survival proof is local source simulation only
  ---
  duration_ms: 0.673086
  type: 'test'
  ...
# Subtest: W436 gate and truth preserve a non-financial disabled Collection boundary
ok 137 - W436 gate and truth preserve a non-financial disabled Collection boundary
  ---
  duration_ms: 1.653819
  type: 'test'
  ...
# Subtest: W437 prepares a public-safe manual result-share review without delivery or tracking
ok 138 - W437 prepares a public-safe manual result-share review without delivery or tracking
  ---
  duration_ms: 1.863025
  type: 'test'
  ...
# Subtest: W437 requires explicit resource review and keeps invite drafts unsent
ok 139 - W437 requires explicit resource review and keeps invite drafts unsent
  ---
  duration_ms: 3.645223
  type: 'test'
  ...
# Subtest: W437 requires confirmation to revoke and cannot fabricate acceptance
ok 140 - W437 requires confirmation to revoke and cannot fabricate acceptance
  ---
  duration_ms: 1.370686
  type: 'test'
  ...
# Subtest: W437 gate and truth remain local and fail closed
ok 141 - W437 gate and truth remain local and fail closed
  ---
  duration_ms: 0.725513
  type: 'test'
  ...
# Subtest: W438 requires user and City-safe label approval before creating a private district
ok 142 - W438 requires user and City-safe label approval before creating a private district
  ---
  duration_ms: 3.215656
  type: 'test'
  ...
# Subtest: W438 builds deterministic City render plans with no private project reference or seed
ok 143 - W438 builds deterministic City render plans with no private project reference or seed
  ---
  duration_ms: 0.912756
  type: 'test'
  ...
# Subtest: W438 delete and restore remain local and use the same deterministic registry
ok 144 - W438 delete and restore remain local and use the same deterministic registry
  ---
  duration_ms: 0.672449
  type: 'test'
  ...
# Subtest: W438 gate and truth preserve the private, source-only boundary
ok 145 - W438 gate and truth preserve the private, source-only boundary
  ---
  duration_ms: 4.664334
  type: 'test'
  ...
1..145
# tests 145
# suites 0
# pass 139
# fail 0
# cancelled 0
# skipped 6
# todo 0
# duration_ms 2768.198556

[dependency-free] chunk 5/10 (40)
TAP version 13
# Subtest: CITY-ENGINE stages balanced City detail in deterministic frame order
ok 1 - CITY-ENGINE stages balanced City detail in deterministic frame order
  ---
  duration_ms: 2.849247
  type: 'test'
  ...
# Subtest: CITY-ENGINE respects reduced motion and Lite profile stage exclusions
ok 2 - CITY-ENGINE respects reduced motion and Lite profile stage exclusions
  ---
  duration_ms: 0.194591
  type: 'test'
  ...
# Subtest: CITY-MOBILE uses a companion instead of auto-starting a crowded portrait canvas
ok 3 - CITY-MOBILE uses a companion instead of auto-starting a crowded portrait canvas
  ---
  duration_ms: 0.60214
  type: 'test'
  ...
# Subtest: CITY-MOBILE keeps landscape exploration and desktop City distinct
ok 4 - CITY-MOBILE keeps landscape exploration and desktop City distinct
  ---
  duration_ms: 0.108509
  type: 'test'
  ...
# Subtest: CITY-MOBILE observer reports a real orientation change and cleans up listeners
ok 5 - CITY-MOBILE observer reports a real orientation change and cleans up listeners
  ---
  duration_ms: 0.654651
  type: 'test'
  ...
# Subtest: CITY-ROUTE strips legacy City fragment while preserving supported query parameters
ok 6 - CITY-ROUTE strips legacy City fragment while preserving supported query parameters
  ---
  duration_ms: 0.769422
  type: 'test'
  ...
# Subtest: CITY-ROUTE makes a clean replaceState update only when City URL is stale
ok 7 - CITY-ROUTE makes a clean replaceState update only when City URL is stale
  ---
  duration_ms: 1.106693
  type: 'test'
  ...
# Subtest: CITY-ROUTE leaves unrelated pages untouched
ok 8 - CITY-ROUTE leaves unrelated pages untouched
  ---
  duration_ms: 1.003892
  type: 'test'
  ...
# Subtest: CITY-ROUTE repairs physical City and Realm document aliases without dropping a supported query
ok 9 - CITY-ROUTE repairs physical City and Realm document aliases without dropping a supported query
  ---
  duration_ms: 0.204791
  type: 'test'
  ...
# Subtest: COMMERCIAL-RETIREMENT locks ads, Telegram reward mechanics and trading execution outside launch scope
ok 10 - COMMERCIAL-RETIREMENT locks ads, Telegram reward mechanics and trading execution outside launch scope # SKIP
  ---
  duration_ms: 0.515158
  type: 'test'
  ...
# Subtest: COMMERCIAL-RETIREMENT source gate retains a transparent legacy route without active campaigns
ok 11 - COMMERCIAL-RETIREMENT source gate retains a transparent legacy route without active campaigns # SKIP
  ---
  duration_ms: 0.180216
  type: 'test'
  ...
# Subtest: W254 adds a bounded local frame-time protection path without changing work or selected preferences
ok 12 - W254 adds a bounded local frame-time protection path without changing work or selected preferences
  ---
  duration_ms: 2.875935
  type: 'test'
  ...
# Subtest: W254 surfaces local performance protection honestly and keeps EON City available
ok 13 - W254 surfaces local performance protection honestly and keeps EON City available
  ---
  duration_ms: 4.064834
  type: 'test'
  ...
# Subtest: W255 makes the landmark registry the stable identity bridge across City state and 2D districts
ok 14 - W255 makes the landmark registry the stable identity bridge across City state and 2D districts
  ---
  duration_ms: 3.71344
  type: 'test'
  ...
# Subtest: W255 exposes the same five finite canonical routes in every City mode and leaves value-sensitive markers inert
ok 15 - W255 exposes the same five finite canonical routes in every City mode and leaves value-sensitive markers inert
  ---
  duration_ms: 0.477019
  type: 'test'
  ...
# Subtest: W255 prepares and confirms the same canonical action record from City Lite, Visual Tour and Play
ok 16 - W255 prepares and confirms the same canonical action record from City Lite, Visual Tour and Play
  ---
  duration_ms: 0.972107
  type: 'test'
  ...
# Subtest: W255 removes duplicated route tables and makes each renderer consume the registry-backed City contract
ok 17 - W255 removes duplicated route tables and makes each renderer consume the registry-backed City contract
  ---
  duration_ms: 1.854845
  type: 'test'
  ...
# Subtest: W256 makes sensitive and permission-guarded EONBOT commands reviewable while direct City stays a local user-tap route
ok 18 - W256 makes sensitive and permission-guarded EONBOT commands reviewable while direct City stays a local user-tap route
  ---
  duration_ms: 2.255846
  type: 'test'
  ...
# Subtest: W256 records a local Vault proposal only after review and returns to the same Chat route without retaining chat text
ok 19 - W256 records a local Vault proposal only after review and returns to the same Chat route without retaining chat text
  ---
  duration_ms: 4.417982
  type: 'test'
  ...
# Subtest: W256 expiry, cancellation and local failure never navigate or create an external effect
ok 20 - W256 expiry, cancellation and local failure never navigate or create an external effect
  ---
  duration_ms: 2.254001
  type: 'test'
  ...
# Subtest: W256 wires proposal review in Chat and a Vault-only explicit return control
ok 21 - W256 wires proposal review in Chat and a Vault-only explicit return control
  ---
  duration_ms: 1.706892
  type: 'test'
  ...
# Subtest: W257 fixes exactly three local-only beginner missions with bounded destinations and outcomes
ok 22 - W257 fixes exactly three local-only beginner missions with bounded destinations and outcomes
  ---
  duration_ms: 0.997456
  type: 'test'
  ...
# Subtest: W257 offers only reviewed matching City actions and receipts contain no project, model, endpoint, or secret content
ok 23 - W257 offers only reviewed matching City actions and receipts contain no project, model, endpoint, or secret content
  ---
  duration_ms: 3.501564
  type: 'test'
  ...
# Subtest: W257 records explicit local Project and Workspace outcomes only after an opened receipt
ok 24 - W257 records explicit local Project and Workspace outcomes only after an opened receipt
  ---
  duration_ms: 0.680382
  type: 'test'
  ...
# Subtest: W257 records a Local AI self-test result truthfully without treating a detected runtime as a success
ok 25 - W257 records a Local AI self-test result truthfully without treating a detected runtime as a success
  ---
  duration_ms: 0.493293
  type: 'test'
  ...
# Subtest: W257 supports explicit safe return, dismissal and expiry without automatic navigation
ok 26 - W257 supports explicit safe return, dismissal and expiry without automatic navigation
  ---
  duration_ms: 1.743625
  type: 'test'
  ...
# Subtest: W257 wires each City mode to prepared local missions and each destination to a truthful local outcome
ok 27 - W257 wires each City mode to prepared local missions and each destination to a truthful local outcome
  ---
  duration_ms: 2.472337
  type: 'test'
  ...
# Subtest: W259 preview mode is explicit and cannot be enabled by lookalike query values
ok 28 - W259 preview mode is explicit and cannot be enabled by lookalike query values
  ---
  duration_ms: 0.702791
  type: 'test'
  ...
# Subtest: W259 creates a bounded local-only session without account, chat, Vault, wallet or provider data
ok 29 - W259 creates a bounded local-only session without account, chat, Vault, wallet or provider data
  ---
  duration_ms: 0.603716
  type: 'test'
  ...
# Subtest: W259 accepts only finite events and tasks, de-duplicates task status and records bounded frames
ok 30 - W259 accepts only finite events and tasks, de-duplicates task status and records bounded frames
  ---
  duration_ms: 0.825422
  type: 'test'
  ...
# Subtest: W259 saves at most six local sessions and export is redacted JSON generated only by explicit action
ok 31 - W259 saves at most six local sessions and export is redacted JSON generated only by explicit action
  ---
  duration_ms: 0.906607
  type: 'test'
  ...
# Subtest: W259 wires a local preview drawer into only the explicit City Play preview path
ok 32 - W259 wires a local preview drawer into only the explicit City Play preview path
  ---
  duration_ms: 4.053587
  type: 'test'
  ...
# Subtest: W265 approves only a bounded local Orientation Hall expansion
ok 33 - W265 approves only a bounded local Orientation Hall expansion
  ---
  duration_ms: 1.157625
  type: 'test'
  ...
# Subtest: W286 preserves prior City state while exposing Orientation Hall in City Lite and Visual Tour
ok 34 - W286 preserves prior City state while exposing Orientation Hall in City Lite and Visual Tour
  ---
  duration_ms: 4.450544
  type: 'test'
  ...
# Subtest: W286 adds only source-controlled local presentation and keeps Babylon Play scoped to the command-district proof
ok 35 - W286 adds only source-controlled local presentation and keeps Babylon Play scoped to the command-district proof
  ---
  duration_ms: 2.797143
  type: 'test'
  ...
# Subtest: W366 Command District blueprint is original, bounded and route-review-only
ok 36 - W366 Command District blueprint is original, bounded and route-review-only
  ---
  duration_ms: 0.94899
  type: 'test'
  ...
# Subtest: W366 local First Command Route progresses only through allowlisted stages and stores no content
ok 37 - W366 local First Command Route progresses only through allowlisted stages and stores no content
  ---
  duration_ms: 1.951761
  type: 'test'
  ...
# Subtest: W366 rejects unsupported events and strips untrusted landmark identifiers
ok 38 - W366 rejects unsupported events and strips untrusted landmark identifiers
  ---
  duration_ms: 0.216622
  type: 'test'
  ...
# Subtest: W367 command projection stays local, bounded and free of private City content
ok 39 - W367 command projection stays local, bounded and free of private City content
  ---
  duration_ms: 1.659971
  type: 'test'
  ...
# Subtest: W367 camera controls are finite and invalid camera ids safely return to arrival
ok 40 - W367 camera controls are finite and invalid camera ids safely return to arrival
  ---
  duration_ms: 0.148747
  type: 'test'
  ...
# Subtest: W367 contract blocks remote, private and automatic behavior
ok 41 - W367 contract blocks remote, private and automatic behavior
  ---
  duration_ms: 0.579938
  type: 'test'
  ...
# Subtest: W368 exposes a small bounded EONBOT City intent catalogue
ok 42 - W368 exposes a small bounded EONBOT City intent catalogue
  ---
  duration_ms: 0.905988
  type: 'test'
  ...
# Subtest: W368 creates a local review-only plan while discarding typed City text
ok 43 - W368 creates a local review-only plan while discarding typed City text
  ---
  duration_ms: 7.599556
  type: 'test'
  ...
# Subtest: W368 return receipt stays bounded and local
ok 44 - W368 return receipt stays bounded and local
  ---
  duration_ms: 2.160149
  type: 'test'
  ...
# Subtest: W369 sound preferences are local, default-off and bounded
ok 45 - W369 sound preferences are local, default-off and bounded
  ---
  duration_ms: 1.327393
  type: 'test'
  ...
# Subtest: W369 starts local audio only after explicit activation and disposes it
ok 46 - W369 starts local audio only after explicit activation and disposes it
  ---
  duration_ms: 0.777067
  type: 'test'
  ...
# Subtest: W369 truth and contract prohibit remote audio, microphone and automatic voice
ok 47 - W369 truth and contract prohibit remote audio, microphone and automatic voice
  ---
  duration_ms: 0.154187
  type: 'test'
  ...
# Subtest: W370 saves only a bounded local Realm visual profile
ok 48 - W370 saves only a bounded local Realm visual profile
  ---
  duration_ms: 1.338081
  type: 'test'
  ...
# Subtest: W370 encrypted backup restores only presentation preferences
ok 49 - W370 encrypted backup restores only presentation preferences
  ---
  duration_ms: 129.219181
  type: 'test'
  ...
# Subtest: W370 contract and truth prohibit public publishing and cloud sync
ok 50 - W370 contract and truth prohibit public publishing and cloud sync
  ---
  duration_ms: 0.632996
  type: 'test'
  ...
# Subtest: W371 starts as an incomplete manual City device matrix
ok 51 - W371 starts as an incomplete manual City device matrix
  ---
  duration_ms: 2.065169
  type: 'test'
  ...
# Subtest: W371 requires explicit manual save and strips secret-like notes
ok 52 - W371 requires explicit manual save and strips secret-like notes
  ---
  duration_ms: 1.071768
  type: 'test'
  ...
# Subtest: W371 export and contract never create a certification claim
ok 53 - W371 export and contract never create a certification claim
  ---
  duration_ms: 0.346594
  type: 'test'
  ...
# Subtest: W372 starts pending and cannot create a visual certificate from source alone
ok 54 - W372 starts pending and cannot create a visual certificate from source alone
  ---
  duration_ms: 0.999227
  type: 'test'
  ...
# Subtest: W372 requires human observations and preserves pending independent review
ok 55 - W372 requires human observations and preserves pending independent review
  ---
  duration_ms: 0.913607
  type: 'test'
  ...
# Subtest: W372 contract and truth prohibit automatic browser/device/production proof
ok 56 - W372 contract and truth prohibit automatic browser/device/production proof
  ---
  duration_ms: 0.569249
  type: 'test'
  ...
# Subtest: W439 maps only W435 lifecycle receipts to sanitized City signals
ok 57 - W439 maps only W435 lifecycle receipts to sanitized City signals
  ---
  duration_ms: 8.344692
  type: 'test'
  ...
# Subtest: W439 completed signal requires a local result receipt and never begins an external effect
ok 58 - W439 completed signal requires a local result receipt and never begins an external effect
  ---
  duration_ms: 1.889395
  type: 'test'
  ...
# Subtest: W439 gate and truth reject live-agent claims
ok 59 - W439 gate and truth reject live-agent claims
  ---
  duration_ms: 2.085688
  type: 'test'
  ...
# Subtest: W440 prepares a redacted update review but never applies a service worker update
ok 60 - W440 prepares a redacted update review but never applies a service worker update
  ---
  duration_ms: 4.681417
  type: 'test'
  ...
# Subtest: W440 checklist review requires final confirmation and cannot fabricate a before/after result
ok 61 - W440 checklist review requires final confirmation and cannot fabricate a before/after result
  ---
  duration_ms: 1.090574
  type: 'test'
  ...
# Subtest: W440 gate and truth preserve external device proof requirements
ok 62 - W440 gate and truth preserve external device proof requirements
  ---
  duration_ms: 0.786889
  type: 'test'
  ...
# Subtest: W441 creates a local action review proposal only with explicit scope approval
ok 63 - W441 creates a local action review proposal only with explicit scope approval
  ---
  duration_ms: 1.496254
  type: 'test'
  ...
# Subtest: W441 holds explicit final approval but blocks any external execution request
ok 64 - W441 holds explicit final approval but blocks any external execution request
  ---
  duration_ms: 0.443261
  type: 'test'
  ...
# Subtest: W441 gate and truth keep Action Gateway external effects disabled
ok 65 - W441 gate and truth keep Action Gateway external effects disabled
  ---
  duration_ms: 0.919329
  type: 'test'
  ...
# Subtest: W442 records a local, expiring connector consent with explicit purpose approval
ok 66 - W442 records a local, expiring connector consent with explicit purpose approval
  ---
  duration_ms: 1.248304
  type: 'test'
  ...
# Subtest: W442 revokes only after confirmation and always blocks OAuth start
ok 67 - W442 revokes only after confirmation and always blocks OAuth start
  ---
  duration_ms: 0.365986
  type: 'test'
  ...
# Subtest: W442 gate and truth prevent connector activation claims
ok 68 - W442 gate and truth prevent connector activation claims
  ---
  duration_ms: 0.844306
  type: 'test'
  ...
# Subtest: W443 lists every commercial/provider plane as an explicit hold
ok 69 - W443 lists every commercial/provider plane as an explicit hold
  ---
  duration_ms: 1.184914
  type: 'test'
  ...
# Subtest: W443 activation requests fail closed without creating a provider or entitlement action
ok 70 - W443 activation requests fail closed without creating a provider or entitlement action
  ---
  duration_ms: 0.344833
  type: 'test'
  ...
# Subtest: W443 gate and truth retain all release holds
ok 71 - W443 gate and truth retain all release holds
  ---
  duration_ms: 0.553099
  type: 'test'
  ...
# Subtest: W444 builds a transparent blocked board while external evidence is absent
ok 72 - W444 builds a transparent blocked board while external evidence is absent
  ---
  duration_ms: 1.279706
  type: 'test'
  ...
# Subtest: W444 still refuses source-only certification even if all evidence flags are supplied
ok 73 - W444 still refuses source-only certification even if all evidence flags are supplied
  ---
  duration_ms: 0.239495
  type: 'test'
  ...
# Subtest: W444 gate and truth retain human release authority
ok 74 - W444 gate and truth retain human release authority
  ---
  duration_ms: 0.469589
  type: 'test'
  ...
# Subtest: W449 makes production HTML entrypoints explicit and keeps legacy source outside the active graph
ok 75 - W449 makes production HTML entrypoints explicit and keeps legacy source outside the active graph
  ---
  duration_ms: 97.632232
  type: 'test'
  ...
# Subtest: W450 records Dodo as approval-pending while every commerce action remains unavailable
ok 76 - W450 records Dodo as approval-pending while every commerce action remains unavailable
  ---
  duration_ms: 1.193204
  type: 'test'
  ...
# Subtest: W450 source gate proves Dodo readiness remains a no-network, fail-closed boundary
ok 77 - W450 source gate proves Dodo readiness remains a no-network, fail-closed boundary # SKIP
  ---
  duration_ms: 0.106767
  type: 'test'
  ...
# Subtest: W450.1 locks a non-public Dodo paid-tier envelope and one trial-eligible tier set
ok 78 - W450.1 locks a non-public Dodo paid-tier envelope and one trial-eligible tier set
  ---
  duration_ms: 1.075484
  type: 'test'
  ...
# Subtest: W450.1 keeps pricing, trial and checkout out of public billing until external proof
ok 79 - W450.1 keeps pricing, trial and checkout out of public billing until external proof # SKIP
  ---
  duration_ms: 0.157736
  type: 'test'
  ...
# Subtest: W451.1 produces a proof-gated Codex cleanup manifest without authorising deletion
ok 80 - W451.1 produces a proof-gated Codex cleanup manifest without authorising deletion
  ---
  duration_ms: 253.801198
  type: 'test'
  ...
# Subtest: W451 classifies every source file without placing historical material in the active graph
ok 81 - W451 classifies every source file without placing historical material in the active graph
  ---
  duration_ms: 170.963988
  type: 'test'
  ...
# Subtest: W452 keeps root Chat canonical, removes active legacy Chat links, and preserves transparent live billing copy
ok 82 - W452 keeps root Chat canonical, removes active legacy Chat links, and preserves transparent live billing copy # SKIP
  ---
  duration_ms: 0.506419
  type: 'test'
  ...
# Subtest: W452.1 makes every active Research Lab card use canonical /insights desk routes
ok 83 - W452.1 makes every active Research Lab card use canonical /insights desk routes
  ---
  duration_ms: 2.062241
  type: 'test'
  ...
# Subtest: W452.1 keeps retired Research Lab routes inbound-only and Dodo approval-gated
ok 84 - W452.1 keeps retired Research Lab routes inbound-only and Dodo approval-gated
  ---
  duration_ms: 1.463287
  type: 'test'
  ...
# Subtest: W452.2 keeps current sources on canonical route families and declared aliases inbound-only
ok 85 - W452.2 keeps current sources on canonical route families and declared aliases inbound-only
  ---
  duration_ms: 1.048641
  type: 'test'
  ...
# Subtest: W452.2 finds no retired alias emitted by current HTML or reachable runtime modules
ok 86 - W452.2 finds no retired alias emitted by current HTML or reachable runtime modules # SKIP
  ---
  duration_ms: 0.153356
  type: 'test'
  ...
# Subtest: W453 records bounded local renderer metrics without persisting or identifying a device
ok 87 - W453 records bounded local renderer metrics without persisting or identifying a device
  ---
  duration_ms: 3.80741
  type: 'test'
  ...
# Subtest: W453 ignores unusable frame samples and makes context loss a manual review condition
ok 88 - W453 ignores unusable frame samples and makes context loss a manual review condition
  ---
  duration_ms: 0.265943
  type: 'test'
  ...
# Subtest: W453 export is local-session supporting evidence and never an automatic device pass
ok 89 - W453 export is local-session supporting evidence and never an automatic device pass
  ---
  duration_ms: 0.406243
  type: 'test'
  ...
# Subtest: W453 source gate remains green
ok 90 - W453 source gate remains green
  ---
  duration_ms: 6.929453
  type: 'test'
  ...
# Subtest: W453.1 City edge proof stays route-contract driven and performs no request in dry-run mode
ok 91 - W453.1 City edge proof stays route-contract driven and performs no request in dry-run mode
  ---
  duration_ms: 2.14495
  type: 'test'
  ...
# Subtest: W453.1 verifies canonical City documents, every declared direct City alias, safe query preservation and delivered Service Worker markers without saving bodies
ok 92 - W453.1 verifies canonical City documents, every declared direct City alias, safe query preservation and delivered Service Worker markers without saving bodies
  ---
  duration_ms: 18.155023
  type: 'test'
  ...
# Subtest: W453.1 fails closed on an alias that drops the allowed City query instead of calling it canonical
ok 93 - W453.1 fails closed on an alias that drops the allowed City query instead of calling it canonical
  ---
  duration_ms: 3.889094
  type: 'test'
  ...
# Subtest: W453.1 source gate retains opt-in, privacy-safe production proof boundaries
ok 94 - W453.1 source gate retains opt-in, privacy-safe production proof boundaries
  ---
  duration_ms: 0.812015
  type: 'test'
  ...
# Subtest: W457.1 creates an explicit Android/iOS/controls packet that stays pending
ok 95 - W457.1 creates an explicit Android/iOS/controls packet that stays pending
  ---
  duration_ms: 1.571577
  type: 'test'
  ...
# Subtest: W457.1 reuses local cinematic review views and transparent Share Pack boundaries
ok 96 - W457.1 reuses local cinematic review views and transparent Share Pack boundaries
  ---
  duration_ms: 0.227412
  type: 'test'
  ...
# Subtest: W457.1 exports instructions only and cannot create a device or posting claim
ok 97 - W457.1 exports instructions only and cannot create a device or posting claim
  ---
  duration_ms: 0.42302
  type: 'test'
  ...
# Subtest: W457.1 source gate remains honest about the real device and share review still required
ok 98 - W457.1 source gate remains honest about the real device and share review still required
  ---
  duration_ms: 2.363163
  type: 'test'
  ...
# Subtest: W459.1 prepares only a redacted local rehearsal and does not read protected values
ok 99 - W459.1 prepares only a redacted local rehearsal and does not read protected values
  ---
  duration_ms: 2.188566
  type: 'test'
  ...
# Subtest: W459.1 requires deliberate acknowledgement but never turns a plan into recovery certification
ok 100 - W459.1 requires deliberate acknowledgement but never turns a plan into recovery certification
  ---
  duration_ms: 0.838622
  type: 'test'
  ...
# Subtest: W459.1 protects its own redacted record in W145 and preserves source-only boundaries
ok 101 - W459.1 protects its own redacted record in W145 and preserves source-only boundaries
  ---
  duration_ms: 2.089559
  type: 'test'
  ...
# Subtest: W460.1 forwards only a current W435 local receipt and never seeds stored history as new activity
ok 102 - W460.1 forwards only a current W435 local receipt and never seeds stored history as new activity
  ---
  duration_ms: 12.348638
  type: 'test'
  ...
# Subtest: W460.1 accepts only a sanitized current local receipt and produces no external-action claim
ok 103 - W460.1 accepts only a sanitized current local receipt and produces no external-action claim
  ---
  duration_ms: 1.019745
  type: 'test'
  ...
# Subtest: W460.1 fabric receipt stream emits only a receipt from the current mutation
ok 104 - W460.1 fabric receipt stream emits only a receipt from the current mutation
  ---
  duration_ms: 1.601064
  type: 'test'
  ...
# Subtest: W460.1 contract, deterministic gate and truth remain fail-closed
ok 105 - W460.1 contract, deterministic gate and truth remain fail-closed
  ---
  duration_ms: 1.387258
  type: 'test'
  ...
# Subtest: W461.1 stays HTTPS-only and dry by default without creating a network request
ok 106 - W461.1 stays HTTPS-only and dry by default without creating a network request
  ---
  duration_ms: 0.917972
  type: 'test'
  ...
# Subtest: W461.1 records only public response metadata/hash and validates current documents plus aliases
ok 107 - W461.1 records only public response metadata/hash and validates current documents plus aliases
  ---
  duration_ms: 2.060846
  type: 'test'
  ...
# Subtest: W461.1 fails closed when a redirect or page policy boundary is wrong
ok 108 - W461.1 fails closed when a redirect or page policy boundary is wrong
  ---
  duration_ms: 0.385205
  type: 'test'
  ...
# Subtest: W461.1 source gate remains passive and scope-safe
ok 109 - W461.1 source gate remains passive and scope-safe
  ---
  duration_ms: 4.216765
  type: 'test'
  ...
# Subtest: W462.1 consolidates current a11y, language, voice and security source controls without claiming external proof
ok 110 - W462.1 consolidates current a11y, language, voice and security source controls without claiming external proof # SKIP
  ---
  duration_ms: 0.718684
  type: 'test'
  ...
# Subtest: W462.1 static gate preserves the source-only external-evidence fence
ok 111 - W462.1 static gate preserves the source-only external-evidence fence # SKIP
  ---
  duration_ms: 0.148459
  type: 'test'
  ...
# Subtest: W466 keeps the post-retirement route and source-only contract stable
ok 112 - W466 keeps the post-retirement route and source-only contract stable
  ---
  duration_ms: 1.143916
  type: 'test'
  ...
# Subtest: W466 defaults to an explicit blocked evidence board
ok 113 - W466 defaults to an explicit blocked evidence board
  ---
  duration_ms: 0.344207
  type: 'test'
  ...
# Subtest: W466 permits only human review readiness, never self-certification
ok 114 - W466 permits only human review readiness, never self-certification
  ---
  duration_ms: 0.239006
  type: 'test'
  ...
# Subtest: W466 refuses review readiness with missing evidence
ok 115 - W466 refuses review readiness with missing evidence
  ---
  duration_ms: 0.338458
  type: 'test'
  ...
# Subtest: W466 deterministic gate stays green without claiming operational evidence
ok 116 - W466 deterministic gate stays green without claiming operational evidence
  ---
  duration_ms: 0.788616
  type: 'test'
  ...
# Subtest: W467 keeps a source-only redaction-safe handoff contract
ok 117 - W467 keeps a source-only redaction-safe handoff contract
  ---
  duration_ms: 2.702776
  type: 'test'
  ...
# Subtest: W467 creates an evidence-separated deployment handoff without approval claims
ok 118 - W467 creates an evidence-separated deployment handoff without approval claims
  ---
  duration_ms: 0.388482
  type: 'test'
  ...
# Subtest: W467 writer outputs only the requested redaction-safe template
ok 119 - W467 writer outputs only the requested redaction-safe template
  ---
  duration_ms: 0.844198
  type: 'test'
  ...
# Subtest: W467 deterministic gate stays green and blocked from deploying
ok 120 - W467 deterministic gate stays green and blocked from deploying
  ---
  duration_ms: 0.643138
  type: 'test'
  ...
1..120
# tests 120
# suites 0
# pass 112
# fail 0
# cancelled 0
# skipped 8
# todo 0
# duration_ms 2755.443757

[dependency-free] chunk 6/10 (40)
TAP version 13
# Subtest: R3-F1 current-source boundary remains clean in the lean continuation handover
ok 1 - R3-F1 current-source boundary remains clean in the lean continuation handover
  ---
  duration_ms: 103.568581
  type: 'test'
  ...
# Subtest: W260-R3 A1 records every active hosted contract with HTTPS model verification
ok 2 - W260-R3 A1 records every active hosted contract with HTTPS model verification
  ---
  duration_ms: 0.756939
  type: 'test'
  ...
# Subtest: W260-R3 A1 distinguishes retired NVIDIA NGC team paths from API Catalog inference
ok 3 - W260-R3 A1 distinguishes retired NVIDIA NGC team paths from API Catalog inference
  ---
  duration_ms: 0.472917
  type: 'test'
  ...
# Subtest: W260-R3 A1 board stays static-only and does not invent BYOK evidence
ok 4 - W260-R3 A1 board stays static-only and does not invent BYOK evidence
  ---
  duration_ms: 0.277263
  type: 'test'
  ...
# Subtest: W260-R3 A1 keeps API review records static and preserves the current DeepSeek contract
ok 5 - W260-R3 A1 keeps API review records static and preserves the current DeepSeek contract
  ---
  duration_ms: 0.114024
  type: 'test'
  ...
# Subtest: W260-R3 A2 identifies only valid HTTP redirect statuses
ok 6 - W260-R3 A2 identifies only valid HTTP redirect statuses
  ---
  duration_ms: 0.516891
  type: 'test'
  ...
# Subtest: W260-R3 A2 keeps all static redirect resolution inside the local origin
ok 7 - W260-R3 A2 keeps all static redirect resolution inside the local origin
  ---
  duration_ms: 0.141231
  type: 'test'
  ...
# Subtest: W260-R3 A2 parses exact Cloudflare redirect entries but ignores wildcard rewrites
ok 8 - W260-R3 A2 parses exact Cloudflare redirect entries but ignores wildcard rewrites
  ---
  duration_ms: 1.125298
  type: 'test'
  ...
# Subtest: W260-R3 A2 follows public redirect target and preserves query strings
ok 9 - W260-R3 A2 follows public redirect target and preserves query strings
  ---
  duration_ms: 0.247884
  type: 'test'
  ...
# Subtest: W260-R3 A2 static root guard rejects traversal and allows internal asset paths
ok 10 - W260-R3 A2 static root guard rejects traversal and allows internal asset paths
  ---
  duration_ms: 0.161307
  type: 'test'
  ...
# Subtest: W260-R3 A2 treats a Chrome error document as environment-blocked rather than a Lighthouse score
ok 11 - W260-R3 A2 treats a Chrome error document as environment-blocked rather than a Lighthouse score
  ---
  duration_ms: 0.159884
  type: 'test'
  ...
# Subtest: W260-R3 A2 only accepts a report with complete finite category scores
ok 12 - W260-R3 A2 only accepts a report with complete finite category scores
  ---
  duration_ms: 0.103115
  type: 'test'
  ...
# Subtest: W282 preflight classifies an absent navigation trace as browser-environment blocked, never as a score
ok 13 - W282 preflight classifies an absent navigation trace as browser-environment blocked, never as a score
  ---
  duration_ms: 0.141817
  type: 'test'
  ...
# Subtest: W282 preflight keeps an unknown missing report fail-closed
ok 14 - W282 preflight keeps an unknown missing report fail-closed
  ---
  duration_ms: 0.993193
  type: 'test'
  ...
# Subtest: W260-R3 A3 preserves inactive referral and milestone state
ok 15 - W260-R3 A3 preserves inactive referral and milestone state
  ---
  duration_ms: 0.827645
  type: 'test'
  ...
# Subtest: W260-R3 A3 keeps referral backend deployment outside the active Pages release
ok 16 - W260-R3 A3 keeps referral backend deployment outside the active Pages release
  ---
  duration_ms: 0.509226
  type: 'test'
  ...
# Subtest: W266 defines a local-only visual capture matrix without device or release claims
ok 17 - W266 defines a local-only visual capture matrix without device or release claims
  ---
  duration_ms: 0.8759
  type: 'test'
  ...
# Subtest: W266 only captures City Play through the exact W259 opt-in entry route
ok 18 - W266 only captures City Play through the exact W259 opt-in entry route
  ---
  duration_ms: 1.209179
  type: 'test'
  ...
# Subtest: W266 rejects a visual plan that claims external evidence or bypasses exact Preview opt-in
ok 19 - W266 rejects a visual plan that claims external evidence or bypasses exact Preview opt-in
  ---
  duration_ms: 0.382541
  type: 'test'
  ...
# Subtest: W266 classifies unavailable or policy-blocked browser infrastructure without treating it as app evidence
ok 20 - W266 classifies unavailable or policy-blocked browser infrastructure without treating it as app evidence
  ---
  duration_ms: 0.824824
  type: 'test'
  ...
# Subtest: W273 keeps City sensory preferences local and default-off
ok 21 - W273 keeps City sensory preferences local and default-off
  ---
  duration_ms: 1.199784
  type: 'test'
  ...
# Subtest: W273 emits no sound or vibration without explicit preference and only emits after a local action
ok 22 - W273 emits no sound or vibration without explicit preference and only emits after a local action
  ---
  duration_ms: 0.40332
  type: 'test'
  ...
# Subtest: W273 source gate passes and fails closed if default-off is changed
ok 23 - W273 source gate passes and fails closed if default-off is changed
  ---
  duration_ms: 65.821121
  type: 'test'
  ...
# Subtest: W274 compiles finite local orientation from an allowlisted landmark only
ok 24 - W274 compiles finite local orientation from an allowlisted landmark only
  ---
  duration_ms: 0.727758
  type: 'test'
  ...
# Subtest: W274 keeps unknown City orientation local and non-actionable
ok 25 - W274 keeps unknown City orientation local and non-actionable
  ---
  duration_ms: 0.223983
  type: 'test'
  ...
# Subtest: W274 source gate passes and fails closed if no-route boundary is removed
ok 26 - W274 source gate passes and fails closed if no-route boundary is removed
  ---
  duration_ms: 59.809101
  type: 'test'
  ...
# Subtest: W275-A0 validates bounded cache, protected navigation, and explicit update activation
ok 27 - W275-A0 validates bounded cache, protected navigation, and explicit update activation
  ---
  duration_ms: 2.270228
  type: 'test'
  ...
# Subtest: W275-A0 rejects auto activation and protected precache routes
ok 28 - W275-A0 rejects auto activation and protected precache routes
  ---
  duration_ms: 0.710621
  type: 'test'
  ...
# Subtest: W276 re-audit preserves every observed app-owned key, including dynamic keys
ok 29 - W276 re-audit preserves every observed app-owned key, including dynamic keys
  ---
  duration_ms: 2.438798
  type: 'test'
  ...
# Subtest: W276 re-audit rejects lost, changed, and unexpected dynamic app-owned keys
ok 30 - W276 re-audit rejects lost, changed, and unexpected dynamic app-owned keys
  ---
  duration_ms: 2.045258
  type: 'test'
  ...
# Subtest: W276 evidence board refuses release readiness without every external evidence lane
ok 31 - W276 evidence board refuses release readiness without every external evidence lane
  ---
  duration_ms: 0.449191
  type: 'test'
  ...
# Subtest: W277-A0 keeps local measurement opt-in, bounded, and transport-free
ok 32 - W277-A0 keeps local measurement opt-in, bounded, and transport-free
  ---
  duration_ms: 1.889017
  type: 'test'
  ...
# Subtest: W277-A0 rejects remote transport or a default-on measurement choice
ok 33 - W277-A0 rejects remote transport or a default-on measurement choice
  ---
  duration_ms: 1.881934
  type: 'test'
  ...
# Subtest: W280-B1 strips query/fragment data and rejects external routes
ok 34 - W280-B1 strips query/fragment data and rejects external routes
  ---
  duration_ms: 0.718494
  type: 'test'
  ...
# Subtest: W280-B1 redacts common secret-like values before a pack is built
ok 35 - W280-B1 redacts common secret-like values before a pack is built
  ---
  duration_ms: 1.090988
  type: 'test'
  ...
# Subtest: W280-B1 creates a finite local manual-only pack and requires review
ok 36 - W280-B1 creates a finite local manual-only pack and requires review
  ---
  duration_ms: 0.625732
  type: 'test'
  ...
# Subtest: W280-B1 exports only coarse device/browser classes
ok 37 - W280-B1 exports only coarse device/browser classes
  ---
  duration_ms: 0.411739
  type: 'test'
  ...
# Subtest: W280 public support narrative source gate passes the current source
ok 38 - W280 public support narrative source gate passes the current source
  ---
  duration_ms: 30.371366
  type: 'test'
  ...
# Subtest: W280 gate fails closed if the explicit current support boundary disappears
ok 39 - W280 gate fails closed if the explicit current support boundary disappears
  ---
  duration_ms: 26.299611
  type: 'test'
  ...
# Subtest: W283 is evidence-only and names no remote mutation authority
ok 40 - W283 is evidence-only and names no remote mutation authority
  ---
  duration_ms: 0.91945
  type: 'test'
  ...
# Subtest: W284 remains a decision packet with all approvals missing by default
ok 41 - W284 remains a decision packet with all approvals missing by default
  ---
  duration_ms: 0.377301
  type: 'test'
  ...
# Subtest: W286-B1 accepts only bounded local lifecycle projections and strips sensitive fields
ok 42 - W286-B1 accepts only bounded local lifecycle projections and strips sensitive fields
  ---
  duration_ms: 1.312205
  type: 'test'
  ...
# Subtest: W286-B1 remains bounded and gives users local visibility/detail controls
ok 43 - W286-B1 remains bounded and gives users local visibility/detail controls
  ---
  duration_ms: 1.281292
  type: 'test'
  ...
# Subtest: W286-B1 wires City Lite, Three.js Visual Tour and Babylon City Play without a second agent runtime
ok 44 - W286-B1 wires City Lite, Three.js Visual Tour and Babylon City Play without a second agent runtime
  ---
  duration_ms: 6.935386
  type: 'test'
  ...
# Subtest: W286-B2 derives a truthful huddle from bounded recorded status only
ok 45 - W286-B2 derives a truthful huddle from bounded recorded status only
  ---
  duration_ms: 2.015096
  type: 'test'
  ...
# Subtest: W286-B2 keeps City as a visual command layer and Chat as the native control surface
ok 46 - W286-B2 keeps City as a visual command layer and Chat as the native control surface
  ---
  duration_ms: 6.293874
  type: 'test'
  ...
# Subtest: W286-B3 relays only a finite, status-only outcome
ok 47 - W286-B3 relays only a finite, status-only outcome
  ---
  duration_ms: 2.038502
  type: 'test'
  ...
# Subtest: W286-B3 keeps City status-only and native review user-controlled
ok 48 - W286-B3 keeps City status-only and native review user-controlled
  ---
  duration_ms: 8.095719
  type: 'test'
  ...
# Subtest: W289/W290 remains external-evidence blocked with no source-only beta/final certification shortcut
ok 49 - W289/W290 remains external-evidence blocked with no source-only beta/final certification shortcut
  ---
  duration_ms: 0.556355
  type: 'test'
  ...
# Subtest: W289/W290 evidence packet contains a valid normal-browser/device/restore path and a read-only Cloudflare prompt
ok 50 - W289/W290 evidence packet contains a valid normal-browser/device/restore path and a read-only Cloudflare prompt
  ---
  duration_ms: 1.14187
  type: 'test'
  ...
# Subtest: W476-A5 provider model policy blocks retired and structurally invalid IDs
ok 51 - W476-A5 provider model policy blocks retired and structurally invalid IDs
  ---
  duration_ms: 0.999294
  type: 'test'
  ...
# Subtest: W476-A5 local loopback contract permits only known runtime ports
ok 52 - W476-A5 local loopback contract permits only known runtime ports
  ---
  duration_ms: 0.331292
  type: 'test'
  ...
# Subtest: W476-A5 local media status remains truthful and CSP is generated from the runtime contract
ok 53 - W476-A5 local media status remains truthful and CSP is generated from the runtime contract
  ---
  duration_ms: 0.31185
  type: 'test'
  ...
# Subtest: W476-A5 source wiring uses the policy builder, surfaces Jan, and avoids a second chat CSP
ok 54 - W476-A5 source wiring uses the policy builder, surfaces Jan, and avoids a second chat CSP
  ---
  duration_ms: 1.043597
  type: 'test'
  ...
# Subtest: W476-B contract is redaction-first and cannot approve release, Dodo or local media
ok 55 - W476-B contract is redaction-first and cannot approve release, Dodo or local media
  ---
  duration_ms: 1.051089
  type: 'test'
  ...
# Subtest: W476-B no-network plan stays explicit about its current Function routes and manual evidence
ok 56 - W476-B no-network plan stays explicit about its current Function routes and manual evidence
  ---
  duration_ms: 0.512478
  type: 'test'
  ...
# Subtest: W476-B base URL and CSP summaries do not retain paths, query values or policy values
ok 57 - W476-B base URL and CSP summaries do not retain paths, query values or policy values
  ---
  duration_ms: 0.592949
  type: 'test'
  ...
# Subtest: W476-B source gate is green while production remains honestly blocked
ok 58 - W476-B source gate is green while production remains honestly blocked
  ---
  duration_ms: 0.286165
  type: 'test'
  ...
# Subtest: W477 keeps the public home and Research indexable while identity-gated City stays noindex
ok 59 - W477 keeps the public home and Research indexable while identity-gated City stays noindex
  ---
  duration_ms: 1.445009
  type: 'test'
  ...
# Subtest: W477 generated sitemap never emits legacy chat/trade redirects or disabled billing
ok 60 - W477 generated sitemap never emits legacy chat/trade redirects or disabled billing
  ---
  duration_ms: 0.296335
  type: 'test'
  ...
# Subtest: W477 route/SEO source gate stays pass while release evidence remains explicit
ok 61 - W477 route/SEO source gate stays pass while release evidence remains explicit
  ---
  duration_ms: 4.111694
  type: 'test'
  ...
# Subtest: EONBOT Local AI guide recommends only user-tapped official runtime paths
ok 62 - EONBOT Local AI guide recommends only user-tapped official runtime paths
  ---
  duration_ms: 0.446491
  type: 'test'
  ...
# Subtest: W478 keeps source readiness separate from real accessibility, identity and device certification
ok 63 - W478 keeps source readiness separate from real accessibility, identity and device certification
  ---
  duration_ms: 0.569168
  type: 'test'
  ...
# Subtest: W478 source board has the required claim fence and remains NO_GO
ok 64 - W478 source board has the required claim fence and remains NO_GO
  ---
  duration_ms: 0.593999
  type: 'test'
  ...
# Subtest: W478 static source gate passes without converting pending live proof into approval
ok 65 - W478 static source gate passes without converting pending live proof into approval
  ---
  duration_ms: 2.164073
  type: 'test'
  ...
# Subtest: W479-M6 keeps creator distribution bridge manual/export-first and metadata-only
ok 66 - W479-M6 keeps creator distribution bridge manual/export-first and metadata-only
  ---
  duration_ms: 2.991161
  type: 'test'
  ...
# Subtest: W479-M6 refuses raw media bodies and adapter claims without proof
ok 67 - W479-M6 refuses raw media bodies and adapter claims without proof
  ---
  duration_ms: 0.636378
  type: 'test'
  ...
# Subtest: W479-M6 static gate remains non-live
ok 68 - W479-M6 static gate remains non-live
  ---
  duration_ms: 0.751248
  type: 'test'
  ...
# Subtest: W479-P0 keeps a universal manual-first post kit without a media body
ok 69 - W479-P0 keeps a universal manual-first post kit without a media body
  ---
  duration_ms: 2.013437
  type: 'test'
  ...
# Subtest: W479-P0 requires a visible action before native share
ok 70 - W479-P0 requires a visible action before native share
  ---
  duration_ms: 0.532769
  type: 'test'
  ...
# Subtest: W479-P0 passes a user-selected media file only to a single supported native share call
ok 71 - W479-P0 passes a user-selected media file only to a single supported native share call
  ---
  duration_ms: 0.448334
  type: 'test'
  ...
# Subtest: W479-P0 rejects unsupported selected files without making a publishing claim
ok 72 - W479-P0 rejects unsupported selected files without making a publishing claim
  ---
  duration_ms: 2.300109
  type: 'test'
  ...
# Subtest: W623F lets supported browser voice work with deterministic Guide replies
ok 73 - W623F lets supported browser voice work with deterministic Guide replies
  ---
  duration_ms: 0.888547
  type: 'test'
  ...
# Subtest: W623F keeps browser voice separate from the active AI route
ok 74 - W623F keeps browser voice separate from the active AI route
  ---
  duration_ms: 0.409522
  type: 'test'
  ...
# Subtest: W479-V contract and source gate stay fail-closed
ok 75 - W479-V contract and source gate stay fail-closed
  ---
  duration_ms: 2.727308
  type: 'test'
  ...
# Subtest: W486 makes current executable evidence authoritative without deleting historical audit context
ok 76 - W486 makes current executable evidence authoritative without deleting historical audit context
  ---
  duration_ms: 1.056726
  type: 'test'
  ...
# Subtest: W486 source gate preserves FIX REQUIRED City and unproven physical-device status
ok 77 - W486 source gate preserves FIX REQUIRED City and unproven physical-device status
  ---
  duration_ms: 1.508895
  type: 'test'
  ...
# Subtest: W487 defines a single visible product hierarchy without activating blocked capabilities
ok 78 - W487 defines a single visible product hierarchy without activating blocked capabilities
  ---
  duration_ms: 1.913767
  type: 'test'
  ...
# Subtest: W487 source gate protects the current institutional code-closure boundary
ok 79 - W487 source gate protects the current institutional code-closure boundary # SKIP
  ---
  duration_ms: 0.180468
  type: 'test'
  ...
# Subtest: W592 first-run path selection is a review, never a route command
ok 80 - W592 first-run path selection is a review, never a route command
  ---
  duration_ms: 1.12652
  type: 'test'
  ...
# Subtest: W592 Command Deck prioritises five core work stations without deleting the full contract
ok 81 - W592 Command Deck prioritises five core work stations without deleting the full contract
  ---
  duration_ms: 0.286621
  type: 'test'
  ...
# Subtest: W592 source keeps the City menu grouped and native exits review-first
ok 82 - W592 source keeps the City menu grouped and native exits review-first
  ---
  duration_ms: 2.013328
  type: 'test'
  ...
# Subtest: W592 operator evidence lane is secret-safe and local-media claims stay truthful
ok 83 - W592 operator evidence lane is secret-safe and local-media claims stay truthful
  ---
  duration_ms: 0.425673
  type: 'test'
  ...
# Subtest: W612 fingerprints the final distribution deterministically while excluding its own manifest
ok 84 - W612 fingerprints the final distribution deterministically while excluding its own manifest
  ---
  duration_ms: 28.286229
  type: 'test'
  ...
# Subtest: W612 accepts only revision-shaped source identifiers and keeps absence explicit
ok 85 - W612 accepts only revision-shaped source identifiers and keeps absence explicit
  ---
  duration_ms: 2.238215
  type: 'test'
  ...
# [W621] Live Dodo/Cloudflare rollout gate passed (46/46).
# Subtest: W621 validates configured live Dodo/Cloudflare rollout contract
ok 86 - W621 validates configured live Dodo/Cloudflare rollout contract
  ---
  duration_ms: 0.634072
  type: 'test'
  ...
# Subtest: W621 billing config requires Dodo secrets, products and D1 binding
ok 87 - W621 billing config requires Dodo secrets, products and D1 binding
  ---
  duration_ms: 0.279602
  type: 'test'
  ...
# Subtest: W621 checkout requests map paid tiers to product ids and reject browser claims
ok 88 - W621 checkout requests map paid tiers to product ids and reject browser claims
  ---
  duration_ms: 0.317417
  type: 'test'
  ...
# Subtest: W621 verifies Standard Webhooks-style signatures without exposing secrets
ok 89 - W621 verifies Standard Webhooks-style signatures without exposing secrets
  ---
  duration_ms: 8.494601
  type: 'test'
  ...
# Subtest: W621 normalizes Dodo webhook event payloads to server ledger events
ok 90 - W621 normalizes Dodo webhook event payloads to server ledger events
  ---
  duration_ms: 0.988431
  type: 'test'
  ...
# Subtest: W621 focused source gate passes
ok 91 - W621 focused source gate passes
  ---
  duration_ms: 0.475249
  type: 'test'
  ...
# Subtest: W623 CEO audit remains a limited-preview NO-GO rather than a false launch certification
ok 92 - W623 CEO audit remains a limited-preview NO-GO rather than a false launch certification
  ---
  duration_ms: 1.256774
  type: 'test'
  ...
# Subtest: W623 scorecard separates source integration from real output proof
ok 93 - W623 scorecard separates source integration from real output proof
  ---
  duration_ms: 0.110269
  type: 'test'
  ...
# Subtest: W623 launch waves preserve image-first, City proof, billing, referral and final certification order
ok 94 - W623 launch waves preserve image-first, City proof, billing, referral and final certification order
  ---
  duration_ms: 0.152431
  type: 'test'
  ...
# Subtest: W623 deterministic CEO source gate passes
ok 95 - W623 deterministic CEO source gate passes # SKIP
  ---
  duration_ms: 0.067931
  type: 'test'
  ...
# Subtest: W623A allows only the explicit ComfyUI loopback ports
ok 96 - W623A allows only the explicit ComfyUI loopback ports
  ---
  duration_ms: 1.139502
  type: 'test'
  ...
# Subtest: W623A discovers only already-installed ComfyUI checkpoints after an explicit scan
ok 97 - W623A discovers only already-installed ComfyUI checkpoints after an explicit scan
  ---
  duration_ms: 22.107993
  type: 'test'
  ...
# Subtest: W623A builds a bounded built-in 512px image workflow without custom nodes
ok 98 - W623A builds a bounded built-in 512px image workflow without custom nodes
  ---
  duration_ms: 1.066889
  type: 'test'
  ...
# Subtest: W623A requires a user action and can submit, poll and receive local image metadata
ok 99 - W623A requires a user action and can submit, poll and receive local image metadata
  ---
  duration_ms: 2.569145
  type: 'test'
  ...
# Subtest: W623A image adapter stays narrow while W625D-H video remains separately proof-gated
ok 100 - W623A image adapter stays narrow while W625D-H video remains separately proof-gated
  ---
  duration_ms: 0.86034
  type: 'test'
  ...
# [W623C] Canonical commercial truth gate passed (64/64).
# Subtest: W623C freezes the exact four paid prices and one seven-day trial rule
ok 101 - W623C freezes the exact four paid prices and one seven-day trial rule
  ---
  duration_ms: 1.147717
  type: 'test'
  ...
# Subtest: W623C makes EONKEYS individual feature unlocks, never subscription rewards
ok 102 - W623C makes EONKEYS individual feature unlocks, never subscription rewards
  ---
  duration_ms: 0.451291
  type: 'test'
  ...
# Subtest: W623C keeps image/video execution local or user-owned BYOK with no EONAPP generation backend
ok 103 - W623C keeps image/video execution local or user-owned BYOK with no EONAPP generation backend
  ---
  duration_ms: 0.106781
  type: 'test'
  ...
# Subtest: W623C billing status publishes the canonical public plan catalogue without secrets
ok 104 - W623C billing status publishes the canonical public plan catalogue without secrets
  ---
  duration_ms: 0.817064
  type: 'test'
  ...
# Subtest: W623C locked features offer live billing choices while key redemption remains independently proof-gated
ok 105 - W623C locked features offer live billing choices while key redemption remains independently proof-gated
  ---
  duration_ms: 2.783751
  type: 'test'
  ...
# Subtest: W623C customer-facing commercial truth gate passes
ok 106 - W623C customer-facing commercial truth gate passes
  ---
  duration_ms: 2.226513
  type: 'test'
  ...
# Subtest: W623D reachability report is green and canonical rails are reachable
ok 107 - W623D reachability report is green and canonical rails are reachable
  ---
  duration_ms: 3.649566
  type: 'test'
  ...
# Subtest: W623D quarantined value-system modules cannot enter the production graph
ok 108 - W623D quarantined value-system modules cannot enter the production graph
  ---
  duration_ms: 0.239699
  type: 'test'
  ...
# Subtest: Market uses neutral Vault Reveal visuals and canonical subscription truth
ok 109 - Market uses neutral Vault Reveal visuals and canonical subscription truth
  ---
  duration_ms: 0.5837
  type: 'test'
  ...
# Subtest: Browser referrals cannot grant value and server-ledger EONKEYS remain canonical
ok 110 - Browser referrals cannot grant value and server-ledger EONKEYS remain canonical
  ---
  duration_ms: 1.880962
  type: 'test'
  ...
# Subtest: Production builds enforce W623D before Vite emits files
ok 111 - Production builds enforce W623D before Vite emits files
  ---
  duration_ms: 1.601005
  type: 'test'
  ...
# [W623E] information architecture gate passed (5 primary items, 6 Create modes, 10 redirected aliases).
# Subtest: W623E freezes one beginner-first primary sidebar
ok 112 - W623E freezes one beginner-first primary sidebar
  ---
  duration_ms: 1.831073
  type: 'test'
  ...
# Subtest: W623E Create catalogue exposes all six outcomes with honest execution rails
ok 113 - W623E Create catalogue exposes all six outcomes with honest execution rails
  ---
  duration_ms: 0.49974
  type: 'test'
  ...
# Subtest: W623E makes Create canonical and old product names compatibility-only
ok 114 - W623E makes Create canonical and old product names compatibility-only
  ---
  duration_ms: 3.069809
  type: 'test'
  ...
# Subtest: W623E Create page and shell keep keyboard, mobile drawer and account destinations predictable
ok 115 - W623E Create page and shell keep keyboard, mobile drawer and account destinations predictable
  ---
  duration_ms: 1.010324
  type: 'test'
  ...
# Subtest: W623E standalone gate passes
ok 116 - W623E standalone gate passes
  ---
  duration_ms: 0.909695
  type: 'test'
  ...
# Subtest: W623F core Chat, Guide and voice copy exists for every non-English release language
ok 117 - W623F core Chat, Guide and voice copy exists for every non-English release language
  ---
  duration_ms: 2.964874
  type: 'test'
  ...
# Subtest: W623F routes high-value requests across all eleven release languages
ok 118 - W623F routes high-value requests across all eleven release languages
  ---
  duration_ms: 13.863986
  type: 'test'
  ...
# Subtest: W623F routing lexicon stays finite and product-focused
ok 119 - W623F routing lexicon stays finite and product-focused
  ---
  duration_ms: 1.556911
  type: 'test'
  ...
# (node:34275) ExperimentalWarning: SQLite is an experimental feature and might change at any time
# (Use `node --trace-warnings ...` to show where the warning was created)
# Subtest: W623H contract is subscription-only, stateless and minimal
ok 120 - W623H contract is subscription-only, stateless and minimal
  ---
  duration_ms: 1.060411
  type: 'test'
  ...
# Subtest: W623H binds one inviter, rejects self-referral and grants one capped activation Signal Key
ok 121 - W623H binds one inviter, rejects self-referral and grants one capped activation Signal Key
  ---
  duration_ms: 58.120845
  type: 'test'
  ...
# Subtest: W623H waits 14 days for a paid key, supports redemption and reverses refund-derived value
ok 122 - W623H waits 14 days for a paid key, supports redemption and reverses refund-derived value
  ---
  duration_ms: 14.472856
  type: 'test'
  ...
# (node:34286) ExperimentalWarning: SQLite is an experimental feature and might change at any time
# (Use `node --trace-warnings ...` to show where the warning was created)
# Subtest: W623I selects dedicated referral D1 and keeps billing fallback explicit
ok 123 - W623I selects dedicated referral D1 and keeps billing fallback explicit
  ---
  duration_ms: 1.401435
  type: 'test'
  ...
# Subtest: W623I/W629 dedicated migration creates eleven tables, indexes and privacy-safe counts view
ok 124 - W623I/W629 dedicated migration creates eleven tables, indexes and privacy-safe counts view
  ---
  duration_ms: 1.393848
  type: 'test'
  ...
# Subtest: W623I repairs split billing/referral delivery on a duplicate webhook replay
ok 125 - W623I repairs split billing/referral delivery on a duplicate webhook replay
  ---
  duration_ms: 22.782308
  type: 'test'
  ...
# Subtest: W623I reversal updates the dedicated referral state and revokes derived value
ok 126 - W623I reversal updates the dedicated referral state and revokes derived value
  ---
  duration_ms: 21.798805
  type: 'test'
  ...
# Subtest: W624A freezes one coherent Productive Nocturne art direction
ok 127 - W624A freezes one coherent Productive Nocturne art direction
  ---
  duration_ms: 1.477632
  type: 'test'
  ...
# Subtest: W624A defines distinct architecture, human scale, and target frames
ok 128 - W624A defines distinct architecture, human scale, and target frames
  ---
  duration_ms: 1.120818
  type: 'test'
  ...
# Subtest: W624A character cast is inclusive, expressive, and tied to real outcomes
ok 129 - W624A character cast is inclusive, expressive, and tied to real outcomes
  ---
  duration_ms: 0.19559
  type: 'test'
  ...
# Subtest: W624A productive RPG forbids fake outcomes and financial game mechanics
ok 130 - W624A productive RPG forbids fake outcomes and financial game mechanics
  ---
  duration_ms: 0.136564
  type: 'test'
  ...
# Subtest: W624A budgets and score thresholds are explicit but not claimed as measured proof
ok 131 - W624A budgets and score thresholds are explicit but not claimed as measured proof
  ---
  duration_ms: 0.344752
  type: 'test'
  ...
1..131
# tests 131
# suites 0
# pass 129
# fail 0
# cancelled 0
# skipped 2
# todo 0
# duration_ms 2722.526989

[dependency-free] chunk 7/10 (40)
TAP version 13
# Subtest: W624B runtime state machine follows deterministic named stages
ok 1 - W624B runtime state machine follows deterministic named stages
  ---
  duration_ms: 1.045948
  type: 'test'
  ...
# Subtest: W624B rejects impossible runtime transitions and supports honest recovery
ok 2 - W624B rejects impossible runtime transitions and supports honest recovery
  ---
  duration_ms: 0.483515
  type: 'test'
  ...
# Subtest: W624B state copy covers every visible state with actions
ok 3 - W624B state copy covers every visible state with actions
  ---
  duration_ms: 0.381809
  type: 'test'
  ...
# Subtest: W624B manifest is same-origin, tiered and integrity controlled
ok 4 - W624B manifest is same-origin, tiered and integrity controlled
  ---
  duration_ms: 1.188998
  type: 'test'
  ...
# Subtest: W624B contract freezes one owner and preserves real-proof boundaries
ok 5 - W624B contract freezes one owner and preserves real-proof boundaries
  ---
  duration_ms: 0.198577
  type: 'test'
  ...
# Subtest: W624C freezes a finite Productive Nocturne slice and preserves W624B ownership
ok 6 - W624C freezes a finite Productive Nocturne slice and preserves W624B ownership
  ---
  duration_ms: 1.476456
  type: 'test'
  ...
# Subtest: W624C provides six honest destinations with canonical internal routes
ok 7 - W624C provides six honest destinations with canonical internal routes
  ---
  duration_ms: 1.784753
  type: 'test'
  ...
# Subtest: W624C actions remain prepare-review-confirm and never navigate from City code
ok 8 - W624C actions remain prepare-review-confirm and never navigate from City code
  ---
  duration_ms: 6.107547
  type: 'test'
  ...
# Subtest: W624C defines first-ten and first-sixty journeys with safe authored traversal
ok 9 - W624C defines first-ten and first-sixty journeys with safe authored traversal
  ---
  duration_ms: 0.367276
  type: 'test'
  ...
# Subtest: W624C renderer contains authored landmark silhouettes, paths, spawn and unstuck wiring
ok 10 - W624C renderer contains authored landmark silhouettes, paths, spawn and unstuck wiring
  ---
  duration_ms: 4.600975
  type: 'test'
  ...
# Subtest: W624C keeps source proof separate from runtime visual and physical-device approval
ok 11 - W624C keeps source proof separate from runtime visual and physical-device approval
  ---
  duration_ms: 0.232446
  type: 'test'
  ...
# [W624D-ALIGN] PASS exact-archived-count: 47/47 exact superseded assertions discovered
# [W624D-ALIGN] PASS manifest-matches-source: 0 missing; 0 unlisted
# [W624D-ALIGN] PASS archive-entries-have-replacements: every superseded assertion points to an existing maintained replacement
# [W624D-ALIGN] PASS required-current-tests-exist: 69 required current test files exist
# [W624D-ALIGN] PASS required-current-tests-run: 69 current replacement tests are in test:unit
# [W624D-ALIGN] PASS build-dependent-tests-exist: 1 build-dependent certification test exists
# [W624D-ALIGN] PASS build-dependent-tests-not-in-unit: build-dependent certification does not make a clean source-only unit run depend on dist
# [W624D-ALIGN] PASS replacement-tests-not-archived: no replacement test file is classified as an archived snapshot
# [W624D-ALIGN] PASS predeploy-scripts-present: 78 required package scripts present
# [W624D-ALIGN] PASS codex-predeploy-is-current: lock-protected Codex predeploy runs source-only units, W636-W639 security, recovery, evidence and rehearsal gates, then builds, audits W635 budgets, runs the W639 build rehearsal and executes build-dependent W623F certification
# [W624D-ALIGN] PASS codex-predeploy-resumes-safely: interrupted Codex runs resume only when the certifying source fingerprint is unchanged
# [W624D-ALIGN] PASS create-first-navigation: Create-first navigation and compatibility aliases match W623E
# [W624D-ALIGN] PASS live-dodo-contract: live Dodo checkout/webhook contract remains current
# [W624D-ALIGN] PASS single-city-runtime: W624B-D City contracts remain compatible
# [W624D-ALIGN] PASS historical-diagnostic-non-certifying: archive diagnostic cannot be mistaken for release certification
# [W624D-ALIGN] PASS alignment-document-present: Codex-facing alignment report exists
# [W624D-ALIGN] PASS no-unmarked-new-skips-in-aligned-files: each aligned file has one explicit marker for every archived skip and no additional skips
# [W624D-ALIGN] PASS 17/17; 47 exact historical assertions; 69 maintained replacement tests.
# Subtest: W624D classifies exactly 47 superseded assertions with named maintained replacements
ok 12 - W624D classifies exactly 47 superseded assertions with named maintained replacements
  ---
  duration_ms: 0.590607
  type: 'test'
  ...
# Subtest: W624D current unit runner includes every replacement truth contract
ok 13 - W624D current unit runner includes every replacement truth contract
  ---
  duration_ms: 0.167701
  type: 'test'
  ...
# Subtest: W624D keeps build-dependent certification outside the clean source-only unit runner
ok 14 - W624D keeps build-dependent certification outside the clean source-only unit runner
  ---
  duration_ms: 0.102531
  type: 'test'
  ...
# Subtest: W624D archived assertions remain explicit skips instead of silently weakened expectations
ok 15 - W624D archived assertions remain explicit skips instead of silently weakened expectations
  ---
  duration_ms: 2.120148
  type: 'test'
  ...
# Subtest: W624D Codex predeploy command names all required maintained certification scripts
ok 16 - W624D Codex predeploy command names all required maintained certification scripts
  ---
  duration_ms: 0.976184
  type: 'test'
  ...
# Subtest: W624D alignment gate passes without turning historical snapshots into release proof
ok 17 - W624D alignment gate passes without turning historical snapshots into release proof
  ---
  duration_ms: 11.454152
  type: 'test'
  ...
# [W624D-ARCHIVE] PASS archive-is-non-certifying: archive explicitly cannot certify a release
# [W624D-ARCHIVE] PASS archive-counts-match: 36 files / 47 assertions
# [W624D-ARCHIVE] PASS archive-readme-warning: archive warning is prominent
# [W624D-ARCHIVE] PASS archive-files-complete: every archived source copy exists and matches its SHA-256
# [W624D-ARCHIVE] PASS archive-originals-untouched: archive copies retain original test declarations without current skip markers
# [W624D-ARCHIVE] PASS current-sources-explicitly-skipped: current source has an explicit skip for every superseded assertion
# [W624D-ARCHIVE] PASS current-manifest-matches-runner: 378 maintained test files
# [W624D-ARCHIVE] PASS stable-codex-command-present: stable Codex alias resolves to the current wave predeploy gate
# [W624D-ARCHIVE] PASS diagnostic-command-non-certifying: archive diagnostic remains informational
# [W624D-ARCHIVE] PASS archive-not-in-current-runner: archive files cannot enter the maintained unit runner
# [W624D-ARCHIVE] PASS 10/10; 36 files / 47 assertions; 378 maintained test files.
# Subtest: W624D preserves superseded exact-copy tests in a non-certifying checksummed archive
ok 18 - W624D preserves superseded exact-copy tests in a non-certifying checksummed archive
  ---
  duration_ms: 3.196503
  type: 'test'
  ...
# Subtest: W624D freezes nine inclusive cosmetic-only Wayfinder states
ok 19 - W624D freezes nine inclusive cosmetic-only Wayfinder states
  ---
  duration_ms: 1.189385
  type: 'test'
  ...
# Subtest: W624D resolves motion and transient states deterministically with reduced-motion fallback
ok 20 - W624D resolves motion and transient states deterministically with reduced-motion fallback
  ---
  duration_ms: 0.346004
  type: 'test'
  ...
# Subtest: W624D camera collision contracts clip before every W624C landmark volume
ok 21 - W624D camera collision contracts clip before every W624C landmark volume
  ---
  duration_ms: 0.540458
  type: 'test'
  ...
# Subtest: W624D camera remains stable on clear sightlines and provides five user-selectable views
ok 22 - W624D camera remains stable on clear sightlines and provides five user-selectable views
  ---
  duration_ms: 0.143266
  type: 'test'
  ...
# Subtest: W624D preserves spawn/Unstuck and all input paths remain visible and non-automatic
ok 23 - W624D preserves spawn/Unstuck and all input paths remain visible and non-automatic
  ---
  duration_ms: 3.452958
  type: 'test'
  ...
# Subtest: W624D source gate preserves W624B ownership and blocks visual overclaim
ok 24 - W624D source gate preserves W624B ownership and blocks visual overclaim
  ---
  duration_ms: 4.514928
  type: 'test'
  ...
# Subtest: W624E defines nine deterministic local presentation states
ok 25 - W624E defines nine deterministic local presentation states
  ---
  duration_ms: 1.360977
  type: 'test'
  ...
# Subtest: W624E captions map only to real Command District routes and honest boundaries
ok 26 - W624E captions map only to real Command District routes and honest boundaries
  ---
  duration_ms: 0.437566
  type: 'test'
  ...
# Subtest: W624E first-sixty-second guidance is useful and non-repeating
ok 27 - W624E first-sixty-second guidance is useful and non-repeating
  ---
  duration_ms: 0.4402
  type: 'test'
  ...
# Subtest: W624E exposes only bounded saved-project metadata and never private content
ok 28 - W624E exposes only bounded saved-project metadata and never private content
  ---
  duration_ms: 0.213943
  type: 'test'
  ...
# Subtest: W624E mute, dismiss, show-less, reduced-motion and disposal remain session-local
ok 29 - W624E mute, dismiss, show-less, reduced-motion and disposal remain session-local
  ---
  duration_ms: 0.314523
  type: 'test'
  ...
# Subtest: W624E source gate preserves W624B-W624D architecture and visible controls
ok 30 - W624E source gate preserves W624B-W624D architecture and visible controls
  ---
  duration_ms: 8.378275
  type: 'test'
  ...
# Subtest: W624F defines four distinct Productive Nocturne roles and nine bounded states
ok 31 - W624F defines four distinct Productive Nocturne roles and nine bounded states
  ---
  duration_ms: 0.979848
  type: 'test'
  ...
# Subtest: W624F uses only authored paths and keeps spawn, Unstuck and collision space clear
ok 32 - W624F uses only authored paths and keeps spawn, Unstuck and collision space clear
  ---
  duration_ms: 1.501105
  type: 'test'
  ...
# Subtest: W624F reviews map to real routes and never imply fake work or commerce
ok 33 - W624F reviews map to real routes and never imply fake work or commerce
  ---
  duration_ms: 0.219096
  type: 'test'
  ...
# Subtest: W624F controller requires explicit review and keeps work states presentational
ok 34 - W624F controller requires explicit review and keeps work states presentational
  ---
  duration_ms: 0.372391
  type: 'test'
  ...
# Subtest: W624F weak-device fallback reduces or removes optional NPCs without changing routes
ok 35 - W624F weak-device fallback reduces or removes optional NPCs without changing routes
  ---
  duration_ms: 0.147849
  type: 'test'
  ...
# Subtest: W624F source gate preserves W624B-W624E and exposes review-first controls
ok 36 - W624F source gate preserves W624B-W624E and exposes review-first controls
  ---
  duration_ms: 8.179971
  type: 'test'
  ...
# Subtest: W624G defines six required mission families and nine honest states
ok 37 - W624G defines six required mission families and nine honest states
  ---
  duration_ms: 2.112041
  type: 'test'
  ...
# Subtest: W624G requires visible review before mission start and supports cancellation, failure and resume
ok 38 - W624G requires visible review before mission start and supports cancellation, failure and resume
  ---
  duration_ms: 1.08662
  type: 'test'
  ...
# Subtest: W624G completes only from bounded verified outcomes
ok 39 - W624G completes only from bounded verified outcomes
  ---
  duration_ms: 0.426313
  type: 'test'
  ...
# Subtest: W624G orientation creates only a local receipt after explicit review
ok 40 - W624G orientation creates only a local receipt after explicit review
  ---
  duration_ms: 1.104001
  type: 'test'
  ...
# Subtest: W624G product surfaces write only after real user-triggered outcomes
ok 41 - W624G product surfaces write only after real user-triggered outcomes
  ---
  duration_ms: 0.901276
  type: 'test'
  ...
# Subtest: W624G source gate preserves prior City systems and visible review controls
ok 42 - W624G source gate preserves prior City systems and visible review controls
  ---
  duration_ms: 7.091306
  type: 'test'
  ...
# Subtest: W624H defines six status families and seven honest states
ok 43 - W624H defines six status families and seven honest states
  ---
  duration_ms: 1.494659
  type: 'test'
  ...
# Subtest: W624H projects bounded counts and receipts without private work
ok 44 - W624H projects bounded counts and receipts without private work
  ---
  duration_ms: 0.58466
  type: 'test'
  ...
# Subtest: W624H billing status is server-authoritative with empty, current, offline and error truth
ok 45 - W624H billing status is server-authoritative with empty, current, offline and error truth
  ---
  duration_ms: 0.935615
  type: 'test'
  ...
# Subtest: W624H requires explicit review and explicit server refresh
ok 46 - W624H requires explicit review and explicit server refresh
  ---
  duration_ms: 0.658018
  type: 'test'
  ...
# Subtest: W624H source contains one same-origin read and no product or commercial mutation
ok 47 - W624H source contains one same-origin read and no product or commercial mutation
  ---
  duration_ms: 2.052917
  type: 'test'
  ...
# Subtest: W624H gate preserves W624B-G and the review-first Command Room boundary
ok 48 - W624H gate preserves W624B-G and the review-first Command Room boundary
  ---
  duration_ms: 6.86648
  type: 'test'
  ...
# Subtest: W624I exposes the exact eight-state lifecycle and an honest empty theatre
ok 49 - W624I exposes the exact eight-state lifecycle and an honest empty theatre
  ---
  duration_ms: 2.728986
  type: 'test'
  ...
# Subtest: W624I adapts W435 receipts without inventing running state or progress
ok 50 - W624I adapts W435 receipts without inventing running state or progress
  ---
  duration_ms: 2.553707
  type: 'test'
  ...
# Subtest: W624I local adapter accepts only bounded user-triggered receipts and authoritative progress
ok 51 - W624I local adapter accepts only bounded user-triggered receipts and authoritative progress
  ---
  duration_ms: 1.675982
  type: 'test'
  ...
# Subtest: W624I Direct BYOK adapter requires approval and rejects private payload fields
ok 52 - W624I Direct BYOK adapter requires approval and rejects private payload fields
  ---
  duration_ms: 0.39434
  type: 'test'
  ...
# Subtest: W624I review is explicit and the controller never executes native actions
ok 53 - W624I review is explicit and the controller never executes native actions
  ---
  duration_ms: 1.376748
  type: 'test'
  ...
# Subtest: W624I source gate preserves W624B-H and review-first City integration
ok 54 - W624I source gate preserves W624B-H and review-first City integration
  ---
  duration_ms: 7.26245
  type: 'test'
  ...
# Subtest: W624J exposes six distinct ordinary share families and fixed exclusions
ok 55 - W624J exposes six distinct ordinary share families and fixed exclusions
  ---
  duration_ms: 0.623591
  type: 'test'
  ...
# Subtest: W624J rejects private fields and unsafe destinations before a manifest exists
ok 56 - W624J rejects private fields and unsafe destinations before a manifest exists
  ---
  duration_ms: 1.277924
  type: 'test'
  ...
# Subtest: W624J requires prepare, review and final action as separate user steps
ok 57 - W624J requires prepare, review and final action as separate user steps
  ---
  duration_ms: 3.470459
  type: 'test'
  ...
# Subtest: W624J creates a signed link only after review and keeps collaboration unavailable honestly
ok 58 - W624J creates a signed link only after review and keeps collaboration unavailable honestly
  ---
  duration_ms: 0.530337
  type: 'test'
  ...
# Subtest: W624J platform execution is isolated to the City UI and core creates no tracking
ok 59 - W624J platform execution is isolated to the City UI and core creates no tracking
  ---
  duration_ms: 0.519825
  type: 'test'
  ...
# Subtest: W624J source gate preserves W624B-I and lifecycle-owned integration
ok 60 - W624J source gate preserves W624B-I and lifecycle-owned integration
  ---
  duration_ms: 5.851768
  type: 'test'
  ...
# Subtest: W624K defaults to captions and fully muted channels
ok 61 - W624K defaults to captions and fully muted channels
  ---
  duration_ms: 0.851598
  type: 'test'
  ...
# Subtest: W624K normalizes accessibility, input and controller preferences
ok 62 - W624K normalizes accessibility, input and controller preferences
  ---
  duration_ms: 0.427227
  type: 'test'
  ...
# Subtest: W624K derives bounded low, mid and high device recommendations without claiming certification
ok 63 - W624K derives bounded low, mid and high device recommendations without claiming certification
  ---
  duration_ms: 0.175019
  type: 'test'
  ...
# Subtest: W624K updates are explicit, local and never start sound or sensors
ok 64 - W624K updates are explicit, local and never start sound or sensors
  ---
  duration_ms: 0.656193
  type: 'test'
  ...
# Subtest: W624K non-3D fallback and root application remain review-first
ok 65 - W624K non-3D fallback and root application remain review-first
  ---
  duration_ms: 0.355619
  type: 'test'
  ...
# Subtest: W624K source gate preserves W624B-J and accessibility CSS
ok 66 - W624K source gate preserves W624B-J and accessibility CSS
  ---
  duration_ms: 7.811307
  type: 'test'
  ...
# Subtest: W624L defines three bounded quality presets and eleven evidence cases
ok 67 - W624L defines three bounded quality presets and eleven evidence cases
  ---
  duration_ms: 1.146348
  type: 'test'
  ...
# Subtest: W624L performance plans preserve bounded cell streaming and honest texture status
ok 68 - W624L performance plans preserve bounded cell streaming and honest texture status
  ---
  duration_ms: 0.652602
  type: 'test'
  ...
# Subtest: W624L collects only bounded local frame and memory evidence
ok 69 - W624L collects only bounded local frame and memory evidence
  ---
  duration_ms: 1.283991
  type: 'test'
  ...
# Subtest: W624L case results require explicit human review and bounded evidence references
ok 70 - W624L case results require explicit human review and bounded evidence references
  ---
  duration_ms: 1.296512
  type: 'test'
  ...
# Subtest: W624L evidence export is explicit and cannot certify itself
ok 71 - W624L evidence export is explicit and cannot certify itself
  ---
  duration_ms: 0.294391
  type: 'test'
  ...
# Subtest: W624L source gate preserves W624B-K and evidence-gated UI
ok 72 - W624L source gate preserves W624B-K and evidence-gated UI
  ---
  duration_ms: 6.177591
  type: 'test'
  ...
# Subtest: W625A queue state distinguishes queued, running and absent prompt identifiers
ok 73 - W625A queue state distinguishes queued, running and absent prompt identifiers
  ---
  duration_ms: 21.987605
  type: 'test'
  ...
# Subtest: W625A cancellation requires a click and uses only the identified local queue or interrupt endpoint
ok 74 - W625A cancellation requires a click and uses only the identified local queue or interrupt endpoint
  ---
  duration_ms: 1.534507
  type: 'test'
  ...
# Subtest: W625A save/reopen proof requires a digest match to the generated image bytes
ok 75 - W625A save/reopen proof requires a digest match to the generated image bytes
  ---
  duration_ms: 5.744069
  type: 'test'
  ...
# Subtest: W625A receipts are redacted and cannot claim real proof while negative lanes are pending
ok 76 - W625A receipts are redacted and cannot claim real proof while negative lanes are pending
  ---
  duration_ms: 0.656985
  type: 'test'
  ...
# Subtest: W625A sanitized capability evidence excludes checkpoint filenames and local paths
ok 77 - W625A sanitized capability evidence excludes checkpoint filenames and local paths
  ---
  duration_ms: 0.398626
  type: 'test'
  ...
# Subtest: W625A source wires cancel, save, reopen and redacted receipts without activating video inside the image adapter
ok 78 - W625A source wires cancel, save, reopen and redacted receipts without activating video inside the image adapter
  ---
  duration_ms: 0.622363
  type: 'test'
  ...
# Subtest: W625B registry exposes one versioned, allowlisted, standard-node text-to-image workflow
ok 79 - W625B registry exposes one versioned, allowlisted, standard-node text-to-image workflow
  ---
  duration_ms: 1.861402
  type: 'test'
  ...
# Subtest: W625B first proof recipe is fixed at low-VRAM 512 square, 12 steps and one item
ok 80 - W625B first proof recipe is fixed at low-VRAM 512 square, 12 steps and one item
  ---
  duration_ms: 0.967109
  type: 'test'
  ...
# Subtest: W625B device profiles stay bounded and queue concurrency remains one
ok 81 - W625B device profiles stay bounded and queue concurrency remains one
  ---
  duration_ms: 0.224474
  type: 'test'
  ...
# Subtest: W625B auto-selects only a recognised SD 1.5 proof checkpoint
ok 82 - W625B auto-selects only a recognised SD 1.5 proof checkpoint
  ---
  duration_ms: 0.646139
  type: 'test'
  ...
# Subtest: W625B truth forbids imports, installs, LAN/public runtime and cloud fallback
ok 83 - W625B truth forbids imports, installs, LAN/public runtime and cloud fallback
  ---
  duration_ms: 0.154991
  type: 'test'
  ...
# Subtest: W625C creator recipe supports bounded aspect, quality and deterministic seed after proof
ok 84 - W625C creator recipe supports bounded aspect, quality and deterministic seed after proof
  ---
  duration_ms: 1.343396
  type: 'test'
  ...
# Subtest: W625C UI gates creator controls behind matching save/reopen proof
ok 85 - W625C UI gates creator controls behind matching save/reopen proof
  ---
  duration_ms: 0.340923
  type: 'test'
  ...
# Subtest: W625C keeps unsupported edit workflows visibly unavailable rather than silently activating them
ok 86 - W625C keeps unsupported edit workflows visibly unavailable rather than silently activating them
  ---
  duration_ms: 0.327344
  type: 'test'
  ...
# Subtest: W625D reference requirement keeps the reviewed 8 GB usable-VRAM floor
ok 87 - W625D reference requirement keeps the reviewed 8 GB usable-VRAM floor
  ---
  duration_ms: 0.932239
  type: 'test'
  ...
# Subtest: W625D supported reference lane requires every reviewed confirmation
ok 88 - W625D supported reference lane requires every reviewed confirmation
  ---
  duration_ms: 1.499302
  type: 'test'
  ...
# Subtest: W625D 4 GB owner lane remains experimental and blocked before queue submission
ok 89 - W625D 4 GB owner lane remains experimental and blocked before queue submission
  ---
  duration_ms: 0.288331
  type: 'test'
  ...
# Subtest: W625D visible 6 GB lane is experimental but still blocked
ok 90 - W625D visible 6 GB lane is experimental but still blocked
  ---
  duration_ms: 0.159443
  type: 'test'
  ...
# Subtest: W625D missing workflow and model readiness are explicit blockers
ok 91 - W625D missing workflow and model readiness are explicit blockers
  ---
  duration_ms: 0.210071
  type: 'test'
  ...
# Subtest: W625D low storage blocks before generation and proposes no automatic deletion
ok 92 - W625D low storage blocks before generation and proposes no automatic deletion
  ---
  duration_ms: 0.126866
  type: 'test'
  ...
# Subtest: W625D capability evidence stays redacted
ok 93 - W625D capability evidence stays redacted
  ---
  duration_ms: 0.434896
  type: 'test'
  ...
# Subtest: W625D detection never installs, downloads or starts a cloud fallback
ok 94 - W625D detection never installs, downloads or starts a cloud fallback
  ---
  duration_ms: 0.718054
  type: 'test'
  ...
# Subtest: W625E safe API workflow receives a stable local SHA-256 review
ok 95 - W625E safe API workflow receives a stable local SHA-256 review
  ---
  duration_ms: 6.775702
  type: 'test'
  ...
# Subtest: W625E forbidden network or execution node is rejected before submission
ok 96 - W625E forbidden network or execution node is rejected before submission
  ---
  duration_ms: 2.422376
  type: 'test'
  ...
# Subtest: W625E prepared workflow requires exact digest confirmation and patches proof controls
ok 97 - W625E prepared workflow requires exact digest confirmation and patches proof controls
  ---
  duration_ms: 2.111159
  type: 'test'
  ...
# Subtest: W625E public endpoint is rejected before network access
ok 98 - W625E public endpoint is rejected before network access
  ---
  duration_ms: 1.285951
  type: 'test'
  ...
# Subtest: W625E unsupported device cannot submit even with explicit user action
ok 99 - W625E unsupported device cannot submit even with explicit user action
  ---
  duration_ms: 0.190651
  type: 'test'
  ...
# Subtest: W625E output fetch rejects a non-loopback URL
ok 100 - W625E output fetch rejects a non-loopback URL
  ---
  duration_ms: 0.324593
  type: 'test'
  ...
# Subtest: W625E proof receipt cannot pass without real job and eleven recovery lanes
ok 101 - W625E proof receipt cannot pass without real job and eleven recovery lanes
  ---
  duration_ms: 0.488819
  type: 'test'
  ...
# Subtest: W625E runtime and proof truth prohibit source-only certification
ok 102 - W625E runtime and proof truth prohibit source-only certification
  ---
  duration_ms: 0.133494
  type: 'test'
  ...
# Subtest: W625F registry is source-owned, image-to-video first and no custom nodes
ok 103 - W625F registry is source-owned, image-to-video first and no custom nodes
  ---
  duration_ms: 0.608214
  type: 'test'
  ...
# Subtest: W625F missing output role blocks the workflow
ok 104 - W625F missing output role blocks the workflow
  ---
  duration_ms: 6.893684
  type: 'test'
  ...
# Subtest: W625F unknown node class blocks the workflow
ok 105 - W625F unknown node class blocks the workflow
  ---
  duration_ms: 1.419942
  type: 'test'
  ...
# Subtest: W625F recipe clamps resolution, frame count, fps, steps and batch
ok 106 - W625F recipe clamps resolution, frame count, fps, steps and batch
  ---
  duration_ms: 0.362953
  type: 'test'
  ...
# Subtest: W625F first proof rejects text-to-video mode
ok 107 - W625F first proof rejects text-to-video mode
  ---
  duration_ms: 1.863185
  type: 'test'
  ...
# Subtest: W625F proof recipe has no audio, interpolation or upscaler
ok 108 - W625F proof recipe has no audio, interpolation or upscaler
  ---
  duration_ms: 0.152313
  type: 'test'
  ...
# Subtest: W625G conservative default is 512×288, 33 frames, 16 FPS and queue one
ok 109 - W625G conservative default is 512×288, 33 frames, 16 FPS and queue one
  ---
  duration_ms: 1.450605
  type: 'test'
  ...
# Subtest: W625G workload returns directional storage estimates, not promises
ok 110 - W625G workload returns directional storage estimates, not promises
  ---
  duration_ms: 1.224374
  type: 'test'
  ...
# Subtest: W625G low storage blocks before submit
ok 111 - W625G low storage blocks before submit
  ---
  duration_ms: 0.208488
  type: 'test'
  ...
# Subtest: W625G missing AC and thermal evidence produce warnings
ok 112 - W625G missing AC and thermal evidence produce warnings
  ---
  duration_ms: 0.124722
  type: 'test'
  ...
# Subtest: W625G cleanup is proposal-only and protects owner-saved media
ok 113 - W625G cleanup is proposal-only and protects owner-saved media
  ---
  duration_ms: 0.183507
  type: 'test'
  ...
# Subtest: W625G truth has no exact latency or memory promise
ok 114 - W625G truth has no exact latency or memory promise
  ---
  duration_ms: 0.10475
  type: 'test'
  ...
# Subtest: W625H source integration alone is a no-go
ok 115 - W625H source integration alone is a no-go
  ---
  duration_ms: 0.850996
  type: 'test'
  ...
# Subtest: W625H requires image, video, benchmark, reference device and owner 4 GB fallback
ok 116 - W625H requires image, video, benchmark, reference device and owner 4 GB fallback
  ---
  duration_ms: 0.167627
  type: 'test'
  ...
# Subtest: W625H complete real evidence can certify supported profiles only
ok 117 - W625H complete real evidence can certify supported profiles only
  ---
  duration_ms: 0.098184
  type: 'test'
  ...
# Subtest: W625H benchmark board defaults to pending
ok 118 - W625H benchmark board defaults to pending
  ---
  duration_ms: 0.135078
  type: 'test'
  ...
# Subtest: W625H truth keeps local video uncertified until real proof
ok 119 - W625H truth keeps local video uncertified until real proof
  ---
  duration_ms: 0.217495
  type: 'test'
  ...
# Subtest: W626A requires explicit approval, budget confirmation and reviewed providers
ok 120 - W626A requires explicit approval, budget confirmation and reviewed providers
  ---
  duration_ms: 1.821605
  type: 'test'
  ...
# Subtest: W626A allowlists app origins and provider endpoints
ok 121 - W626A allowlists app origins and provider endpoints
  ---
  duration_ms: 0.464551
  type: 'test'
  ...
# Subtest: W626A public receipt strips prompt and private payload
ok 122 - W626A public receipt strips prompt and private payload
  ---
  duration_ms: 2.280164
  type: 'test'
  ...
# Subtest: W626B pairing issues short-lived origin-bound sessions
ok 123 - W626B pairing issues short-lived origin-bound sessions
  ---
  duration_ms: 1.740241
  type: 'test'
  ...
# Subtest: W626B companion stays loopback-only and has no plaintext fallback
ok 124 - W626B companion stays loopback-only and has no plaintext fallback
  ---
  duration_ms: 0.493364
  type: 'test'
  ...
# Subtest: W626C has two companion-owned image adapters with manual redirects and no auto paid retry
ok 125 - W626C has two companion-owned image adapters with manual redirects and no auto paid retry
  ---
  duration_ms: 1.332628
  type: 'test'
  ...
# Subtest: W626C accepts only allowlisted provider media origins
ok 126 - W626C accepts only allowlisted provider media origins
  ---
  duration_ms: 0.57287
  type: 'test'
  ...
# Subtest: W626D supports long-running video states and cancellation for two providers
ok 127 - W626D supports long-running video states and cancellation for two providers
  ---
  duration_ms: 1.082407
  type: 'test'
  ...
# Subtest: W626E projects direct and local jobs through one bounded state model
ok 128 - W626E projects direct and local jobs through one bounded state model
  ---
  duration_ms: 2.476207
  type: 'test'
  ...
# Subtest: W626F blocks permanent mobile browser credentials and prefers short-lived OAuth
ok 129 - W626F blocks permanent mobile browser credentials and prefers short-lived OAuth
  ---
  duration_ms: 0.630323
  type: 'test'
  ...
# Subtest: W626G requires per-job confirmation and enforces hard budget stops
ok 130 - W626G requires per-job confirmation and enforces hard budget stops
  ---
  duration_ms: 0.620506
  type: 'test'
  ...
# Subtest: W626G preserves provider outage, moderation, quota and region truth
ok 131 - W626G preserves provider outage, moderation, quota and region truth
  ---
  duration_ms: 0.338789
  type: 'test'
  ...
# Subtest: W626H source integration alone is no-go and all real rows default pending
ok 132 - W626H source integration alone is no-go and all real rows default pending
  ---
  duration_ms: 5.983668
  type: 'test'
  ...
# Subtest: W626H can certify only complete signed companion and real network evidence
ok 133 - W626H can certify only complete signed companion and real network evidence
  ---
  duration_ms: 0.310042
  type: 'test'
  ...
# Subtest: W626H local history is redacted, exportable and deletable
ok 134 - W626H local history is redacted, exportable and deletable
  ---
  duration_ms: 0.775037
  type: 'test'
  ...
# Subtest: W627A creates one local intent without starting execution
ok 135 - W627A creates one local intent without starting execution
  ---
  duration_ms: 3.106908
  type: 'test'
  ...
# Subtest: W627A rejects hidden rails and secret-looking goals
ok 136 - W627A rejects hidden rails and secret-looking goals
  ---
  duration_ms: 0.252136
  type: 'test'
  ...
# Subtest: W627B beginner mode supplies conservative image defaults
ok 137 - W627B beginner mode supplies conservative image defaults
  ---
  duration_ms: 3.071995
  type: 'test'
  ...
# Subtest: W627B advanced mode preserves bounded explicit controls
ok 138 - W627B advanced mode preserves bounded explicit controls
  ---
  duration_ms: 0.2577
  type: 'test'
  ...
# Subtest: W627C enforces lifecycle transitions and keeps complete separate from saved
ok 139 - W627C enforces lifecycle transitions and keeps complete separate from saved
  ---
  duration_ms: 3.720222
  type: 'test'
  ...
# Subtest: W627C deleted is terminal
ok 140 - W627C deleted is terminal
  ---
  duration_ms: 0.267586
  type: 'test'
  ...
# Subtest: W627D saves only digest-matched completed output metadata
ok 141 - W627D saves only digest-matched completed output metadata
  ---
  duration_ms: 3.972838
  type: 'test'
  ...
# Subtest: W627D creates versions and supports confirmed deletion
ok 142 - W627D creates versions and supports confirmed deletion
  ---
  duration_ms: 0.873723
  type: 'test'
  ...
# Subtest: W627E attaches a redacted verified creator reference to a real local project
ok 143 - W627E attaches a redacted verified creator reference to a real local project
  ---
  duration_ms: 3.846839
  type: 'test'
  ...
# Subtest: W627E prepares Forge and export continuations without remote action
ok 144 - W627E prepares Forge and export continuations without remote action
  ---
  duration_ms: 0.256647
  type: 'test'
  ...
# Subtest: W627F export includes metadata and excludes raw media
ok 145 - W627F export includes metadata and excludes raw media
  ---
  duration_ms: 2.457985
  type: 'test'
  ...
# Subtest: W627F restore requires preview, explicit confirmation and conflict choices
ok 146 - W627F restore requires preview, explicit confirmation and conflict choices
  ---
  duration_ms: 0.722912
  type: 'test'
  ...
# Subtest: W627G source-only board remains no-go
ok 147 - W627G source-only board remains no-go
  ---
  duration_ms: 0.619862
  type: 'test'
  ...
# Subtest: W627G requires every evidence row and real image, video and device proof
ok 148 - W627G requires every evidence row and real image, video and device proof
  ---
  duration_ms: 0.163113
  type: 'test'
  ...
# Subtest: W628A checkout accepts only configured paid tiers and rejects browser claims
ok 149 - W628A checkout accepts only configured paid tiers and rejects browser claims
  ---
  duration_ms: 0.775794
  type: 'test'
  ...
# Subtest: W628B normalizes provider lifecycle metadata
ok 150 - W628B normalizes provider lifecycle metadata
  ---
  duration_ms: 1.061695
  type: 'test'
  ...
# Subtest: W628B rejects missing webhook signature headers
ok 151 - W628B rejects missing webhook signature headers
  ---
  duration_ms: 0.185461
  type: 'test'
  ...
# Subtest: W628C provider success activates and browser truth remains server-authoritative
ok 152 - W628C provider success activates and browser truth remains server-authoritative
  ---
  duration_ms: 1.056158
  type: 'test'
  ...
# Subtest: W628D requires explicit review and schedules downgrades
ok 153 - W628D requires explicit review and schedules downgrades
  ---
  duration_ms: 0.667133
  type: 'test'
  ...
1..153
# tests 153
# suites 0
# pass 153
# fail 0
# cancelled 0
# skipped 0
# todo 0
# duration_ms 2291.167566

[dependency-free] chunk 8/10 (40)
TAP version 13
# Subtest: W628E refund and dispute revoke access while grace is bounded
ok 1 - W628E refund and dispute revoke access while grace is bounded
  ---
  duration_ms: 1.049328
  type: 'test'
  ...
# Subtest: W628F source integration alone cannot certify real billing
ok 2 - W628F source integration alone cannot certify real billing
  ---
  duration_ms: 0.935802
  type: 'test'
  ...
# Subtest: W629A accepts only signed one-level attribution and rejects self or multi-level referral
ok 3 - W629A accepts only signed one-level attribution and rejects self or multi-level referral
  ---
  duration_ms: 0.648941
  type: 'test'
  ...
# (node:34798) ExperimentalWarning: SQLite is an experimental feature and might change at any time
# (Use `node --trace-warnings ...` to show where the warning was created)
# Subtest: W629B click/share never qualifies and a server milestone receipt is single-use
ok 4 - W629B click/share never qualifies and a server milestone receipt is single-use
  ---
  duration_ms: 20.263272
  type: 'test'
  ...
# Subtest: W629C grant lifecycle is bounded and cannot revive terminal grants
ok 5 - W629C grant lifecycle is bounded and cannot revive terminal grants
  ---
  duration_ms: 1.185167
  type: 'test'
  ...
# Subtest: W629D reversal reasons are explicit and consumed grants can still be revoked
ok 6 - W629D reversal reasons are explicit and consumed grants can still be revoked
  ---
  duration_ms: 0.649667
  type: 'test'
  ...
# Subtest: W629E allows only matching individual server entitlements
ok 7 - W629E allows only matching individual server entitlements
  ---
  duration_ms: 0.718142
  type: 'test'
  ...
# Subtest: W629F UX separates sharing from referral and avoids money language
ok 8 - W629F UX separates sharing from referral and avoids money language
  ---
  duration_ms: 1.08535
  type: 'test'
  ...
# Subtest: W629G migrates legacy reveal records without private data or financial claims
ok 9 - W629G migrates legacy reveal records without private data or financial claims
  ---
  duration_ms: 1.126549
  type: 'test'
  ...
# Subtest: W629H source alone remains NO-GO and evidence export is redacted
ok 10 - W629H source alone remains NO-GO and evidence export is redacted
  ---
  duration_ms: 1.658977
  type: 'test'
  ...
# Subtest: W630 validates the calm whole-app source contract
ok 11 - W630 validates the calm whole-app source contract
  ---
  duration_ms: 2.028503
  type: 'test'
  ...
# Subtest: W630 keeps active project context local and route allowlisted
ok 12 - W630 keeps active project context local and route allowlisted
  ---
  duration_ms: 0.634579
  type: 'test'
  ...
# Subtest: W630 rejects secret-looking project context
ok 13 - W630 rejects secret-looking project context
  ---
  duration_ms: 0.436392
  type: 'test'
  ...
# Subtest: W630 command search adds a continue action without executing it
ok 14 - W630 command search adds a continue action without executing it
  ---
  duration_ms: 0.284213
  type: 'test'
  ...
# Subtest: W630 composer truth never auto-starts voice or hides a cloud fallback
ok 15 - W630 composer truth never auto-starts voice or hides a cloud fallback
  ---
  duration_ms: 0.200787
  type: 'test'
  ...
# Subtest: W630 locked feature prompts are dismissible and non-pushy
ok 16 - W630 locked feature prompts are dismissible and non-pushy
  ---
  duration_ms: 0.103354
  type: 'test'
  ...
# Subtest: W630 context help reflects the current surface
ok 17 - W630 context help reflects the current surface
  ---
  duration_ms: 0.230768
  type: 'test'
  ...
# Subtest: W630 clear context removes only the continuity pointer
ok 18 - W630 clear context removes only the continuity pointer
  ---
  duration_ms: 0.158782
  type: 'test'
  ...
# Subtest: W631 validates the project operating source contract
ok 19 - W631 validates the project operating source contract
  ---
  duration_ms: 2.996435
  type: 'test'
  ...
# Subtest: W631 keeps Projects on its dedicated controller after the route split
ok 20 - W631 keeps Projects on its dedicated controller after the route split
  ---
  duration_ms: 1.600971
  type: 'test'
  ...
# Subtest: W631 syncs an ordinary local project and prepares continue context
ok 21 - W631 syncs an ordinary local project and prepares continue context
  ---
  duration_ms: 0.983572
  type: 'test'
  ...
# Subtest: W631 records bounded versions and local outcomes
ok 22 - W631 records bounded versions and local outcomes
  ---
  duration_ms: 0.468217
  type: 'test'
  ...
# Subtest: W631 requires a receipt for provider or deployment outcomes
ok 23 - W631 requires a receipt for provider or deployment outcomes
  ---
  duration_ms: 0.19748
  type: 'test'
  ...
# Subtest: W631 forge deployment fails closed without permission and provider proof
ok 24 - W631 forge deployment fails closed without permission and provider proof
  ---
  duration_ms: 0.096543
  type: 'test'
  ...
# Subtest: W631 forge deployment accepts a real permissioned receipt contract
ok 25 - W631 forge deployment accepts a real permissioned receipt contract
  ---
  duration_ms: 0.119702
  type: 'test'
  ...
# Subtest: W631 automation scheduling is prepared-only and running needs executor proof
ok 26 - W631 automation scheduling is prepared-only and running needs executor proof
  ---
  duration_ms: 0.136401
  type: 'test'
  ...
# Subtest: W631 automation run history is redacted and persisted
ok 27 - W631 automation run history is redacted and persisted
  ---
  duration_ms: 1.342723
  type: 'test'
  ...
# Subtest: W632 validates the account and Vault custody source contract
ok 28 - W632 validates the account and Vault custody source contract
  ---
  duration_ms: 1.996955
  type: 'test'
  ...
# Subtest: W632 rejects credential values and accepts metadata only
ok 29 - W632 rejects credential values and accepts metadata only
  ---
  duration_ms: 0.656732
  type: 'test'
  ...
# Subtest: W632 never treats identity as backup or automatic sync
ok 30 - W632 never treats identity as backup or automatic sync
  ---
  duration_ms: 0.105165
  type: 'test'
  ...
# Subtest: W632 logout and delete account actions are review-first preparations
ok 31 - W632 logout and delete account actions are review-first preparations
  ---
  duration_ms: 0.165811
  type: 'test'
  ...
# Subtest: W632 recovery starts with preview and never auto-restores
ok 32 - W632 recovery starts with preview and never auto-restores
  ---
  duration_ms: 0.393513
  type: 'test'
  ...
# Subtest: W632 custody state persists metadata and recovery reviews separately
ok 33 - W632 custody state persists metadata and recovery reviews separately
  ---
  duration_ms: 0.396574
  type: 'test'
  ...
# Subtest: W632 identifies retired wallet language without interpreting it as a credential
ok 34 - W632 identifies retired wallet language without interpreting it as a credential
  ---
  duration_ms: 0.6085
  type: 'test'
  ...
# Subtest: W632 detects sensitive browser credential input shapes
ok 35 - W632 detects sensitive browser credential input shapes
  ---
  duration_ms: 0.10363
  type: 'test'
  ...
# Subtest: W633 validates the whole route graph and source-only alias inventory
ok 36 - W633 validates the whole route graph and source-only alias inventory
  ---
  duration_ms: 3.837523
  type: 'test'
  ...
# Subtest: W633 resolves every retained alias directly to a live route
ok 37 - W633 resolves every retained alias directly to a live route
  ---
  duration_ms: 0.449495
  type: 'test'
  ...
# Subtest: W633 keeps every advanced work destination canonical and public
ok 38 - W633 keeps every advanced work destination canonical and public
  ---
  duration_ms: 0.609522
  type: 'test'
  ...
# Subtest: W633 separates real page identity from its parent navigation context
ok 39 - W633 separates real page identity from its parent navigation context
  ---
  duration_ms: 0.335807
  type: 'test'
  ...
# Subtest: W633 standalone every-route audit passes without claiming production proof
ok 40 - W633 standalone every-route audit passes without claiming production proof
  ---
  duration_ms: 228.652827
  type: 'test'
  ...
# Subtest: W634 defines bounded layout, display and input vocabularies
ok 41 - W634 defines bounded layout, display and input vocabularies
  ---
  duration_ms: 0.917753
  type: 'test'
  ...
# Subtest: W634 derives responsive state without claiming physical certification
ok 42 - W634 derives responsive state without claiming physical certification
  ---
  duration_ms: 0.231929
  type: 'test'
  ...
# Subtest: W634 assigns every current public document to exactly one responsive owner
ok 43 - W634 assigns every current public document to exactly one responsive owner
  ---
  duration_ms: 0.33132
  type: 'test'
  ...
# Subtest: W634 keeps its capability bridge permissionless and local
ok 44 - W634 keeps its capability bridge permissionless and local
  ---
  duration_ms: 0.46095
  type: 'test'
  ...
# Subtest: W634 repairs static landmarks, duplicate ids, focus, targets and reduced motion
ok 45 - W634 repairs static landmarks, duplicate ids, focus, targets and reduced motion
  ---
  duration_ms: 3.798202
  type: 'test'
  ...
# Subtest: W634 contract remains explicit about real-device evidence
ok 46 - W634 contract remains explicit about real-device evidence
  ---
  duration_ms: 3.307434
  type: 'test'
  ...
# Subtest: W635 owns every current public document with a bounded initial-transfer budget
ok 47 - W635 owns every current public document with a bounded initial-transfer budget
  ---
  duration_ms: 1.149832
  type: 'test'
  ...
# Subtest: W635 central registration bypasses the HTTP cache and never auto-applies an update
ok 48 - W635 central registration bypasses the HTTP cache and never auto-applies an update
  ---
  duration_ms: 0.96069
  type: 'test'
  ...
# Subtest: W635 service worker reads only current app caches plus the approved content-hashed City cache and rejects unsafe responses
ok 49 - W635 service worker reads only current app caches plus the approved content-hashed City cache and rejects unsafe responses
  ---
  duration_ms: 0.410202
  type: 'test'
  ...
# Subtest: W635 requires separate explicit activation and reload actions
ok 50 - W635 requires separate explicit activation and reload actions
  ---
  duration_ms: 0.456455
  type: 'test'
  ...
# Subtest: W635 version-busts the one stable bootstrap and defers optional shell workloads
ok 51 - W635 version-busts the one stable bootstrap and defers optional shell workloads
  ---
  duration_ms: 2.602701
  type: 'test'
  ...
# Subtest: W635 source gate passes while production and physical evidence remain pending
ok 52 - W635 source gate passes while production and physical evidence remain pending
  ---
  duration_ms: 73.554285
  type: 'test'
  ...
# Subtest: W636 canonical contract and source gate pass without claiming production certification
ok 53 - W636 canonical contract and source gate pass without claiming production certification
  ---
  duration_ms: 5.301993
  type: 'test'
  ...
# Subtest: W646 trusted dynamic UI uses the bundled DOMPurify dependency in fresh browser contexts
ok 54 - W646 trusted dynamic UI uses the bundled DOMPurify dependency in fresh browser contexts
  ---
  duration_ms: 0.226807
  type: 'test'
  ...
# Subtest: W636 bounded request parsing rejects unsupported, malformed and oversized bodies
ok 55 - W636 bounded request parsing rejects unsupported, malformed and oversized bodies
  ---
  duration_ms: 18.766063
  type: 'test'
  ...
# Subtest: W636 external checkout URL validation is HTTPS and Dodo-host bound
ok 56 - W636 external checkout URL validation is HTTPS and Dodo-host bound
  ---
  duration_ms: 0.304119
  type: 'test'
  ...
# Subtest: W636 checkout refuses an untrusted provider URL and suppresses provider session ids
ok 57 - W636 checkout refuses an untrusted provider URL and suppresses provider session ids
  ---
  duration_ms: 2.10547
  type: 'test'
  ...
# Subtest: W636 public billing status suppresses private account and provider identifiers
ok 58 - W636 public billing status suppresses private account and provider identifiers
  ---
  duration_ms: 0.72317
  type: 'test'
  ...
# Subtest: W636 duplicate webhook ids are cryptographically bound to the original payload
ok 59 - W636 duplicate webhook ids are cryptographically bound to the original payload
  ---
  duration_ms: 7.952531
  type: 'test'
  ...
# Subtest: W636 JSON API headers deny framing, cross-origin embedding and ambient device permissions
ok 60 - W636 JSON API headers deny framing, cross-origin embedding and ambient device permissions
  ---
  duration_ms: 0.669724
  type: 'test'
  ...
# Subtest: W636 retires the misleading legacy quantum-safe write/export surface
ok 61 - W636 retires the misleading legacy quantum-safe write/export surface
  ---
  duration_ms: 1.045814
  type: 'test'
  ...
# Subtest: W637 canonical contract inventories all owned IndexedDB databases and keeps production evidence fenced
ok 62 - W637 canonical contract inventories all owned IndexedDB databases and keeps production evidence fenced
  ---
  duration_ms: 3.140007
  type: 'test'
  ...
# Subtest: W637 detects every conflict before mutation, including a conflict after an earlier add candidate
ok 63 - W637 detects every conflict before mutation, including a conflict after an earlier add candidate
  ---
  duration_ms: 77.756096
  type: 'test'
  ...
# Subtest: W637 requires the exact digest-bound reviewed preview and writes nothing when review is missing or stale
ok 64 - W637 requires the exact digest-bound reviewed preview and writes nothing when review is missing or stale
  ---
  duration_ms: 70.237881
  type: 'test'
  ...
# Subtest: W637 reports an atomic batch failure with zero partial records
ok 65 - W637 reports an atomic batch failure with zero partial records
  ---
  duration_ms: 65.111099
  type: 'test'
  ...
# Subtest: W637 applies a reviewed restore in one add-only batch and verifies every stored envelope
ok 66 - W637 applies a reviewed restore in one add-only batch and verifies every stored envelope
  ---
  duration_ms: 70.604722
  type: 'test'
  ...
# Subtest: W637 fails closed when post-write verification observes corrupted stored bytes
ok 67 - W637 fails closed when post-write verification observes corrupted stored bytes
  ---
  duration_ms: 75.516564
  type: 'test'
  ...
# Subtest: W637 backup truth does not misrepresent an unkeyed transport digest as authenticity
ok 68 - W637 backup truth does not misrepresent an unkeyed transport digest as authenticity
  ---
  duration_ms: 0.250166
  type: 'test'
  ...
# Subtest: W638 canonical contract keeps production certification derived and source/synthetic proof non-certifying
ok 69 - W638 canonical contract keeps production certification derived and source/synthetic proof non-certifying
  ---
  duration_ms: 4.63577
  type: 'test'
  ...
# Subtest: W638 empty evidence board is honestly NOT-RUN rather than PASS
ok 70 - W638 empty evidence board is honestly NOT-RUN rather than PASS
  ---
  duration_ms: 1.292903
  type: 'test'
  ...
# Subtest: W638 accepts a redacted genuine device artifact and records its digest
ok 71 - W638 accepts a redacted genuine device artifact and records its digest
  ---
  duration_ms: 2.60693
  type: 'test'
  ...
# Subtest: W638 rejects source or synthetic fixtures presented as production PASS
ok 72 - W638 rejects source or synthetic fixtures presented as production PASS
  ---
  duration_ms: 0.869655
  type: 'test'
  ...
# Subtest: W638 rejects secrets, cookies, full emails and raw customer identifiers in text artifacts
ok 73 - W638 rejects secrets, cookies, full emails and raw customer identifiers in text artifacts
  ---
  duration_ms: 0.720309
  type: 'test'
  ...
# Subtest: W638 requires explicit prior owner approval for destructive billing evidence
ok 74 - W638 requires explicit prior owner approval for destructive billing evidence
  ---
  duration_ms: 0.83661
  type: 'test'
  ...
# Subtest: W638 rejects artifact traversal and raw sensitive fields even when the record claims redaction
ok 75 - W638 rejects artifact traversal and raw sensitive fields even when the record claims redaction
  ---
  duration_ms: 0.513054
  type: 'test'
  ...
# Subtest: W639 canonical contract keeps rehearsal and launch-candidate freeze externally fenced
ok 76 - W639 canonical contract keeps rehearsal and launch-candidate freeze externally fenced
  ---
  duration_ms: 13.646573
  type: 'test'
  ...
# Subtest: W639 freeze manifest is deterministic and fingerprints every required category
ok 77 - W639 freeze manifest is deterministic and fingerprints every required category
  ---
  duration_ms: 4.58217
  type: 'test'
  ...
# Subtest: W639 persistence freeze category includes all current SQL migration registries
ok 78 - W639 persistence freeze category includes all current SQL migration registries
  ---
  duration_ms: 2.09224
  type: 'test'
  ...
# Subtest: W639 build inspector fails closed when dist is absent
ok 79 - W639 build inspector fails closed when dist is absent
  ---
  duration_ms: 0.595118
  type: 'test'
  ...
# Subtest: W639 service worker accepts the exact W635 marker with skipWaiting
ok 80 - W639 service worker accepts the exact W635 marker with skipWaiting
  ---
  duration_ms: 0.842
  type: 'test'
  ...
# Subtest: W639 service worker accepts the exact W650 marker with skipWaiting
ok 81 - W639 service worker accepts the exact W650 marker with skipWaiting
  ---
  duration_ms: 0.141371
  type: 'test'
  ...
# Subtest: W639 service worker rejects unrelated or partial markers
ok 82 - W639 service worker rejects unrelated or partial markers
  ---
  duration_ms: 0.154972
  type: 'test'
  ...
# Subtest: W639 service worker rejects an allowed marker without skipWaiting
ok 83 - W639 service worker rejects an allowed marker without skipWaiting
  ---
  duration_ms: 0.079483
  type: 'test'
  ...
# Subtest: W639 service worker rejects retired aliases
ok 84 - W639 service worker rejects retired aliases
  ---
  duration_ms: 0.268353
  type: 'test'
  ...
# Subtest: W639 build inspector verifies critical routes, current service worker and retired alias absence
ok 85 - W639 build inspector verifies critical routes, current service worker and retired alias absence
  ---
  duration_ms: 2.365335
  type: 'test'
  ...
# Subtest: W639 cannot freeze a launch candidate from a complete local build with empty external evidence
ok 86 - W639 cannot freeze a launch candidate from a complete local build with empty external evidence
  ---
  duration_ms: 0.334674
  type: 'test'
  ...
# Subtest: W639 launch-candidate state is derived only when every W638 lane and every other rehearsal domain passes
ok 87 - W639 launch-candidate state is derived only when every W638 lane and every other rehearsal domain passes
  ---
  duration_ms: 0.178421
  type: 'test'
  ...
# Subtest: W660 City completion matrix has exactly 34 effective assets after five exclusions and six replacements
ok 88 - W660 City completion matrix has exactly 34 effective assets after five exclusions and six replacements
  ---
  duration_ms: 0.807009
  type: 'test'
  ...
# Subtest: W660 City completion matrix binds all fourteen effective character assets
ok 89 - W660 City completion matrix binds all fourteen effective character assets
  ---
  duration_ms: 0.541705
  type: 'test'
  ...
# Subtest: W660 City completion matrix covers nine playable districts and nine Nexus stations
ok 90 - W660 City completion matrix covers nine playable districts and nine Nexus stations
  ---
  duration_ms: 0.288079
  type: 'test'
  ...
# Subtest: W660 City completion matrix locks the recovered productive systems without overstating browser proof
ok 91 - W660 City completion matrix locks the recovered productive systems without overstating browser proof
  ---
  duration_ms: 0.319412
  type: 'test'
  ...
# Subtest: W660A2 source adapter reads existing stores through injected readers and returns a redacted snapshot
ok 92 - W660A2 source adapter reads existing stores through injected readers and returns a redacted snapshot
  ---
  duration_ms: 6.85101
  type: 'test'
  ...
# Subtest: W660A2 event adapter refreshes on existing lifecycle events without starting work
ok 93 - W660A2 event adapter refreshes on existing lifecycle events without starting work
  ---
  duration_ms: 6.550494
  type: 'test'
  ...
# Subtest: W660A2 event adapter truth prohibits operational side effects
ok 94 - W660A2 event adapter truth prohibits operational side effects
  ---
  duration_ms: 0.153718
  type: 'test'
  ...
# Subtest: W660A2 conversation and project names remain redacted until explicitly opened
ok 95 - W660A2 conversation and project names remain redacted until explicitly opened
  ---
  duration_ms: 0.900847
  type: 'test'
  ...
# Subtest: W660A2 local shield truth requires a verified local route
ok 96 - W660A2 local shield truth requires a verified local route
  ---
  duration_ms: 0.225712
  type: 'test'
  ...
# Subtest: W660A2 approval and presence projections distinguish waiting, active and complete
ok 97 - W660A2 approval and presence projections distinguish waiting, active and complete
  ---
  duration_ms: 0.535583
  type: 'test'
  ...
# Subtest: W660A2 EONBOT state priority represents real listening, approval, work and failure
ok 98 - W660A2 EONBOT state priority represents real listening, approval, work and failure
  ---
  duration_ms: 0.159988
  type: 'test'
  ...
# Subtest: W660A2 complete projected snapshot excludes raw private and credential fields
ok 99 - W660A2 complete projected snapshot excludes raw private and credential fields
  ---
  duration_ms: 7.613506
  type: 'test'
  ...
# Subtest: W660A2 capability recommendation always retains a static fallback and pauses hidden rendering
ok 100 - W660A2 capability recommendation always retains a static fallback and pauses hidden rendering
  ---
  duration_ms: 0.289605
  type: 'test'
  ...
# Subtest: W660A2 results never invent unread state without a read receipt
ok 101 - W660A2 results never invent unread state without a read receipt
  ---
  duration_ms: 0.124729
  type: 'test'
  ...
# Subtest: W660A2 default Nexus state is immutable, renderer-neutral and idle
ok 102 - W660A2 default Nexus state is immutable, renderer-neutral and idle
  ---
  duration_ms: 1.642077
  type: 'test'
  ...
# Subtest: W660A2 state normalization bounds labels, routes and node collections
ok 103 - W660A2 state normalization bounds labels, routes and node collections
  ---
  duration_ms: 0.92392
  type: 'test'
  ...
# Subtest: W660A2 task and approval events update only their normalized domains
ok 104 - W660A2 task and approval events update only their normalized domains
  ---
  duration_ms: 2.232376
  type: 'test'
  ...
# Subtest: W660A2 store publishes immutable replacements without creating operational effects
ok 105 - W660A2 store publishes immutable replacements without creating operational effects
  ---
  duration_ms: 1.712092
  type: 'test'
  ...
# Subtest: W660B1 Pulse view model exposes the existing Chat route and no invented badge
ok 106 - W660B1 Pulse view model exposes the existing Chat route and no invented badge
  ---
  duration_ms: 2.270675
  type: 'test'
  ...
# Subtest: W660B1 Pulse prioritizes a real approval over result count
ok 107 - W660B1 Pulse prioritizes a real approval over result count
  ---
  duration_ms: 0.563903
  type: 'test'
  ...
# Subtest: W660B1 Pulse labels only a verified local route as private on device
ok 108 - W660B1 Pulse labels only a verified local route as private on device
  ---
  duration_ms: 0.560218
  type: 'test'
  ...
# Subtest: W660B1 Pulse rejects unsafe external action routes
ok 109 - W660B1 Pulse rejects unsafe external action routes
  ---
  duration_ms: 0.30383
  type: 'test'
  ...
# Subtest: W660B1 Chat projection maps only observable EONBOT states
ok 110 - W660B1 Chat projection maps only observable EONBOT states
  ---
  duration_ms: 1.704204
  type: 'test'
  ...
# Subtest: W660B1 truth receipts prohibit automatic or duplicate systems
ok 111 - W660B1 truth receipts prohibit automatic or duplicate systems
  ---
  duration_ms: 0.911547
  type: 'test'
  ...
# Subtest: W660B2 high-capability automatic policy selects full CSS motion
ok 112 - W660B2 high-capability automatic policy selects full CSS motion
  ---
  duration_ms: 0.788232
  type: 'test'
  ...
# Subtest: W660B2 reduced motion always selects the static profile
ok 113 - W660B2 reduced motion always selects the static profile
  ---
  duration_ms: 0.282399
  type: 'test'
  ...
# Subtest: W660B2 constrained devices and Data Saver select low-power motion
ok 114 - W660B2 constrained devices and Data Saver select low-power motion
  ---
  duration_ms: 0.161372
  type: 'test'
  ...
# Subtest: W660B2 hidden documents pause motion without changing truthful state
ok 115 - W660B2 hidden documents pause motion without changing truthful state
  ---
  duration_ms: 0.112206
  type: 'test'
  ...
# Subtest: W660B2 controller applies bounded attributes and responds to state, visibility and preference changes
ok 116 - W660B2 controller applies bounded attributes and responds to state, visibility and preference changes
  ---
  duration_ms: 0.8103
  type: 'test'
  ...
# Subtest: W660B2 truth receipt prohibits hidden work and heavy renderers
ok 117 - W660B2 truth receipt prohibits hidden work and heavy renderers
  ---
  duration_ms: 0.871357
  type: 'test'
  ...
# Subtest: W660C Live Nexus exposes no more than five real primary nodes
ok 118 - W660C Live Nexus exposes no more than five real primary nodes
  ---
  duration_ms: 11.871415
  type: 'test'
  ...
# Subtest: W660C Live Nexus keeps selected node positions stable across refreshes
ok 119 - W660C Live Nexus keeps selected node positions stable across refreshes
  ---
  duration_ms: 1.787966
  type: 'test'
  ...
# Subtest: W660C Live Nexus labels private local routes only from projected truth
ok 120 - W660C Live Nexus labels private local routes only from projected truth
  ---
  duration_ms: 1.175509
  type: 'test'
  ...
# Subtest: W660C Live Nexus exposes only safe existing routes and observable controls
ok 121 - W660C Live Nexus exposes only safe existing routes and observable controls
  ---
  duration_ms: 0.735565
  type: 'test'
  ...
# Subtest: W660C truth receipt prohibits duplicate stores, hidden execution and heavy renderers
ok 122 - W660C truth receipt prohibits duplicate stores, hidden execution and heavy renderers
  ---
  duration_ms: 0.250336
  type: 'test'
  ...
# Subtest: W660D Atlas renders one selected project and rejects mismatched project data
ok 123 - W660D Atlas renders one selected project and rejects mismatched project data
  ---
  duration_ms: 1.397368
  type: 'test'
  ...
# Subtest: W660D Atlas redacts project, task, artifact and conversation labels by default
ok 124 - W660D Atlas redacts project, task, artifact and conversation labels by default
  ---
  duration_ms: 1.791611
  type: 'test'
  ...
# Subtest: W660D Atlas includes only exact project-bound agent activity and remains bounded
ok 125 - W660D Atlas includes only exact project-bound agent activity and remains bounded
  ---
  duration_ms: 0.679697
  type: 'test'
  ...
# Subtest: W660D Atlas derives incomplete work and a deterministic next action without inventing milestones or files
ok 126 - W660D Atlas derives incomplete work and a deterministic next action without inventing milestones or files
  ---
  duration_ms: 0.259175
  type: 'test'
  ...
# Subtest: W660D Atlas travels through the same privacy-projected EON NEXUS snapshot
ok 127 - W660D Atlas travels through the same privacy-projected EON NEXUS snapshot
  ---
  duration_ms: 2.134999
  type: 'test'
  ...
# Subtest: W660D truth contract owns no project, chat or task runtime
ok 128 - W660D truth contract owns no project, chat or task runtime
  ---
  duration_ms: 0.13869
  type: 'test'
  ...
# Subtest: W660E exposes exactly eight bounded read-only product adapters
ok 129 - W660E exposes exactly eight bounded read-only product adapters
  ---
  duration_ms: 1.897801
  type: 'test'
  ...
# Subtest: W660E Forge adapter keeps the complete seven-stage workflow and current truthful stage
ok 130 - W660E Forge adapter keeps the complete seven-stage workflow and current truthful stage
  ---
  duration_ms: 0.293941
  type: 'test'
  ...
# Subtest: W660E distinguishes private local AI without silently changing routes
ok 131 - W660E distinguishes private local AI without silently changing routes
  ---
  duration_ms: 0.206585
  type: 'test'
  ...
# Subtest: W660E automation adapter preserves upcoming, successful, failed and waiting categories
ok 132 - W660E automation adapter preserves upcoming, successful, failed and waiting categories
  ---
  duration_ms: 0.191611
  type: 'test'
  ...
# Subtest: W660E Library, Vault, Settings and Billing project only restrained presence facts
ok 133 - W660E Library, Vault, Settings and Billing project only restrained presence facts
  ---
  duration_ms: 0.29304
  type: 'test'
  ...
# Subtest: W660E truth contract prohibits execution, duplicated stores and raw secrets
ok 134 - W660E truth contract prohibits execution, duplicated stores and raw secrets
  ---
  duration_ms: 0.105058
  type: 'test'
  ...
# Subtest: W660G mounts the lightweight Nexus across application-shell product routes
ok 135 - W660G mounts the lightweight Nexus across application-shell product routes
  ---
  duration_ms: 0.746404
  type: 'test'
  ...
# Subtest: W660G prevents duplicate 2D Nexus surfaces on Chat and EONCITY
ok 136 - W660G prevents duplicate 2D Nexus surfaces on Chat and EONCITY
  ---
  duration_ms: 0.658245
  type: 'test'
  ...
# Subtest: W660G stays outside non-application marketing and legal shells
ok 137 - W660G stays outside non-application marketing and legal shells
  ---
  duration_ms: 0.11108
  type: 'test'
  ...
# Subtest: W660G truth contract preserves one assistant and explicit user actions
ok 138 - W660G truth contract preserves one assistant and explicit user actions
  ---
  duration_ms: 0.216528
  type: 'test'
  ...
# Subtest: W660H defines a custom Nexus context for every primary product shell
ok 139 - W660H defines a custom Nexus context for every primary product shell
  ---
  duration_ms: 0.872418
  type: 'test'
  ...
# Subtest: W660H page projection focuses the relevant real adapter without exposing raw stores
ok 140 - W660H page projection focuses the relevant real adapter without exposing raw stores
  ---
  duration_ms: 0.455628
  type: 'test'
  ...
# Subtest: W660H Pulse and Live Nexus display page-specific identity and focused data
ok 141 - W660H Pulse and Live Nexus display page-specific identity and focused data
  ---
  duration_ms: 4.504308
  type: 'test'
  ...
# Subtest: W660H shell separates fixed account dock from scrollable navigation
ok 142 - W660H shell separates fixed account dock from scrollable navigation
  ---
  duration_ms: 1.299372
  type: 'test'
  ...
# Subtest: W660H chat composer and Continue actions remain visible inside the viewport
ok 143 - W660H chat composer and Continue actions remain visible inside the viewport
  ---
  duration_ms: 0.546224
  type: 'test'
  ...
# Subtest: W660H truth keeps gestures explicit and preserves one assistant/store
ok 144 - W660H truth keeps gestures explicit and preserves one assistant/store
  ---
  duration_ms: 0.185206
  type: 'test'
  ...
# [W660W] PASS required-files: contract, canonical store, both Realm panels, tests and roadmap exist
# [W660W] PASS same-canonical-store: Realm memory extends the existing Living Nexus store
# [W660W] PASS bounded-realm-memory: Realm discoveries and visits have strict caps
# [W660W] PASS explicit-record-methods: visit and discovery writes require explicit user action
# [W660W] PASS public-safe-fields: only authored public-safe Realm ids, labels and times are stored
# [W660W] PASS private-by-construction: stored Realm memory remains private and contains no work content
# [W660W] PASS validation-covers-realm-memory: snapshot validation rejects malformed Realm memory
# [W660W] PASS no-network-value-system: Realm Atlas adds no network, database, reward, payment or entitlement system
# [W660W] PASS main-atlas-visible: main Living Nexus panel exposes bounded Realm Atlas counts
# [W660W] PASS single-controller-event-bridge: Realm panel writes through the one existing Living Nexus controller
# [W660W] PASS confirmed-entry-record: only separately confirmed Realm entry emits a visit record
# [W660W] PASS explicit-discovery-control: authored discoveries require a visible explicit record action
# [W660W] PASS receipt-and-return-preserved: receipt transformation and exact safe return remain in the expedition loop
# [W660W] PASS no-automatic-share: sharing remains a separate global review action
# [W660W] PASS roadmap-boundary: roadmap records source completion without claiming live proof
# [W660W] PASS package-command: focused W660W QA command exists
# [W660W] PASS maintained-suite-current: 378 maintained files include W660W
# [W660W] PASS contract-invariants: contract preserves canonical store, scene, review, privacy and truth invariants
# [W660W] PASS 18/18
# Subtest: W660W records a Realm visit only after explicit confirmed entry metadata
ok 145 - W660W records a Realm visit only after explicit confirmed entry metadata
  ---
  duration_ms: 12.425625
  type: 'test'
  ...
# Subtest: W660W records only explicit public-safe authored discovery metadata
ok 146 - W660W records only explicit public-safe authored discovery metadata
  ---
  duration_ms: 5.657697
  type: 'test'
  ...
# Subtest: W660W deduplicates Realm memories and updates the latest explicit record
ok 147 - W660W deduplicates Realm memories and updates the latest explicit record
  ---
  duration_ms: 11.783666
  type: 'test'
  ...
# Subtest: W660W caps private Realm Atlas memory at 12 visits and 24 discoveries
ok 148 - W660W caps private Realm Atlas memory at 12 visits and 24 discoveries
  ---
  duration_ms: 107.588716
  type: 'test'
  ...
# Subtest: W660W source gate locks the one-store private Realm expedition loop
ok 149 - W660W source gate locks the one-store private Realm expedition loop
  ---
  duration_ms: 1.553119
  type: 'test'
  ...
# Subtest: W662B resolves W and D from the actual horizontal camera pose at four cardinal rotations
ok 150 - W662B resolves W and D from the actual horizontal camera pose at four cardinal rotations
  ---
  duration_ms: 1.132996
  type: 'test'
  ...
# Subtest: W662B ArcRotate alpha fallback remains deterministic when camera pose is unavailable
ok 151 - W662B ArcRotate alpha fallback remains deterministic when camera pose is unavailable
  ---
  duration_ms: 0.372129
  type: 'test'
  ...
# Subtest: W662B normalizes diagonal and mixed digital/analogue intent without changing speed
ok 152 - W662B normalizes diagonal and mixed digital/analogue intent without changing speed
  ---
  duration_ms: 0.810733
  type: 'test'
  ...
# Subtest: W662B guided world targets remain world-relative and stop inside the arrival radius
ok 153 - W662B guided world targets remain world-relative and stop inside the arrival radius
  ---
  duration_ms: 0.194182
  type: 'test'
  ...
# Subtest: W662B canonical core uses the resolver, protects focus and removes fixed-world-axis direction math
ok 154 - W662B canonical core uses the resolver, protects focus and removes fixed-world-axis direction math
  ---
  duration_ms: 0.478946
  type: 'test'
  ...
# Subtest: W662 implementation/exposure ledger validates against the governed production tree
ok 155 - W662 implementation/exposure ledger validates against the governed production tree
  ---
  duration_ms: 4.677164
  type: 'test'
  ...
# Subtest: ledger does not confuse source presence with completion
ok 156 - ledger does not confuse source presence with completion
  ---
  duration_ms: 0.210737
  type: 'test'
  ...
# Subtest: implemented controls remain human-proof-required instead of being overclaimed complete
ok 157 - implemented controls remain human-proof-required instead of being overclaimed complete
  ---
  duration_ms: 0.267475
  type: 'test'
  ...
# Subtest: W661E short-tap lifecycle and production release authority remain protected
ok 158 - W661E short-tap lifecycle and production release authority remain protected
  ---
  duration_ms: 0.268692
  type: 'test'
  ...
# Subtest: ledger source and automated references point to present repository files
ok 159 - ledger source and automated references point to present repository files
  ---
  duration_ms: 0.792254
  type: 'test'
  ...
# Subtest: W662C carries one bounded privacy-projected identity across the three Nexus forms
ok 160 - W662C carries one bounded privacy-projected identity across the three Nexus forms
  ---
  duration_ms: 2.158107
  type: 'test'
  ...
# Subtest: W662C writes only after explicit action and reads the exact projected state back
ok 161 - W662C writes only after explicit action and reads the exact projected state back
  ---
  duration_ms: 2.032624
  type: 'test'
  ...
# Subtest: W662C expires stale handoffs and keeps the truth boundary explicit
ok 162 - W662C expires stale handoffs and keeps the truth boundary explicit
  ---
  duration_ms: 0.37345
  type: 'test'
  ...
# Subtest: W662D resolves contradictory Ready/Complete signals into one truthful narrative
ok 163 - W662D resolves contradictory Ready/Complete signals into one truthful narrative
  ---
  duration_ms: 3.363541
  type: 'test'
  ...
# Subtest: W662D models the approved command field and explicit Spatial Nexus handoff
ok 164 - W662D models the approved command field and explicit Spatial Nexus handoff
  ---
  duration_ms: 0.309743
  type: 'test'
  ...
# Subtest: W662E produces a central project, three bounded rings and Needs Attention
ok 165 - W662E produces a central project, three bounded rings and Needs Attention
  ---
  duration_ms: 1.730787
  type: 'test'
  ...
# Subtest: W662E keeps the readable list alternative and does not invent missing records
ok 166 - W662E keeps the readable list alternative and does not invent missing records
  ---
  duration_ms: 0.151651
  type: 'test'
  ...
# Subtest: W662G projects all source-controlled cast without fabricating browser acceptance
ok 167 - W662G projects all source-controlled cast without fabricating browser acceptance
  ---
  duration_ms: 1.473998
  type: 'test'
  ...
# Subtest: W662G accepts bounded runtime observations while preserving fallback truth
ok 168 - W662G accepts bounded runtime observations while preserving fallback truth
  ---
  duration_ms: 1.80997
  type: 'test'
  ...
# Subtest: W662G is exposed from the City menu but not the persistent HUD
ok 169 - W662G is exposed from the City menu but not the persistent HUD
  ---
  duration_ms: 1.750944
  type: 'test'
  ...
# Subtest: W662I records every programme wave without fabricating release acceptance
ok 170 - W662I records every programme wave without fabricating release acceptance
  ---
  duration_ms: 1.013052
  type: 'test'
  ...
# Subtest: W662I keeps generated source-suite evidence under the post-suite gate instead of self-reading stale receipts
ok 171 - W662I keeps generated source-suite evidence under the post-suite gate instead of self-reading stale receipts
  ---
  duration_ms: 0.106536
  type: 'test'
  ...
# Subtest: W662I gives the next operator one canonical local verification command
ok 172 - W662I gives the next operator one canonical local verification command
  ---
  duration_ms: 0.141376
  type: 'test'
  ...
# Subtest: W664 camera authority preserves screen directions at eight camera headings
ok 173 - W664 camera authority preserves screen directions at eight camera headings
  ---
  duration_ms: 1.433507
  type: 'test'
  ...
# Subtest: W664 D-pad identifies its input source instead of mutating an anonymous direction set
ok 174 - W664 D-pad identifies its input source instead of mutating an anonymous direction set
  ---
  duration_ms: 1.386428
  type: 'test'
  ...
# Subtest: W664 core keeps keyboard and touch sources independent and exposes live vector diagnostics
ok 175 - W664 core keeps keyboard and touch sources independent and exposes live vector diagnostics
  ---
  duration_ms: 0.52515
  type: 'test'
  ...
# Subtest: W664 visible NPC meshes and functional station meshes own exact click interactions
ok 176 - W664 visible NPC meshes and functional station meshes own exact click interactions
  ---
  duration_ms: 1.580897
  type: 'test'
  ...
# Subtest: W664 local branch retains the W663 production stylesheet exposure repair
ok 177 - W664 local branch retains the W663 production stylesheet exposure repair
  ---
  duration_ms: 0.166806
  type: 'test'
  ...
1..177
# tests 177
# suites 0
# pass 177
# fail 0
# cancelled 0
# skipped 0
# todo 0
# duration_ms 3189.819657

[dependency-free] chunk 9/10 (40)
TAP version 13
# Subtest: W665 district hysteresis rejects boundary jitter but switches after clear entry
ok 1 - W665 district hysteresis rejects boundary jitter but switches after clear entry
  ---
  duration_ms: 0.916714
  type: 'test'
  ...
# Subtest: W665/W671/W675 keep compatible hysteresis across expanded product and paid-asset district authorities
ok 2 - W665/W671/W675 keep compatible hysteresis across expanded product and paid-asset district authorities
  ---
  duration_ms: 0.983756
  type: 'test'
  ...
# Subtest: W665 keeps two balanced/cinematic district residencies and never unloads the old room before the new room is ready
ok 3 - W665 keeps two balanced/cinematic district residencies and never unloads the old room before the new room is ready
  ---
  duration_ms: 0.466033
  type: 'test'
  ...
# Subtest: W665 procedural composition cross-fades outgoing and incoming districts instead of one-frame replacement
ok 4 - W665 procedural composition cross-fades outgoing and incoming districts instead of one-frame replacement
  ---
  duration_ms: 1.035716
  type: 'test'
  ...
# Subtest: W666 every shipped resident role owns explicit review-first product actions
ok 5 - W666 every shipped resident role owns explicit review-first product actions
  ---
  duration_ms: 1.194964
  type: 'test'
  ...
# Subtest: W666 all authored district terminals remain exact, review-first functional targets
ok 6 - W666 all authored district terminals remain exact, review-first functional targets
  ---
  duration_ms: 0.412447
  type: 'test'
  ...
# Subtest: W666 visible terminal screens and NPC meshes carry exact world-pick identities
ok 7 - W666 visible terminal screens and NPC meshes carry exact world-pick identities
  ---
  duration_ms: 0.406183
  type: 'test'
  ...
# Subtest: W666 direct picks show only the selected resident, terminal or station actions
ok 8 - W666 direct picks show only the selected resident, terminal or station actions
  ---
  duration_ms: 1.016888
  type: 'test'
  ...
# Subtest: W666B assigns every shipped character, prop and landmark one truthful function
ok 9 - W666B assigns every shipped character, prop and landmark one truthful function
  ---
  duration_ms: 0.935679
  type: 'test'
  ...
# Subtest: W666B every district asset resolves to a real review-first action set
ok 10 - W666B every district asset resolves to a real review-first action set
  ---
  duration_ms: 0.271279
  type: 'test'
  ...
# Subtest: W666B retains all alternate and specialist character roles
ok 11 - W666B retains all alternate and specialist character roles
  ---
  duration_ms: 0.091447
  type: 'test'
  ...
# Subtest: W666B loaded GLB meshes expose exact asset functions to click and E interaction
ok 12 - W666B loaded GLB meshes expose exact asset functions to click and E interaction
  ---
  duration_ms: 1.053704
  type: 'test'
  ...
# Subtest: W666B keeps the interaction panel simple instead of showing a control wall
ok 13 - W666B keeps the interaction panel simple instead of showing a control wall
  ---
  duration_ms: 0.738671
  type: 'test'
  ...
# Subtest: W668 keeps one continuity identity while morphing Pulse, Expanded and Spatial forms
ok 14 - W668 keeps one continuity identity while morphing Pulse, Expanded and Spatial forms
  ---
  duration_ms: 2.24464
  type: 'test'
  ...
# Subtest: W668 caps the flagship field at five meaningful stable nodes
ok 15 - W668 caps the flagship field at five meaningful stable nodes
  ---
  duration_ms: 0.537165
  type: 'test'
  ...
# Subtest: W668 visibly differentiates real EONBOT states without inventing work
ok 16 - W668 visibly differentiates real EONBOT states without inventing work
  ---
  duration_ms: 1.227285
  type: 'test'
  ...
# Subtest: W668 feeds the same flagship projection into Pulse, Expanded Nexus and City continuity
ok 17 - W668 feeds the same flagship projection into Pulse, Expanded Nexus and City continuity
  ---
  duration_ms: 9.975824
  type: 'test'
  ...
# Subtest: W668 integration sources expose the same visual contract without a second assistant or store
ok 18 - W668 integration sources expose the same visual contract without a second assistant or store
  ---
  duration_ms: 1.842916
  type: 'test'
  ...
# Subtest: W668B exposes one clear next action and no more than three simple paths
ok 19 - W668B exposes one clear next action and no more than three simple paths
  ---
  duration_ms: 1.368441
  type: 'test'
  ...
# Subtest: W668B prioritizes approval, then result, then project, then conversation
ok 20 - W668B prioritizes approval, then result, then project, then conversation
  ---
  duration_ms: 0.385137
  type: 'test'
  ...
# Subtest: W668B Atlas distributes rings into separate sectors and marks real attention
ok 21 - W668B Atlas distributes rings into separate sectors and marks real attention
  ---
  duration_ms: 0.772741
  type: 'test'
  ...
# Subtest: W668B source renders a living signal field, simple command actions and a useful empty Atlas
ok 22 - W668B source renders a living signal field, simple command actions and a useful empty Atlas
  ---
  duration_ms: 1.752018
  type: 'test'
  ...
# [W669] PASS required-authority-files: W664–W669 source authorities, release contract, gate, tests and runbook exist
# [W669] PASS contract-valid: evidence-gated contract validates
# [W669] PASS seven-independent-lanes: movement, Core, assets, Expanse, Nexus, Realms and performance are separate
# [W669] PASS nine-point-five-owner-only: automation cannot award the flagship score
# [W669] PASS zero-critical-defects: any critical defect blocks release
# [W669] PASS browser-device-realm-matrix: required human matrix is explicit
# [W669] PASS zero-artifact-local-first: local source work needs no Codex or Actions artifacts
# [W669] PASS blank-receipt-cannot-release: template remains blocked until owner/live proof exists
# [W669] PASS package-command: focused W669 source command exists
# [W669] PASS recovery-chain-command: consolidated local recovery chain ends at W669
# [W669] PASS w664-authority-present: canonical movement authority remains source-aware
# [W669] PASS w665-transition-present: seamless district authority remains explicit
# [W669] PASS w666-asset-functions-present: complete shipped-asset function authority remains explicit
# [W669] PASS w667-infinite-world-present: streamed deterministic-infinite Expanse remains explicit
# [W669] PASS w668-one-nexus-present: one flagship state morphs across three Nexus forms
# [W669] PASS w668c-world-first-present: City presents the world before the technical controls
# [W669] PASS maintained-suite-aligned: 378 maintained tests include W669
# [W669] PASS 17/17 · releaseApproved=false · authenticated owner proof still required
# Subtest: W669 keeps the 9.5 claim owner-scored and evidence-gated
ok 23 - W669 keeps the 9.5 claim owner-scored and evidence-gated
  ---
  duration_ms: 3.234567
  type: 'test'
  ...
# Subtest: W669 covers all recovery waves with separate human acceptance lanes
ok 24 - W669 covers all recovery waves with separate human acceptance lanes
  ---
  duration_ms: 1.029455
  type: 'test'
  ...
# Subtest: W669 blank owner template cannot accidentally approve release
ok 25 - W669 blank owner template cannot accidentally approve release
  ---
  duration_ms: 0.211761
  type: 'test'
  ...
# Subtest: W669 accepts only a complete exact-candidate owner receipt
ok 26 - W669 accepts only a complete exact-candidate owner receipt
  ---
  duration_ms: 0.271786
  type: 'test'
  ...
# Subtest: W669 local source work requires neither Codex nor Actions artifacts
ok 27 - W669 local source work requires neither Codex nor Actions artifacts
  ---
  duration_ms: 0.25768
  type: 'test'
  ...
# Subtest: W671 removes the accidental half-turn between world movement and the Pathfinder visual
ok 28 - W671 removes the accidental half-turn between world movement and the Pathfinder visual
  ---
  duration_ms: 0.62626
  type: 'test'
  ...
# Subtest: W671 district boundary requires a stable candidate before changing identity
ok 29 - W671 district boundary requires a stable candidate before changing identity
  ---
  duration_ms: 0.316944
  type: 'test'
  ...
# Subtest: W671 Atlas exposes every authored district as a readable explicit-travel node
ok 30 - W671 Atlas exposes every authored district as a readable explicit-travel node
  ---
  duration_ms: 0.666262
  type: 'test'
  ...
# Subtest: W671 source wiring keeps Atlas visible and owner repairs local-only
ok 31 - W671 source wiring keeps Atlas visible and owner repairs local-only
  ---
  duration_ms: 8.195506
  type: 'test'
  ...
# Subtest: W672 projects only real privacy-bounded work objects into the command field
ok 32 - W672 projects only real privacy-bounded work objects into the command field
  ---
  duration_ms: 9.084644
  type: 'test'
  ...
# Subtest: W672 gives urgent truthful state the visual focus without auto-approving it
ok 33 - W672 gives urgent truthful state the visual focus without auto-approving it
  ---
  duration_ms: 0.870001
  type: 'test'
  ...
# Subtest: W672 keeps object identity and positions stable across refreshes
ok 34 - W672 keeps object identity and positions stable across refreshes
  ---
  duration_ms: 1.584724
  type: 'test'
  ...
# Subtest: W672 Live Nexus source exposes a morphic work field and explicit inspector actions
ok 35 - W672 Live Nexus source exposes a morphic work field and explicit inspector actions
  ---
  duration_ms: 5.38281
  type: 'test'
  ...
# Subtest: W676 gives Orientation Hall six unique authored animated residents
ok 36 - W676 gives Orientation Hall six unique authored animated residents
  ---
  duration_ms: 0.912003
  type: 'test'
  ...
# Subtest: W676 shows one representation per resident and hides a fallback when its GLB is loaded
ok 37 - W676 shows one representation per resident and hides a fallback when its GLB is loaded
  ---
  duration_ms: 0.265543
  type: 'test'
  ...
# Subtest: W676 active renderers synchronize fallback silhouettes with W649 residency
ok 38 - W676 active renderers synchronize fallback silhouettes with W649 residency
  ---
  duration_ms: 0.7758
  type: 'test'
  ...
# Subtest: W676 resident coherence preserves truth and control boundaries
ok 39 - W676 resident coherence preserves truth and control boundaries
  ---
  duration_ms: 0.240828
  type: 'test'
  ...
# Subtest: W677 builds a real reviewed Capsule ride and accessible skip mode
ok 40 - W677 builds a real reviewed Capsule ride and accessible skip mode
  ---
  duration_ms: 2.083485
  type: 'test'
  ...
# Subtest: W677 controller cannot start without the explicit confirmed user action
ok 41 - W677 controller cannot start without the explicit confirmed user action
  ---
  duration_ms: 0.69217
  type: 'test'
  ...
# Subtest: W677 is wired into transport review, the product layer and the canonical Core renderer
ok 42 - W677 is wired into transport review, the product layer and the canonical Core renderer
  ---
  duration_ms: 0.918885
  type: 'test'
  ...
# Subtest: W677 retains review-first truth boundaries
ok 43 - W677 retains review-first truth boundaries
  ---
  duration_ms: 0.12375
  type: 'test'
  ...
# Subtest: W679 keeps EONBOT visibly non-static while Pathfinder is idle
ok 44 - W679 keeps EONBOT visibly non-static while Pathfinder is idle
  ---
  duration_ms: 0.933374
  type: 'test'
  ...
# Subtest: W679 docking is bounded to public docks and requires explicit user action
ok 45 - W679 docking is bounded to public docks and requires explicit user action
  ---
  duration_ms: 0.30281
  type: 'test'
  ...
# Subtest: W679 exposes both Orientation and Creator public dock authority
ok 46 - W679 exposes both Orientation and Creator public dock authority
  ---
  duration_ms: 0.145629
  type: 'test'
  ...
# Subtest: W679 is wired into the canonical companion renderer and visible dock review
ok 47 - W679 is wired into the canonical companion renderer and visible dock review
  ---
  duration_ms: 1.694002
  type: 'test'
  ...
# Subtest: W680 gives every Orientation resident one productive destination loop
ok 48 - W680 gives every Orientation resident one productive destination loop
  ---
  duration_ms: 0.642127
  type: 'test'
  ...
# Subtest: W680 resolves the same loop from resident assets and terminal identities
ok 49 - W680 resolves the same loop from resident assets and terminal identities
  ---
  duration_ms: 0.249671
  type: 'test'
  ...
# Subtest: W680 separates loop review from destination confirmation
ok 50 - W680 separates loop review from destination confirmation
  ---
  duration_ms: 0.360532
  type: 'test'
  ...
# Subtest: W680 product layer consumes visible resident, terminal and building metadata
ok 51 - W680 product layer consumes visible resident, terminal and building metadata
  ---
  duration_ms: 0.694265
  type: 'test'
  ...
# Subtest: W683 creates a bounded spatial field from real W672 work objects
ok 52 - W683 creates a bounded spatial field from real W672 work objects
  ---
  duration_ms: 3.768869
  type: 'test'
  ...
# Subtest: W683 applies local manipulation state without changing source authority
ok 53 - W683 applies local manipulation state without changing source authority
  ---
  duration_ms: 2.527517
  type: 'test'
  ...
# Subtest: W683 connections express project relationships rather than decorative-only rings
ok 54 - W683 connections express project relationships rather than decorative-only rings
  ---
  duration_ms: 0.477416
  type: 'test'
  ...
# Subtest: W683 is wired into both DOM and the single lazy Babylon Living Core
ok 55 - W683 is wired into both DOM and the single lazy Babylon Living Core
  ---
  duration_ms: 0.891932
  type: 'test'
  ...
# Subtest: W684 moves, groups, compares, parks and restores real objects with undo
ok 56 - W684 moves, groups, compares, parks and restores real objects with undo
  ---
  duration_ms: 3.24653
  type: 'test'
  ...
# Subtest: W684 grouping requires two real selections and view commands update the bounded visible state
ok 57 - W684 grouping requires two real selections and view commands update the bounded visible state
  ---
  duration_ms: 0.543433
  type: 'test'
  ...
# Subtest: W684 voice transcripts map to bounded commands but never execute product work
ok 58 - W684 voice transcripts map to bounded commands but never execute product work
  ---
  duration_ms: 0.705045
  type: 'test'
  ...
# Subtest: W684 gesture frames require local processing, confidence and stability
ok 59 - W684 gesture frames require local processing, confidence and stability
  ---
  duration_ms: 0.351117
  type: 'test'
  ...
# Subtest: W684 local camera mode cannot start automatically or without an injected detector
ok 60 - W684 local camera mode cannot start automatically or without an injected detector
  ---
  duration_ms: 0.417884
  type: 'test'
  ...
# Subtest: W685 assembles one real selected project universe with a City anchor
ok 61 - W685 assembles one real selected project universe with a City anchor
  ---
  duration_ms: 2.613003
  type: 'test'
  ...
# Subtest: W685 view modes and rotation change presentation without changing real records
ok 62 - W685 view modes and rotation change presentation without changing real records
  ---
  duration_ms: 1.189948
  type: 'test'
  ...
# Subtest: W685 calm empty universe does not generate fake project records
ok 63 - W685 calm empty universe does not generate fake project records
  ---
  duration_ms: 0.443745
  type: 'test'
  ...
# Subtest: W685 preserves the exact selected NEXUS work object while Atlas shows its project relationships
ok 64 - W685 preserves the exact selected NEXUS work object while Atlas shows its project relationships
  ---
  duration_ms: 0.575024
  type: 'test'
  ...
# Subtest: W685 is wired into the permanent accessible Atlas panel
ok 65 - W685 is wired into the permanent accessible Atlas panel
  ---
  duration_ms: 1.802887
  type: 'test'
  ...
# Subtest: W686 maps each projected work-object kind to a productive physical station
ok 66 - W686 maps each projected work-object kind to a productive physical station
  ---
  duration_ms: 1.67224
  type: 'test'
  ...
# Subtest: W686 requires explicit handoff and stores only privacy-projected bounded facts
ok 67 - W686 requires explicit handoff and stores only privacy-projected bounded facts
  ---
  duration_ms: 0.50781
  type: 'test'
  ...
# Subtest: W686 continuity survives the explicit NEXUS-to-City session handoff
ok 68 - W686 continuity survives the explicit NEXUS-to-City session handoff
  ---
  duration_ms: 2.603312
  type: 'test'
  ...
# Subtest: W686 renders a visible City work object without adding a renderer or automatic action
ok 69 - W686 renders a visible City work object without adding a renderer or automatic action
  ---
  duration_ms: 0.634067
  type: 'test'
  ...
# Subtest: W688 activates Creator Atrium and Forge Basilica as full belt districts
ok 70 - W688 activates Creator Atrium and Forge Basilica as full belt districts
  ---
  duration_ms: 1.302032
  type: 'test'
  ...
# Subtest: W688 transport, district detection and terminal placement share one projected authority
ok 71 - W688 transport, district detection and terminal placement share one projected authority
  ---
  duration_ms: 1.711442
  type: 'test'
  ...
# Subtest: W688 integration is consumed by active City source owners
ok 72 - W688 integration is consumed by active City source owners
  ---
  duration_ms: 1.270204
  type: 'test'
  ...
# Subtest: W688 truth remains local, review-first and bounded
ok 73 - W688 truth remains local, review-first and bounded
  ---
  duration_ms: 0.148736
  type: 'test'
  ...
# Subtest: W692 Focus and Explore preserve functional parity with different visual budgets
ok 74 - W692 Focus and Explore preserve functional parity with different visual budgets
  ---
  duration_ms: 1.599422
  type: 'test'
  ...
# Subtest: W692 mobile portrait and accessibility profiles remain fully usable
ok 75 - W692 mobile portrait and accessibility profiles remain fully usable
  ---
  duration_ms: 0.198577
  type: 'test'
  ...
# Subtest: W692 frame governor recommends only evidence-backed degradation
ok 76 - W692 frame governor recommends only evidence-backed degradation
  ---
  duration_ms: 0.842454
  type: 'test'
  ...
# Subtest: W692 long tasks and memory pressure never change routes or execute work
ok 77 - W692 long tasks and memory pressure never change routes or execute work
  ---
  duration_ms: 0.25446
  type: 'test'
  ...
# Subtest: W692 active source owners consume mode and final polish authority
ok 78 - W692 active source owners consume mode and final polish authority
  ---
  duration_ms: 2.076446
  type: 'test'
  ...
# Subtest: W692 truth forbids automatic permissions, navigation and execution
ok 79 - W692 truth forbids automatic permissions, navigation and execution
  ---
  duration_ms: 0.129445
  type: 'test'
  ...
# Subtest: W694 historical local candidate remains valid under a W694-or-later maintained authority
ok 80 - W694 historical local candidate remains valid under a W694-or-later maintained authority
  ---
  duration_ms: 5.795113
  type: 'test'
  ...
# Subtest: W694 exact-current-tree assertions are explicitly archived after W700 supersedes the tree
ok 81 - W694 exact-current-tree assertions are explicitly archived after W700 supersedes the tree
  ---
  duration_ms: 3.321079
  type: 'test'
  ...
# Subtest: W694 historical manifest includes its final authorities and social preview assets
ok 82 - W694 historical manifest includes its final authorities and social preview assets
  ---
  duration_ms: 4.234459
  type: 'test'
  ...
# Subtest: W694 truth keeps upload, deployment and visual score unclaimed
ok 83 - W694 truth keeps upload, deployment and visual score unclaimed
  ---
  duration_ms: 0.151444
  type: 'test'
  ...
# [W695] PASS registry-valid: asset/variant calibrations validate
# [W695] PASS exact-glb-hashes: all four player GLB variants match frozen calibration hashes
# [W695] PASS bind-pose-forward-axis: head-front and toe bind-pose evidence independently confirm +Z for every variant
# [W695] PASS actual-displacement-integration: active core derives movement and blocked idle from W695 post-collision displacement
# [W695] PASS asset-specific-loader-calibration: player loader applies asset/variant-specific visual calibration
# [W695] AXIS eoncity-pathfinder-prime-11clips:primary headZ=0.04143 toeZ=0.09412 +Z=true
# [W695] AXIS eoncity-pathfinder-prime-11clips:fallback headZ=0.04143 toeZ=0.09412 +Z=true
# [W695] AXIS eoncity-pathfinder-a-vanguard-6clips:primary headZ=0.07301 toeZ=0.1134 +Z=true
# [W695] AXIS eoncity-pathfinder-a-vanguard-6clips:fallback headZ=0.07301 toeZ=0.1134 +Z=true
# [W695] PASS 5/5
# Subtest: W695 independently calibrates all Pathfinder asset variants
ok 84 - W695 independently calibrates all Pathfinder asset variants
  ---
  duration_ms: 0.722348
  type: 'test'
  ...
# Subtest: W695 animation follows actual displacement instead of desired input
ok 85 - W695 animation follows actual displacement instead of desired input
  ---
  duration_ms: 0.48398
  type: 'test'
  ...
# Subtest: W695 diagonal and reverse movement align heading with measured velocity
ok 86 - W695 diagonal and reverse movement align heading with measured velocity
  ---
  duration_ms: 0.182088
  type: 'test'
  ...
# Subtest: W695 source gate reads the real GLB bind poses and integration
ok 87 - W695 source gate reads the real GLB bind poses and integration
  ---
  duration_ms: 11.871238
  type: 'test'
  ...
# Subtest: W695 truth keeps visual browser confirmation pending
ok 88 - W695 truth keeps visual browser confirmation pending
  ---
  duration_ms: 0.151875
  type: 'test'
  ...
# [W696] PASS physical-boundary-plan: all Core connections expose authored physical boundary corridors
# [W696] PASS complete-core-world-bound: movement bounds contain all nine scaled District Belts
# [W696] PASS four-primary-controls: persistent HUD is Interact, Districts, EONBOT and More
# [W696] PASS touch-target: all critical actions retain 48px access and no essential hidden control
# [W696] PASS active-boundary-integration: product layer uses physical crossing diagnostics and complete Core bounds
# [W696] PASS target-arbitration-integration: nearby interactions have one deterministic W696 target
# [W696] PASS more-and-structured-status: station exposes one More surface and two-line truthful status
# [W696] PASS capture-remains-reachable: Creator Capture remains reachable from More on mobile
# [W696] PASS css-48-and-bottom-sheet: CSS enforces 48px controls and mobile bottom sheets
# [W696] PASS truth-boundary: review and focus truth remains bounded
# [W696] PASS 10/10
# Subtest: W696 requires a connected physical crossing and dwell before district identity changes
ok 89 - W696 requires a connected physical crossing and dwell before district identity changes
  ---
  duration_ms: 6.404781
  type: 'test'
  ...
# Subtest: W696 refuses nearest-centre switching outside an authored corridor
ok 90 - W696 refuses nearest-centre switching outside an authored corridor
  ---
  duration_ms: 3.682823
  type: 'test'
  ...
# Subtest: W696 chooses one meaningful interaction and honors explicit world picks
ok 91 - W696 chooses one meaningful interaction and honors explicit world picks
  ---
  duration_ms: 0.336244
  type: 'test'
  ...
# Subtest: W696 status and HUD use simple user-facing ownership
ok 92 - W696 status and HUD use simple user-facing ownership
  ---
  duration_ms: 0.753007
  type: 'test'
  ...
# Subtest: W696 source gate and truth pass
ok 93 - W696 source gate and truth pass
  ---
  duration_ms: 8.992669
  type: 'test'
  ...
# [W697] PASS required-files: W697 authority, renderer integration and maintained test exist
# [W697] PASS nine-identities: all nine districts have unique visual fingerprints
# [W697] PASS grammar-diversity: building grammars are materially differentiated
# [W697] PASS renderer-adapters: active W690 renderer consumes district-specific adapters
# [W697] PASS creator-forge: Creator and Forge have distinct construction paths
# [W697] PASS archive-vault-trade: Archive, Vault and Trade have distinct construction paths
# [W697] PASS no-generic-dominance: renderer reports unique adapters and rejects generic ring dominance
# [W697] PASS 7/7
# Subtest: W697 gives all nine districts unique visual fingerprints
ok 94 - W697 gives all nine districts unique visual fingerprints
  ---
  duration_ms: 0.836734
  type: 'test'
  ...
# Subtest: W697 preserves stable IDs while differentiating key district grammars
ok 95 - W697 preserves stable IDs while differentiating key district grammars
  ---
  duration_ms: 0.137485
  type: 'test'
  ...
# Subtest: W697 deterministic variants retain district fingerprint
ok 96 - W697 deterministic variants retain district fingerprint
  ---
  duration_ms: 0.721102
  type: 'test'
  ...
# Subtest: W697 active renderer contains distinct shape paths without another renderer
ok 97 - W697 active renderer contains distinct shape paths without another renderer
  ---
  duration_ms: 2.229905
  type: 'test'
  ...
# Subtest: W697 truth and focused gate remain bounded
ok 98 - W697 truth and focused gate remain bounded
  ---
  duration_ms: 1.344414
  type: 'test'
  ...
# [W699] PASS required-files: W699 authority, live integration, styles and test exist
# [W699] PASS three-actions: persistent hierarchy is Review/Continue, Atlas, More
# [W699] PASS city-context: City action exposes destination and reason
# [W699] PASS compare-guidance: Compare explains exactly-two requirement
# [W699] PASS gesture-state: gesture availability is explicit and optional
# [W699] PASS live-integration: Live Nexus consumes clarity authority and exposes stop camera
# [W699] PASS contextual-tools: advanced tools appear only with selected work context
# [W699] PASS target-size: W699 controls retain 48px target floor
# [W699] PASS 8/8
# Subtest: W699 limits persistent product actions to three
ok 99 - W699 limits persistent product actions to three
  ---
  duration_ms: 1.188198
  type: 'test'
  ...
# Subtest: W699 explains City placement before explicit entry
ok 100 - W699 explains City placement before explicit entry
  ---
  duration_ms: 0.215671
  type: 'test'
  ...
# Subtest: W699 compare and group states are explicit
ok 101 - W699 compare and group states are explicit
  ---
  duration_ms: 0.155828
  type: 'test'
  ...
# Subtest: W699 exposes off, available, active and unavailable gesture states
ok 102 - W699 exposes off, available, active and unavailable gesture states
  ---
  duration_ms: 0.112351
  type: 'test'
  ...
# Subtest: W699 active UI has More and Stop Camera while preserving normal controls
ok 103 - W699 active UI has More and Stop Camera while preserving normal controls
  ---
  duration_ms: 0.520695
  type: 'test'
  ...
# Subtest: W699 truth and focused gate remain non-executing
ok 104 - W699 truth and focused gate remain non-executing
  ---
  duration_ms: 3.059855
  type: 'test'
  ...
# Subtest: W700 completes the explicit Pulse to Nexus to City to My Realm return journey
ok 105 - W700 completes the explicit Pulse to Nexus to City to My Realm return journey
  ---
  duration_ms: 5.20819
  type: 'test'
  ...
# Subtest: W700 cannot skip work-object selection or Atlas review before City
ok 106 - W700 cannot skip work-object selection or Atlas review before City
  ---
  duration_ms: 0.358934
  type: 'test'
  ...
# Subtest: W700 rejects a mismatched physical City work object
ok 107 - W700 rejects a mismatched physical City work object
  ---
  duration_ms: 0.310863
  type: 'test'
  ...
# Subtest: W700 reflects My Realm only from a verified bounded receipt
ok 108 - W700 reflects My Realm only from a verified bounded receipt
  ---
  duration_ms: 0.71214
  type: 'test'
  ...
# Subtest: W700 truth preserves one EONBOT and all explicit boundaries
ok 109 - W700 truth preserves one EONBOT and all explicit boundaries
  ---
  duration_ms: 1.727866
  type: 'test'
  ...
# Subtest: W700 active owners consume the signature-flow authority
ok 110 - W700 active owners consume the signature-flow authority
  ---
  duration_ms: 2.483294
  type: 'test'
  ...
# Subtest: W702 creates one bounded private-by-default foreground state
ok 111 - W702 creates one bounded private-by-default foreground state
  ---
  duration_ms: 3.052295
  type: 'test'
  ...
# Subtest: W702 reducer requires explicit user action and preserves existing context
ok 112 - W702 reducer requires explicit user action and preserves existing context
  ---
  duration_ms: 0.855307
  type: 'test'
  ...
# Subtest: W702 rejects secret-bearing input instead of copying it into a second store
ok 113 - W702 rejects secret-bearing input instead of copying it into a second store
  ---
  duration_ms: 0.767619
  type: 'test'
  ...
# Subtest: W702 projects the same revision into Projects, Atlas, NEXUS and City
ok 114 - W702 projects the same revision into Projects, Atlas, NEXUS and City
  ---
  duration_ms: 1.074357
  type: 'test'
  ...
# Subtest: W702 truth contract makes non-actions explicit
ok 115 - W702 truth contract makes non-actions explicit
  ---
  duration_ms: 0.235188
  type: 'test'
  ...
# Subtest: W702 controller owns one in-memory revision and notifies every surface adapter
ok 116 - W702 controller owns one in-memory revision and notifies every surface adapter
  ---
  duration_ms: 0.598011
  type: 'test'
  ...
# Subtest: W702 foreground gateway requires two explicit user decisions
ok 117 - W702 foreground gateway requires two explicit user decisions
  ---
  duration_ms: 2.035923
  type: 'test'
  ...
# Subtest: W702 blocks external, payment and unsafe route intents
ok 118 - W702 blocks external, payment and unsafe route intents
  ---
  duration_ms: 4.674145
  type: 'test'
  ...
# Subtest: W702 rejects stale review proposals
ok 119 - W702 rejects stale review proposals
  ---
  duration_ms: 0.226403
  type: 'test'
  ...
# Subtest: W702 rejection is bounded and side-effect free
ok 120 - W702 rejection is bounded and side-effect free
  ---
  duration_ms: 1.566631
  type: 'test'
  ...
# Subtest: W702 work-object selection requires a concrete bounded identifier
ok 121 - W702 work-object selection requires a concrete bounded identifier
  ---
  duration_ms: 0.28217
  type: 'test'
  ...
# Subtest: W703 play core wires one global world-safety authority
ok 122 - W703 play core wires one global world-safety authority
  ---
  duration_ms: 2.271149
  type: 'test'
  ...
# Subtest: W703 play core creates a non-interactive underside occluder
ok 123 - W703 play core creates a non-interactive underside occluder
  ---
  duration_ms: 0.20599
  type: 'test'
  ...
# Subtest: W703 restores, focuses and unstucks through sanitized poses
ok 124 - W703 restores, focuses and unstucks through sanitized poses
  ---
  duration_ms: 0.253396
  type: 'test'
  ...
# Subtest: W703 clamps escaped and non-finite player positions above the world floor
ok 125 - W703 clamps escaped and non-finite player positions above the world floor
  ---
  duration_ms: 0.938799
  type: 'test'
  ...
# Subtest: W703 camera sanitation prevents below-ground orbit poses
ok 126 - W703 camera sanitation prevents below-ground orbit poses
  ---
  duration_ms: 1.400268
  type: 'test'
  ...
# Subtest: W703 sanitizes restored and transition poses through one authority
ok 127 - W703 sanitizes restored and transition poses through one authority
  ---
  duration_ms: 0.416593
  type: 'test'
  ...
# Subtest: W703 Babylon-compatible enforcement repairs player, target and camera limits
ok 128 - W703 Babylon-compatible enforcement repairs player, target and camera limits
  ---
  duration_ms: 0.392455
  type: 'test'
  ...
# Subtest: W703 unstuck prefers a valid current or last-safe position before spawn
ok 129 - W703 unstuck prefers a valid current or last-safe position before spawn
  ---
  duration_ms: 0.310078
  type: 'test'
  ...
# Subtest: W703 truth contract requires underside occlusion and explicit recovery
ok 130 - W703 truth contract requires underside occlusion and explicit recovery
  ---
  duration_ms: 0.111474
  type: 'test'
  ...
# Subtest: W704 resolves one existing active project without creating or opening anything
ok 131 - W704 resolves one existing active project without creating or opening anything
  ---
  duration_ms: 2.256198
  type: 'test'
  ...
# Subtest: W704 command strip is useful with and without a project
ok 132 - W704 command strip is useful with and without a project
  ---
  duration_ms: 40.825409
  type: 'test'
  ...
# Subtest: W704 removes all three duplicate Projects continuation owners
ok 133 - W704 removes all three duplicate Projects continuation owners
  ---
  duration_ms: 6.885071
  type: 'test'
  ...
# Subtest: W704 truth contract is local, non-executing and non-navigating
ok 134 - W704 truth contract is local, non-executing and non-navigating
  ---
  duration_ms: 0.281317
  type: 'test'
  ...
# Subtest: W705 provides four useful explicit Atlas actions without a project
ok 135 - W705 provides four useful explicit Atlas actions without a project
  ---
  duration_ms: 3.833846
  type: 'test'
  ...
# Subtest: W705 every visible Atlas command opens Atlas even when no project is selected
ok 136 - W705 every visible Atlas command opens Atlas even when no project is selected
  ---
  duration_ms: 0.950243
  type: 'test'
  ...
# Subtest: W705 Atlas empty state renders real first-step anchors and no fake records
ok 137 - W705 Atlas empty state renders real first-step anchors and no fake records
  ---
  duration_ms: 0.321021
  type: 'test'
  ...
# Subtest: W705 direct Atlas and create-project links are consumed by their target surfaces
ok 138 - W705 direct Atlas and create-project links are consumed by their target surfaces
  ---
  duration_ms: 0.453231
  type: 'test'
  ...
# Subtest: W705 truth stays explicit, local and non-executing
ok 139 - W705 truth stays explicit, local and non-executing
  ---
  duration_ms: 0.132055
  type: 'test'
  ...
# Subtest: W706 builds bounded real 3D scene plans for every responsive layout
ok 140 - W706 builds bounded real 3D scene plans for every responsive layout
  ---
  duration_ms: 7.127512
  type: 'test'
  ...
# Subtest: W706 selected work object becomes the bounded camera target
ok 141 - W706 selected work object becomes the bounded camera target
  ---
  duration_ms: 0.960321
  type: 'test'
  ...
# Subtest: W719.13 visible rotate and zoom controls drive the Babylon camera authority
ok 142 - W719.13 visible rotate and zoom controls drive the Babylon camera authority
  ---
  duration_ms: 0.790627
  type: 'test'
  ...
# Subtest: W706 relationship geometry uses the same real object identifiers
ok 143 - W706 relationship geometry uses the same real object identifiers
  ---
  duration_ms: 1.28839
  type: 'test'
  ...
# Subtest: W706 existing Babylon core consumes the scene plan as primary visual without global auto-spin
ok 144 - W706 existing Babylon core consumes the scene plan as primary visual without global auto-spin
  ---
  duration_ms: 0.723541
  type: 'test'
  ...
# Subtest: W719.13 one Babylon authority morphs between expanded NEXUS and Project Atlas
ok 145 - W719.13 one Babylon authority morphs between expanded NEXUS and Project Atlas
  ---
  duration_ms: 1.374587
  type: 'test'
  ...
# Subtest: W706 truth preserves one state, one scene and no automatic effects
ok 146 - W706 truth preserves one state, one scene and no automatic effects
  ---
  duration_ms: 0.248004
  type: 'test'
  ...
# Subtest: W707 exposes bounded W706 layout metrics and field projection
ok 147 - W707 exposes bounded W706 layout metrics and field projection
  ---
  duration_ms: 1.21356
  type: 'test'
  ...
# Subtest: W707 starts only draggable identified work objects
ok 148 - W707 starts only draggable identified work objects
  ---
  duration_ms: 0.321708
  type: 'test'
  ...
# Subtest: W707 normal pointer drag previews bounded field X and Y
ok 149 - W707 normal pointer drag previews bounded field X and Y
  ---
  duration_ms: 0.297207
  type: 'test'
  ...
# Subtest: W707 modified drag changes depth while keeping field Y stable
ok 150 - W707 modified drag changes depth while keeping field Y stable
  ---
  duration_ms: 0.140307
  type: 'test'
  ...
# Subtest: W707 Babylon integration uses one W684 transaction and camera-safe drag
ok 151 - W707 Babylon integration uses one W684 transaction and camera-safe drag
  ---
  duration_ms: 0.533778
  type: 'test'
  ...
# Subtest: W707 truth keeps manipulation local, reviewed and non-productive
ok 152 - W707 truth keeps manipulation local, reviewed and non-productive
  ---
  duration_ms: 0.879561
  type: 'test'
  ...
# Subtest: W708 auto-fits compact, full, split and in-world layouts without changing work state
ok 153 - W708 auto-fits compact, full, split and in-world layouts without changing work state
  ---
  duration_ms: 1.638575
  type: 'test'
  ...
# Subtest: W708 keeps only three persistent actions and moves advanced controls into More
ok 154 - W708 keeps only three persistent actions and moves advanced controls into More
  ---
  duration_ms: 0.214233
  type: 'test'
  ...
# Subtest: W708 keyboard model provides mouse and touch equivalents plus undo redo reset
ok 155 - W708 keyboard model provides mouse and touch equivalents plus undo redo reset
  ---
  duration_ms: 0.186947
  type: 'test'
  ...
# Subtest: W708 voice and camera capture require explicit action and camera remains local-only
ok 156 - W708 voice and camera capture require explicit action and camera remains local-only
  ---
  duration_ms: 0.183426
  type: 'test'
  ...
# Subtest: W708 live Nexus consumes responsive, keyboard and consent authorities
ok 157 - W708 live Nexus consumes responsive, keyboard and consent authorities
  ---
  duration_ms: 0.764623
  type: 'test'
  ...
# Subtest: W708 source and public CSS provide 48px targets and compact plus in-world layouts
ok 158 - W708 source and public CSS provide 48px targets and compact plus in-world layouts
  ---
  duration_ms: 0.783828
  type: 'test'
  ...
# Subtest: W708 truth preserves one state and no automatic capture navigation or AI work
ok 159 - W708 truth preserves one state and no automatic capture navigation or AI work
  ---
  duration_ms: 0.204974
  type: 'test'
  ...
# Subtest: W711 gives all nine districts a unique street silhouette and purpose identity
ok 160 - W711 gives all nine districts a unique street silhouette and purpose identity
  ---
  duration_ms: 5.538353
  type: 'test'
  ...
# Subtest: W711 connects every station to a district arrival court and identity gateway
ok 161 - W711 connects every station to a district arrival court and identity gateway
  ---
  duration_ms: 3.11844
  type: 'test'
  ...
# Subtest: W711 provides four truthful wayfinding targets per district
ok 162 - W711 provides four truthful wayfinding targets per district
  ---
  duration_ms: 3.572802
  type: 'test'
  ...
# Subtest: W711 is deterministic and consumed by the canonical Connected Core
ok 163 - W711 is deterministic and consumed by the canonical Connected Core
  ---
  duration_ms: 18.825482
  type: 'test'
  ...
# Subtest: W711 renderer creates distinct landmarks, gateways and wayfinding in the existing scene
ok 164 - W711 renderer creates distinct landmarks, gateways and wayfinding in the existing scene
  ---
  duration_ms: 0.742936
  type: 'test'
  ...
# Subtest: W711 purpose line is visible in the active-district HUD before opening a panel
ok 165 - W711 purpose line is visible in the active-district HUD before opening a panel
  ---
  duration_ms: 0.658718
  type: 'test'
  ...
# Subtest: W711 exposes the current district purpose in the existing City HUD with source-public style parity
ok 166 - W711 exposes the current district purpose in the existing City HUD with source-public style parity
  ---
  duration_ms: 2.707681
  type: 'test'
  ...
# Subtest: W711 truth reuses existing buildings and forbids hidden work or navigation
ok 167 - W711 truth reuses existing buildings and forbids hidden work or navigation
  ---
  duration_ms: 0.161462
  type: 'test'
  ...
# Subtest: W713 projects one selected project and one EONBOT identity across the complete product
ok 168 - W713 projects one selected project and one EONBOT identity across the complete product
  ---
  duration_ms: 2.589556
  type: 'test'
  ...
# Subtest: W713 keeps ordinary work, reusable content and secrets in distinct custody surfaces
ok 169 - W713 keeps ordinary work, reusable content and secrets in distinct custody surfaces
  ---
  duration_ms: 0.47252
  type: 'test'
  ...
# Subtest: W713 Creator attachments require a verified reference, explicit action and confirmation
ok 170 - W713 Creator attachments require a verified reference, explicit action and confirmation
  ---
  duration_ms: 0.311947
  type: 'test'
  ...
# Subtest: W713 integrates the existing Creator continuation with an explicit Library handoff
ok 171 - W713 integrates the existing Creator continuation with an explicit Library handoff
  ---
  duration_ms: 0.370313
  type: 'test'
  ...
# Subtest: W713 provider readiness has four clear states and never carries secret material
ok 172 - W713 provider readiness has four clear states and never carries secret material
  ---
  duration_ms: 0.186288
  type: 'test'
  ...
# Subtest: W713 preserves existing route-level truth boundaries in source
ok 173 - W713 preserves existing route-level truth boundaries in source
  ---
  duration_ms: 0.551503
  type: 'test'
  ...
# Subtest: W713 truth prohibits hidden provider, navigation, publishing and storage work
ok 174 - W713 truth prohibits hidden provider, navigation, publishing and storage work
  ---
  duration_ms: 0.134636
  type: 'test'
  ...
# Subtest: W714 keeps Google identity optional and separate from local work and backup
ok 175 - W714 keeps Google identity optional and separate from local work and backup
  ---
  duration_ms: 8.702819
  type: 'test'
  ...
# Subtest: W714 source surfaces expose explicit sign-in, logout and confirmed minimal account deletion
ok 176 - W714 source surfaces expose explicit sign-in, logout and confirmed minimal account deletion
  ---
  duration_ms: 0.411434
  type: 'test'
  ...
# Subtest: W714 keeps Dodo hosted checkout and signed server events as entitlement authority
ok 177 - W714 keeps Dodo hosted checkout and signed server events as entitlement authority
  ---
  duration_ms: 3.367726
  type: 'test'
  ...
# Subtest: W714 keeps EONKEYS non-cash, non-transferable and below subscription authority
ok 178 - W714 keeps EONKEYS non-cash, non-transferable and below subscription authority
  ---
  duration_ms: 3.053353
  type: 'test'
  ...
# Subtest: W714 active-copy audit rejects revived wallet, NFT, token and earnings claims
ok 179 - W714 active-copy audit rejects revived wallet, NFT, token and earnings claims
  ---
  duration_ms: 3.181373
  type: 'test'
  ...
# Subtest: W714 public billing, privacy, terms and referral copy matches the operational boundary
ok 180 - W714 public billing, privacy, terms and referral copy matches the operational boundary
  ---
  duration_ms: 0.387638
  type: 'test'
  ...
# Subtest: W714 complete plan validates without executing identity, payment or referral work
ok 181 - W714 complete plan validates without executing identity, payment or referral work
  ---
  duration_ms: 2.878778
  type: 'test'
  ...
# Subtest: W715 maps low, balanced and high to the existing safe City profiles
ok 182 - W715 maps low, balanced and high to the existing safe City profiles
  ---
  duration_ms: 2.11905
  type: 'test'
  ...
# Subtest: W715 budgets resident districts, streamed cells, frame time and memory by quality
ok 183 - W715 budgets resident districts, streamed cells, frame time and memory by quality
  ---
  duration_ms: 0.290742
  type: 'test'
  ...
# Subtest: W715 evaluates local observations without awarding automatic certification
ok 184 - W715 evaluates local observations without awarding automatic certification
  ---
  duration_ms: 0.204373
  type: 'test'
  ...
# Subtest: W715 canonical and public W649 binary stores are exact mirrors with no build duplicates
ok 185 - W715 canonical and public W649 binary stores are exact mirrors with no build duplicates
  ---
  duration_ms: 166.553808
  type: 'test'
  ...
# Subtest: W715 cache and service-worker update remains explicit and content-addressed
ok 186 - W715 cache and service-worker update remains explicit and content-addressed
  ---
  duration_ms: 0.41779
  type: 'test'
  ...
# Subtest: W715 truth requires real browser/device proof and performs no hidden work
ok 187 - W715 truth requires real browser/device proof and performs no hidden work
  ---
  duration_ms: 0.130516
  type: 'test'
  ...
# Subtest: W716 validates all eight responsive profiles without awarding device certification
ok 188 - W716 validates all eight responsive profiles without awarding device certification
  ---
  duration_ms: 3.012218
  type: 'test'
  ...
# Subtest: W716 resolves all eleven product languages and Arabic RTL truthfully
ok 189 - W716 resolves all eleven product languages and Arabic RTL truthfully
  ---
  duration_ms: 0.205219
  type: 'test'
  ...
# Subtest: W716 gives keyboard, touch, pointer, controller and typed voice fallback explicit parity
ok 190 - W716 gives keyboard, touch, pointer, controller and typed voice fallback explicit parity
  ---
  duration_ms: 0.445351
  type: 'test'
  ...
# Subtest: W716 keeps visual surfaces paired with semantic alternatives and six complete journeys
ok 191 - W716 keeps visual surfaces paired with semantic alternatives and six complete journeys
  ---
  duration_ms: 0.706089
  type: 'test'
  ...
# Subtest: W716 source surfaces retain focus, reduced motion, live semantics and City fallback
ok 192 - W716 source surfaces retain focus, reduced motion, live semantics and City fallback
  ---
  duration_ms: 2.897667
  type: 'test'
  ...
# Subtest: W716 truth reserves browser, assistive-technology and device proof for W718
ok 193 - W716 truth reserves browser, assistive-technology and device proof for W718
  ---
  duration_ms: 0.326045
  type: 'test'
  ...
# Subtest: W717 threat-models all five launch-sensitive domains without claiming external proof
ok 194 - W717 threat-models all five launch-sensitive domains without claiming external proof
  ---
  duration_ms: 1.293939
  type: 'test'
  ...
# Subtest: W717 reduces current certification to seven named lanes with dependency truth
ok 195 - W717 reduces current certification to seven named lanes with dependency truth
  ---
  duration_ms: 0.425386
  type: 'test'
  ...
# Subtest: W717 current unit manifest and non-certifying archive are explicit
ok 196 - W717 current unit manifest and non-certifying archive are explicit
  ---
  duration_ms: 0.442817
  type: 'test'
  ...
# Subtest: W717 source headers and opaque session cookies retain hardened boundaries
ok 197 - W717 source headers and opaque session cookies retain hardened boundaries
  ---
  duration_ms: 0.370711
  type: 'test'
  ...
# Subtest: W717 exposes concise source and security commands without hiding future proof
ok 198 - W717 exposes concise source and security commands without hiding future proof
  ---
  duration_ms: 1.571559
  type: 'test'
  ...
# Subtest: W717 truth is source-ready but refuses production, dependency or penetration claims
ok 199 - W717 truth is source-ready but refuses production, dependency or penetration claims
  ---
  duration_ms: 0.148243
  type: 'test'
  ...
# Subtest: W718 locks the twelve-pillar 9.5 score model and critical thresholds
ok 200 - W718 locks the twelve-pillar 9.5 score model and critical thresholds
  ---
  duration_ms: 0.966757
  type: 'test'
  ...
# Subtest: W718 awards acceptance only with evidence, 9.5 weighted, 9.0 minimum and owner approval
ok 201 - W718 awards acceptance only with evidence, 9.5 weighted, 9.0 minimum and owner approval
  ---
  duration_ms: 0.392351
  type: 'test'
  ...
# Subtest: W718 preserves the complete Babylon test closure across current certification and the W721 non-certifying archive
ok 202 - W718 preserves the complete Babylon test closure across current certification and the W721 non-certifying archive
  ---
  duration_ms: 1.20473
  type: 'test'
  ...
# Subtest: W718 records registry 503 as infrastructure without weakening exact dependencies
ok 203 - W718 records registry 503 as infrastructure without weakening exact dependencies
  ---
  duration_ms: 0.248743
  type: 'test'
  ...
# Subtest: W718 truth refuses to convert source readiness into browser or owner certification
ok 204 - W718 truth refuses to convert source readiness into browser or owner certification
  ---
  duration_ms: 0.187853
  type: 'test'
  ...
1..204
# tests 204
# suites 0
# pass 204
# fail 0
# cancelled 0
# skipped 0
# todo 0
# duration_ms 3236.521187

[dependency-free] chunk 10/10 (5)
TAP version 13
# Subtest: W719.13 Orientation Hall camera looks across the plaza from above-ground open space
ok 1 - W719.13 Orientation Hall camera looks across the plaza from above-ground open space
  ---
  duration_ms: 0.90249
  type: 'test'
  ...
# Subtest: W719.13 camera cycles away from a structural box containing the preferred camera
ok 2 - W719.13 camera cycles away from a structural box containing the preferred camera
  ---
  duration_ms: 0.269092
  type: 'test'
  ...
# Subtest: W719.13 City controls have one visible launcher authority and real route effects
ok 3 - W719.13 City controls have one visible launcher authority and real route effects
  ---
  duration_ms: 4.336572
  type: 'test'
  ...
# Subtest: W719.13 district identity reaches the primary HUD instead of staying Command District
ok 4 - W719.13 district identity reaches the primary HUD instead of staying Command District
  ---
  duration_ms: 2.019264
  type: 'test'
  ...
# Subtest: W719.13 every reviewed district arrival lands inside a functional terminal radius
ok 5 - W719.13 every reviewed district arrival lands inside a functional terminal radius
  ---
  duration_ms: 2.662378
  type: 'test'
  ...
# Subtest: W719.13 first Orientation Hall arrival is immediately usable at Start Here
ok 6 - W719.13 first Orientation Hall arrival is immediately usable at Start Here
  ---
  duration_ms: 14.940259
  type: 'test'
  ...
# Subtest: W719.13 resolves W/A/S/D and arrows when KeyboardEvent.code is missing
ok 7 - W719.13 resolves W/A/S/D and arrows when KeyboardEvent.code is missing
  ---
  duration_ms: 0.58208
  type: 'test'
  ...
# Subtest: W719.13 both City render paths consume the shared keyboard authority
ok 8 - W719.13 both City render paths consume the shared keyboard authority
  ---
  duration_ms: 2.459714
  type: 'test'
  ...
# Subtest: W719.13 flagship arrival camera target survives the frame loop and reset
ok 9 - W719.13 flagship arrival camera target survives the frame loop and reset
  ---
  duration_ms: 1.427143
  type: 'test'
  ...
# Subtest: W719 models exact freeze, Preview, identical production, rollback and two observation windows
ok 10 - W719 models exact freeze, Preview, identical production, rollback and two observation windows
  ---
  duration_ms: 1.686032
  type: 'test'
  ...
# Subtest: W719 owner GO fails closed until score, Preview, digest and rollback identities are complete
ok 11 - W719 owner GO fails closed until score, Preview, digest and rollback identities are complete
  ---
  duration_ms: 0.665158
  type: 'test'
  ...
# Subtest: W719 freeze and release-plan sources require W718 acceptance and default to no deployment
ok 12 - W719 freeze and release-plan sources require W718 acceptance and default to no deployment
  ---
  duration_ms: 0.336566
  type: 'test'
  ...
# Subtest: W719 package scripts generate dry-run plans without GitHub Actions or automatic Cloudflare mutation
ok 13 - W719 package scripts generate dry-run plans without GitHub Actions or automatic Cloudflare mutation
  ---
  duration_ms: 1.515975
  type: 'test'
  ...
# Subtest: W719 truth accurately reports source readiness without claiming a frozen or live release
ok 14 - W719 truth accurately reports source readiness without claiming a frozen or live release
  ---
  duration_ms: 0.168584
  type: 'test'
  ...
1..14
# tests 14
# suites 0
# pass 14
# fail 0
# cancelled 0
# skipped 0
# todo 0
# duration_ms 318.046978

[dependency-free] PASS 365 maintained test files; 13 Babylon-import tests remain mandatory but externally blocked.
