TAP version 13
# Subtest: W766A world seed is deterministic and privacy safe
ok 1 - W766A world seed is deterministic and privacy safe
  ---
  duration_ms: 1.408883
  type: 'test'
  ...
# Subtest: W766A initial state and map expose truthful Gateway Overlook
ok 2 - W766A initial state and map expose truthful Gateway Overlook
  ---
  duration_ms: 0.929241
  type: 'test'
  ...
# Subtest: W766A persistence normalizes duplicate receipts
ok 3 - W766A persistence normalizes duplicate receipts
  ---
  duration_ms: 1.736038
  type: 'test'
  ...
# Subtest: W766A persistence strips unknown and private fields while retaining canonical ledgers
ok 4 - W766A persistence strips unknown and private fields while retaining canonical ledgers
  ---
  duration_ms: 0.564158
  type: 'test'
  ...
# Subtest: W766IR2-G Expanse movement remains finite without inheriting the Command Hub hard radius
ok 5 - W766IR2-G Expanse movement remains finite without inheriting the Command Hub hard radius
  ---
  duration_ms: 0.245164
  type: 'test'
  ...
# Subtest: W767A persistence migrates an entered legacy campaign before objective sanitization
ok 6 - W767A persistence migrates an entered legacy campaign before objective sanitization
  ---
  duration_ms: 0.378853
  type: 'test'
  ...
# Subtest: W766A is integrated into the maintained single Babylon runtime
ok 7 - W766A is integrated into the maintained single Babylon runtime
  ---
  duration_ms: 2.227528
  type: 'test'
  ...
# Subtest: Expanse gate requires review before a separate explicit Enter action
ok 8 - Expanse gate requires review before a separate explicit Enter action
  ---
  duration_ms: 0.663726
  type: 'test'
  ...
# Subtest: Return restores player and camera from the captured snapshot
ok 9 - Return restores player and camera from the captured snapshot
  ---
  duration_ms: 0.624798
  type: 'test'
  ...
# Subtest: W766A requires review and explicit entry before loading
ok 10 - W766A requires review and explicit entry before loading
  ---
  duration_ms: 0.98296
  type: 'test'
  ...
# Subtest: W766A safely cancels entry review when the player navigates away
ok 11 - W766A safely cancels entry review when the player navigates away
  ---
  duration_ms: 0.754941
  type: 'test'
  ...
# Subtest: W766A supports canonical-scene activation and deterministic safe return
ok 12 - W766A supports canonical-scene activation and deterministic safe return
  ---
  duration_ms: 0.406564
  type: 'test'
  ...
# Subtest: W766A fails safely to Hub without a second runtime
ok 13 - W766A fails safely to Hub without a second runtime
  ---
  duration_ms: 0.128401
  type: 'test'
  ...
# Subtest: W766A return snapshot stores only privacy-safe mission progress
ok 14 - W766A return snapshot stores only privacy-safe mission progress
  ---
  duration_ms: 0.687571
  type: 'test'
  ...
# Subtest: W766B uses one canonical five-zone Signal Frontier contract
ok 15 - W766B uses one canonical five-zone Signal Frontier contract
  ---
  duration_ms: 1.095447
  type: 'test'
  ...
# Subtest: W766B mounts authored routes and landmark families
ok 16 - W766B mounts authored routes and landmark families
  ---
  duration_ms: 0.136042
  type: 'test'
  ...
# Subtest: W766B reconstructs partial and completed world state from persistence
ok 17 - W766B reconstructs partial and completed world state from persistence
  ---
  duration_ms: 0.477329
  type: 'test'
  ...
# Subtest: W766B/C remain inside the canonical runtime lifecycle
ok 18 - W766B/C remain inside the canonical runtime lifecycle
  ---
  duration_ms: 0.856302
  type: 'test'
  ...
# Subtest: W766C sector generation is stable for a seed and coordinate
ok 19 - W766C sector generation is stable for a seed and coordinate
  ---
  duration_ms: 2.659971
  type: 'test'
  ...
# Subtest: W766C neighboring sectors share reciprocal edge contracts
ok 20 - W766C neighboring sectors share reciprocal edge contracts
  ---
  duration_ms: 1.816608
  type: 'test'
  ...
# Subtest: W766C streamer mounts rings inside aggregate budget and disposes sectors left behind
ok 21 - W766C streamer mounts rings inside aggregate budget and disposes sectors left behind
  ---
  duration_ms: 5.055659
  type: 'test'
  ...
# Subtest: W766C rejects a sector that exceeds active quality budget
ok 22 - W766C rejects a sector that exceeds active quality budget
  ---
  duration_ms: 0.209692
  type: 'test'
  ...
# Subtest: all named NPC route graphs pass bounded validation
ok 23 - all named NPC route graphs pass bounded validation
  ---
  duration_ms: 0.987767
  type: 'test'
  ...
# Subtest: route validation rejects blocked points and unsafe jumps
ok 24 - route validation rejects blocked points and unsafe jumps
  ---
  duration_ms: 0.352974
  type: 'test'
  ...
# Subtest: route sampling is deterministic and finite
ok 25 - route sampling is deterministic and finite
  ---
  duration_ms: 2.003676
  type: 'test'
  ...
# Subtest: runtime integrates missions, regional Transit and named NPC interactions
ok 26 - runtime integrates missions, regional Transit and named NPC interactions
  ---
  duration_ms: 1.150269
  type: 'test'
  ...
# Subtest: Gateway Overlook mounts NPC authority inside the canonical scene root
ok 27 - Gateway Overlook mounts NPC authority inside the canonical scene root
  ---
  duration_ms: 0.184524
  type: 'test'
  ...
# Subtest: no second Engine, Scene, canvas or render loop appears in W766 modules
ok 28 - no second Engine, Scene, canvas or render loop appears in W766 modules
  ---
  duration_ms: 0.474765
  type: 'test'
  ...
# Subtest: Companion rescue and Beyond the Gate complete once, award XP once and unlock First Light
ok 29 - Companion rescue and Beyond the Gate complete once, award XP once and unlock First Light
  ---
  duration_ms: 2.74694
  type: 'test'
  ...
# Subtest: First Light cannot start early and requires every objective
ok 30 - First Light cannot start early and requires every objective
  ---
  duration_ms: 0.866637
  type: 'test'
  ...
# Subtest: mission state survives reconstruction without duplicate XP
ok 31 - mission state survives reconstruction without duplicate XP
  ---
  duration_ms: 1.104531
  type: 'test'
  ...
# Subtest: campaign exposes seven ordered missions with the companion rescue first
ok 32 - campaign exposes seven ordered missions with the companion rescue first
  ---
  duration_ms: 0.901639
  type: 'test'
  ...
# Subtest: archive and transit missions award canonical XP once
ok 33 - archive and transit missions award canonical XP once
  ---
  duration_ms: 3.492768
  type: 'test'
  ...
# Subtest: reconstructed ledger rejects duplicate archive and transit awards
ok 34 - reconstructed ledger rejects duplicate archive and transit awards
  ---
  duration_ms: 1.80425
  type: 'test'
  ...
# Subtest: mission board exposes only the current unlocked objective guidance
ok 35 - mission board exposes only the current unlocked objective guidance
  ---
  duration_ms: 1.171099
  type: 'test'
  ...
# w766f living content tests passed
# Subtest: tests/unit/w766f-living-content.test.mjs
ok 11 - tests/unit/w766f-living-content.test.mjs
  ---
  duration_ms: 31.607677
  type: 'test'
  ...
# Subtest: audio director is explicit-user-action gated and changes zone without media files
ok 37 - audio director is explicit-user-action gated and changes zone without media files
  ---
  duration_ms: 2.272255
  type: 'test'
  ...
# Subtest: audio director fails closed when Web Audio is unavailable
ok 38 - audio director fails closed when Web Audio is unavailable
  ---
  duration_ms: 1.270507
  type: 'test'
  ...
# Subtest: full seven-mission campaign awards XP once and exposes completion
ok 39 - full seven-mission campaign awards XP once and exposes completion
  ---
  duration_ms: 7.542273
  type: 'test'
  ...
# Subtest: Signal Vanguard reward requires real Vault chamber entry and is idempotent
ok 40 - Signal Vanguard reward requires real Vault chamber entry and is idempotent
  ---
  duration_ms: 2.317733
  type: 'test'
  ...
# Subtest: missions and objectives reject locked or out-of-order completion
ok 41 - missions and objectives reject locked or out-of-order completion
  ---
  duration_ms: 0.31644
  type: 'test'
  ...
# Subtest: campaign receipt atomically completes final objective and cannot be confirmed twice
ok 42 - campaign receipt atomically completes final objective and cannot be confirmed twice
  ---
  duration_ms: 1.860002
  type: 'test'
  ...
# Subtest: Signal Vanguard selection drives one persistent canonical-player cosmetic
ok 43 - Signal Vanguard selection drives one persistent canonical-player cosmetic
  ---
  duration_ms: 1.337737
  type: 'test'
  ...
# w766g presentation tests passed
# Subtest: tests/unit/w766g-presentation.test.mjs
ok 15 - tests/unit/w766g-presentation.test.mjs
  ---
  duration_ms: 28.968692
  type: 'test'
  ...
# Subtest: W766G visual director applies bounded zone atmosphere and restores Hub scene state
ok 45 - W766G visual director applies bounded zone atmosphere and restores Hub scene state
  ---
  duration_ms: 0.640712
  type: 'test'
  ...
# Subtest: maintained runtime activates, updates, restores and disposes Expanse visuals
ok 46 - maintained runtime activates, updates, restores and disposes Expanse visuals
  ---
  duration_ms: 0.762803
  type: 'test'
  ...
# Subtest: W766D maps all three named NPCs to maintained animated W649 assets
ok 47 - W766D maps all three named NPCs to maintained animated W649 assets
  ---
  duration_ms: 0.905174
  type: 'test'
  ...
# Subtest: W766D keeps truthful fallback, grounding, click animation and asset disposal behavior
ok 48 - W766D keeps truthful fallback, grounding, click animation and asset disposal behavior
  ---
  duration_ms: 0.207818
  type: 'test'
  ...
# Subtest: Gateway Overlook defers verified W649 hero and NPC assets until explicit entry
ok 49 - Gateway Overlook defers verified W649 hero and NPC assets until explicit entry
  ---
  duration_ms: 0.248709
  type: 'test'
  ...
# Subtest: physical Signal Frontier interaction order completes all seven missions without developer APIs
ok 50 - physical Signal Frontier interaction order completes all seven missions without developer APIs
  ---
  duration_ms: 5.138953
  type: 'test'
  ...
# Subtest: an early physical zone signal is not consumed and can succeed when its mission becomes active
ok 51 - an early physical zone signal is not consumed and can succeed when its mission becomes active
  ---
  duration_ms: 0.588664
  type: 'test'
  ...
# Subtest: objective guidance provides target, distance and near interaction prompt
ok 52 - objective guidance provides target, distance and near interaction prompt
  ---
  duration_ms: 0.696735
  type: 'test'
  ...
# Subtest: primary authored route chain passes browser-world clearance budget
ok 53 - primary authored route chain passes browser-world clearance budget
  ---
  duration_ms: 0.184564
  type: 'test'
  ...
# Subtest: regional transit journey interpolates and completes without teleport-only state
ok 54 - regional transit journey interpolates and completes without teleport-only state
  ---
  duration_ms: 1.818556
  type: 'test'
  ...
# w766h runtime health tests passed
# Subtest: tests/unit/w766h-runtime-health.test.mjs
ok 20 - tests/unit/w766h-runtime-health.test.mjs
  ---
  duration_ms: 28.02055
  type: 'test'
  ...
# Subtest: runtime integrates one-scene objective marker and staged Transit journey
ok 56 - runtime integrates one-scene objective marker and staged Transit journey
  ---
  duration_ms: 3.082438
  type: 'test'
  ...
# Subtest: physical side, discovery, productive and event anchors use one canonical scene
ok 57 - physical side, discovery, productive and event anchors use one canonical scene
  ---
  duration_ms: 0.500414
  type: 'test'
  ...
# w766h ui overlay integration tests passed
# Subtest: tests/unit/w766h-ui-overlay-integration.test.mjs
ok 22 - tests/unit/w766h-ui-overlay-integration.test.mjs
  ---
  duration_ms: 27.127212
  type: 'test'
  ...
# Subtest: W766I gives every authored Signal Frontier zone a verified W649 hero landmark
ok 59 - W766I gives every authored Signal Frontier zone a verified W649 hero landmark
  ---
  duration_ms: 0.926226
  type: 'test'
  ...
# Subtest: W766I preserves route-light quality while limiting Balanced duplicate geometry
ok 60 - W766I preserves route-light quality while limiting Balanced duplicate geometry
  ---
  duration_ms: 0.125907
  type: 'test'
  ...
# Subtest: W766I sectors inherit the certified W667 world grammar deterministically
ok 61 - W766I sectors inherit the certified W667 world grammar deterministically
  ---
  duration_ms: 2.978124
  type: 'test'
  ...
# Subtest: W766I continuity composes macro regions, skyline, population and discoveries without a hard border
ok 62 - W766I continuity composes macro regions, skyline, population and discoveries without a hard border
  ---
  duration_ms: 18.095298
  type: 'test'
  ...
# Subtest: frontier contracts and procedural discoveries are review-first, canonical-XP and idempotent
ok 63 - frontier contracts and procedural discoveries are review-first, canonical-XP and idempotent
  ---
  duration_ms: 20.389855
  type: 'test'
  ...
# Subtest: W766I living-frontier state round-trips through the privacy whitelist only
ok 64 - W766I living-frontier state round-trips through the privacy whitelist only
  ---
  duration_ms: 8.329091
  type: 'test'
  ...
# Subtest: W766I integrates the proven world grammar into the existing canonical runtime
ok 65 - W766I integrates the proven world grammar into the existing canonical runtime
  ---
  duration_ms: 1.086875
  type: 'test'
  ...
# Subtest: W766I does not introduce another engine, scene, canvas or render loop
ok 66 - W766I does not introduce another engine, scene, canvas or render loop
  ---
  duration_ms: 0.37042
  type: 'test'
  ...
# Subtest: W766I generated content stays truthful and protected from authored-zone overlap
ok 67 - W766I generated content stays truthful and protected from authored-zone overlap
  ---
  duration_ms: 0.216992
  type: 'test'
  ...
# Subtest: W766IR2-C replaces every double-sided W750 text plane with two front-only faces
ok 68 - W766IR2-C replaces every double-sided W750 text plane with two front-only faces
  ---
  duration_ms: 1.643801
  type: 'test'
  ...
# Subtest: W766IR2-C gives front and rear faces independent textures and the same maintained interaction
ok 69 - W766IR2-C gives front and rear faces independent textures and the same maintained interaction
  ---
  duration_ms: 0.213698
  type: 'test'
  ...
# Subtest: W766IR2-C paints asymmetric rendered calibration on both independent faces
ok 70 - W766IR2-C paints asymmetric rendered calibration on both independent faces
  ---
  duration_ms: 0.144364
  type: 'test'
  ...
# Subtest: W766IR2-A has one canonical Hub Expanse Gate and no Garden or duplicate Overlook authority
ok 71 - W766IR2-A has one canonical Hub Expanse Gate and no Garden or duplicate Overlook authority
  ---
  duration_ms: 2.092137
  type: 'test'
  ...
# Subtest: W766IR2-A interaction registry is built from the canonical Gate and removes the stale sealed gateway
ok 72 - W766IR2-A interaction registry is built from the canonical Gate and removes the stale sealed gateway
  ---
  duration_ms: 0.584198
  type: 'test'
  ...
# Subtest: W766IR2-A world mode still requires separate explicit review, entry and cancel actions
ok 73 - W766IR2-A world mode still requires separate explicit review, entry and cancel actions
  ---
  duration_ms: 0.57193
  type: 'test'
  ...
# Subtest: W766IR2-A routes menu, physical interaction and mission guidance to one visible review dialog
ok 74 - W766IR2-A routes menu, physical interaction and mission guidance to one visible review dialog
  ---
  duration_ms: 0.701292
  type: 'test'
  ...
# Subtest: W766IR2-A Relay opens measured City Readiness rather than an inspect-only fake repair
ok 75 - W766IR2-A Relay opens measured City Readiness rather than an inspect-only fake repair
  ---
  duration_ms: 0.35705
  type: 'test'
  ...
# Subtest: W766IR2-F rewrites mutable City binaries to hash-bearing immutable URLs and removes originals
ok 76 - W766IR2-F rewrites mutable City binaries to hash-bearing immutable URLs and removes originals
  ---
  duration_ms: 6.180891
  type: 'test'
  ...
# Subtest: W766IR2-F unchanged bytes keep the same immutable URL and changed bytes receive a new URL
ok 77 - W766IR2-F unchanged bytes keep the same immutable URL and changed bytes receive a new URL
  ---
  duration_ms: 4.204625
  type: 'test'
  ...
# Subtest: W766IR2-F audit fails closed on any emitted un-hashed City binary or reference
ok 78 - W766IR2-F audit fails closed on any emitted un-hashed City binary or reference
  ---
  duration_ms: 1.441901
  type: 'test'
  ...
# Subtest: W766IR2-F rewrites relative glTF buffer references to their immutable hash-bearing companions
ok 79 - W766IR2-F rewrites relative glTF buffer references to their immutable hash-bearing companions
  ---
  duration_ms: 2.266416
  type: 'test'
  ...
# Subtest: W766IR2-F audit rejects a hash-bearing filename whose bytes no longer match its embedded digest
ok 80 - W766IR2-F audit rejects a hash-bearing filename whose bytes no longer match its embedded digest
  ---
  duration_ms: 2.156504
  type: 'test'
  ...
# Subtest: W766IR2-F source gate passes without pretending Preview or production certification occurred
ok 81 - W766IR2-F source gate passes without pretending Preview or production certification occurred
  ---
  duration_ms: 6.413386
  type: 'test'
  ...
# Subtest: W766IR2-F fail-closed browser mode rejects missing, malformed or production-changing proof
ok 82 - W766IR2-F fail-closed browser mode rejects missing, malformed or production-changing proof
  ---
  duration_ms: 5.540359
  type: 'test'
  ...
# Subtest: W766IR2-F accepts only the complete Preview proof matrix and authenticated full-offline receipt
ok 83 - W766IR2-F accepts only the complete Preview proof matrix and authenticated full-offline receipt
  ---
  duration_ms: 4.693281
  type: 'test'
  ...
# Subtest: W766IR2-H consumes each install prompt once and requires an active explicit gesture
ok 84 - W766IR2-H consumes each install prompt once and requires an active explicit gesture
  ---
  duration_ms: 9.280364
  type: 'test'
  ...
# Subtest: W766IR2-H clears a rejected browser prompt instead of retrying the stale event
ok 85 - W766IR2-H clears a rejected browser prompt instead of retrying the stale event
  ---
  duration_ms: 3.755338
  type: 'test'
  ...
# Subtest: W766IR2-H never treats transient geometry as authority over a logically open Menu
ok 86 - W766IR2-H never treats transient geometry as authority over a logically open Menu
  ---
  duration_ms: 1.799333
  type: 'test'
  ...
# Subtest: W766IR2-H protects maintained transitions and active successor surfaces
ok 87 - W766IR2-H protects maintained transitions and active successor surfaces
  ---
  duration_ms: 0.258944
  type: 'test'
  ...
# Subtest: W766IR2-H still recovers a mature lease after the controller closes and the root disappears
ok 88 - W766IR2-H still recovers a mature lease after the controller closes and the root disappears
  ---
  duration_ms: 0.169142
  type: 'test'
  ...
# Subtest: W766IR2-H leaves a controller-closed but still visible surface for explicit reconciliation instead of auto-closing it
ok 89 - W766IR2-H leaves a controller-closed but still visible surface for explicit reconciliation instead of auto-closing it
  ---
  duration_ms: 0.151425
  type: 'test'
  ...
# Subtest: W766IR2-H runtime exposes controller lifecycle separately from geometry diagnostics
ok 90 - W766IR2-H runtime exposes controller lifecycle separately from geometry diagnostics
  ---
  duration_ms: 0.595124
  type: 'test'
  ...
# Subtest: W766IR2-H moves focus out before hiding maintained dialogs
ok 91 - W766IR2-H moves focus out before hiding maintained dialogs
  ---
  duration_ms: 0.341788
  type: 'test'
  ...
# Subtest: W766IR2-H Accessible Map and Readiness use the same focus-safe lifecycle contract
ok 92 - W766IR2-H Accessible Map and Readiness use the same focus-safe lifecycle contract
  ---
  duration_ms: 0.190563
  type: 'test'
  ...
# Subtest: W766IR2-H provides explicit atomic Menu routes to Transit and Readiness
ok 93 - W766IR2-H provides explicit atomic Menu routes to Transit and Readiness
  ---
  duration_ms: 0.852526
  type: 'test'
  ...
# Subtest: W766IR2-H headed-browser contract waits beyond grace and exercises visible Menu handoffs
ok 94 - W766IR2-H headed-browser contract waits beyond grace and exercises visible Menu handoffs
  ---
  duration_ms: 0.353986
  type: 'test'
  ...
# Subtest: W766IR2-H supports repeated Menu and Map lease cycles without stale owners
ok 95 - W766IR2-H supports repeated Menu and Map lease cycles without stale owners
  ---
  duration_ms: 0.692569
  type: 'test'
  ...
# Subtest: W766IR2-H preserves raw spatial and FPS evidence for headed-browser diagnosis
ok 96 - W766IR2-H preserves raw spatial and FPS evidence for headed-browser diagnosis
  ---
  duration_ms: 0.632369
  type: 'test'
  ...
# Subtest: W766IR2-B input leases support exactly the six blocking owners
ok 97 - W766IR2-B input leases support exactly the six blocking owners
  ---
  duration_ms: 0.883683
  type: 'test'
  ...
# Subtest: W766IR2-B rejects duplicate acquire and unknown release while preserving active leases
ok 98 - W766IR2-B rejects duplicate acquire and unknown release while preserving active leases
  ---
  duration_ms: 1.36061
  type: 'test'
  ...
# Subtest: W766IR2-B releases every owner deterministically on disposal
ok 99 - W766IR2-B releases every owner deterministically on disposal
  ---
  duration_ms: 0.308007
  type: 'test'
  ...
# Subtest: W766IR2-G identifies only mature leases whose owning surface disappeared
ok 100 - W766IR2-G identifies only mature leases whose owning surface disappeared
  ---
  duration_ms: 0.360415
  type: 'test'
  ...
# Subtest: W766IR2-B survives twenty City Menu and accessible-map cycles without changing runtime identities
ok 101 - W766IR2-B survives twenty City Menu and accessible-map cycles without changing runtime identities
  ---
  duration_ms: 3.342845
  type: 'test'
  ...
# Subtest: W766IR2-B runtime routes every blocking surface through the named lease authority
ok 102 - W766IR2-B runtime routes every blocking surface through the named lease authority
  ---
  duration_ms: 2.345484
  type: 'test'
  ...
# Subtest: W766IR2-B accessible map fully styles controls and exposes all maintained outside actions
ok 103 - W766IR2-B accessible map fully styles controls and exposes all maintained outside actions
  ---
  duration_ms: 0.306536
  type: 'test'
  ...
# Subtest: W766IR2-B readiness view acquires and releases its movement lease explicitly
ok 104 - W766IR2-B readiness view acquires and releases its movement lease explicitly
  ---
  duration_ms: 1.659745
  type: 'test'
  ...
# Subtest: W766IR2-D keeps one stable content-addressed City cache in both workers
ok 105 - W766IR2-D keeps one stable content-addressed City cache in both workers
  ---
  duration_ms: 1.884519
  type: 'test'
  ...
# Subtest: W766IR2-F cache hit serves unchanged immutable, W649 and W659F bytes without another fetch
ok 106 - W766IR2-F cache hit serves unchanged immutable, W649 and W659F bytes without another fetch
  ---
  duration_ms: 23.698309
  type: 'test'
  ...
# Subtest: W766IR2-D changed hash downloads once while unchanged hashes remain local
ok 107 - W766IR2-D changed hash downloads once while unchanged hashes remain local
  ---
  duration_ms: 2.451331
  type: 'test'
  ...
# Subtest: W766IR2-D migrates prior release-specific City art before deleting the old owned cache
ok 108 - W766IR2-D migrates prior release-specific City art before deleting the old owned cache
  ---
  duration_ms: 2.211515
  type: 'test'
  ...
# Subtest: W766IR2-0 accepts only the four reviewed mount reasons with required evidence
ok 109 - W766IR2-0 accepts only the four reviewed mount reasons with required evidence
  ---
  duration_ms: 1.238089
  type: 'test'
  ...
# Subtest: W766IR2-0 identities are stable for the same browser objects and readiness events are bounded/private-safe
ok 110 - W766IR2-0 identities are stable for the same browser objects and readiness events are bounded/private-safe
  ---
  duration_ms: 2.272706
  type: 'test'
  ...
# Subtest: W766IR2-0 rejects a second access-station mount while a healthy runtime is active
ok 111 - W766IR2-0 rejects a second access-station mount while a healthy runtime is active
  ---
  duration_ms: 0.583076
  type: 'test'
  ...
# Subtest: W766IR2-0 source stages replacements and records runtime identity instead of destroying first
ok 112 - W766IR2-0 source stages replacements and records runtime identity instead of destroying first
  ---
  duration_ms: 3.356386
  type: 'test'
  ...
# Subtest: W766IR2-E build manifest covers canonical EONAPP routes and separates City bytes with SHA-256 integrity
ok 113 - W766IR2-E build manifest covers canonical EONAPP routes and separates City bytes with SHA-256 integrity
  ---
  duration_ms: 11.044445
  type: 'test'
  ...
# Subtest: W766IR2-E authenticated capability is bound to the deployed manifest and returns no private account data
ok 114 - W766IR2-E authenticated capability is bound to the deployed manifest and returns no private account data
  ---
  duration_ms: 23.183825
  type: 'test'
  ...
# Subtest: W766IR2-E atomically installs whole EONAPP + City, reloads both offline, keeps APIs truthful, and bypasses Local AI loopback
ok 115 - W766IR2-E atomically installs whole EONAPP + City, reloads both offline, keeps APIs truthful, and bypasses Local AI loopback
  ---
  duration_ms: 18.627908
  type: 'test'
  ...
# Subtest: W766IR2-E serves installed JSON, media and compressed City textures offline instead of bypassing the pack
ok 116 - W766IR2-E serves installed JSON, media and compressed City textures offline instead of bypassing the pack
  ---
  duration_ms: 6.087722
  type: 'test'
  ...
# Subtest: W766IR2-E requests best-effort persistent browser storage only during explicit installation
ok 117 - W766IR2-E requests best-effort persistent browser storage only during explicit installation
  ---
  duration_ms: 1.327933
  type: 'test'
  ...
# Subtest: W766IR2-E release updates reuse unchanged offline bytes and download only changed entries
ok 118 - W766IR2-E release updates reuse unchanged offline bytes and download only changed entries
  ---
  duration_ms: 10.87289
  type: 'test'
  ...
# Subtest: W766IR2-E City authorization expiry keeps core EONAPP and Local AI ready while denying offline City
ok 119 - W766IR2-E City authorization expiry keeps core EONAPP and Local AI ready while denying offline City
  ---
  duration_ms: 6.738589
  type: 'test'
  ...
# Subtest: W766IR2-E detects missing offline bytes and marks the installed pack for repair
ok 120 - W766IR2-E detects missing offline bytes and marks the installed pack for repair
  ---
  duration_ms: 4.293577
  type: 'test'
  ...
# Subtest: W766IR2-F detects wrong cached URLs even when the total entry count is unchanged
ok 121 - W766IR2-F detects wrong cached URLs even when the total entry count is unchanged
  ---
  duration_ms: 5.504676
  type: 'test'
  ...
# Subtest: W766IR2-E failed integrity repair preserves the previously active offline pack
ok 122 - W766IR2-E failed integrity repair preserves the previously active offline pack
  ---
  duration_ms: 6.67243
  type: 'test'
  ...
# Subtest: W766IR2-E offline City access requires a valid installed City pack and never invents cloud synchronization
ok 123 - W766IR2-E offline City access requires a valid installed City pack and never invents cloud synchronization
  ---
  duration_ms: 0.408737
  type: 'test'
  ...
# Subtest: W766IR2-E exposes truthful whole-app offline status and accepts only device-local AI endpoints
ok 124 - W766IR2-E exposes truthful whole-app offline status and accepts only device-local AI endpoints
  ---
  duration_ms: 0.950502
  type: 'test'
  ...
# Subtest: W766IR2-E serializes offline-pack mutations and requests persistent browser storage only from an explicit install flow
ok 125 - W766IR2-E serializes offline-pack mutations and requests persistent browser storage only from an explicit install flow
  ---
  duration_ms: 1.219362
  type: 'test'
  ...
# Subtest: W766IR2-G keeps remote Expanse review open until explicit Enter or Cancel
ok 126 - W766IR2-G keeps remote Expanse review open until explicit Enter or Cancel
  ---
  duration_ms: 0.995419
  type: 'test'
  ...
# Subtest: W766IR2-G performs atomic surface handoffs before opening a second blocking surface
ok 127 - W766IR2-G performs atomic surface handoffs before opening a second blocking surface
  ---
  duration_ms: 0.265244
  type: 'test'
  ...
# Subtest: W766IR2-G closes Transit synchronously and recovers hidden overlay leases
ok 128 - W766IR2-G closes Transit synchronously and recovers hidden overlay leases
  ---
  duration_ms: 0.39037
  type: 'test'
  ...
# Subtest: W766IR2-G keeps lightweight overlays at foreground FPS and suspends dock-cap sampling
ok 129 - W766IR2-G keeps lightweight overlays at foreground FPS and suspends dock-cap sampling
  ---
  duration_ms: 0.827699
  type: 'test'
  ...
# Subtest: W766IR2-G recovers an under-floor camera without remounting the runtime
ok 130 - W766IR2-G recovers an under-floor camera without remounting the runtime
  ---
  duration_ms: 0.748992
  type: 'test'
  ...
# Subtest: W766IR2-G preserves the complete visible Transit and Expanse click chains
ok 131 - W766IR2-G preserves the complete visible Transit and Expanse click chains
  ---
  duration_ms: 0.629445
  type: 'test'
  ...
# Subtest: W766IR2-G catches controller exceptions and leaves movement recoverable
ok 132 - W766IR2-G catches controller exceptions and leaves movement recoverable
  ---
  duration_ms: 0.859908
  type: 'test'
  ...
# Subtest: W766IR2-G keeps Expanse movement outside the Command Hub clamp and restores the Hub camera mode
ok 133 - W766IR2-G keeps Expanse movement outside the Command Hub clamp and restores the Hub camera mode
  ---
  duration_ms: 0.988798
  type: 'test'
  ...
# Subtest: W766IR2-G exposes a visible safe return control and truthful active world telemetry
ok 134 - W766IR2-G exposes a visible safe return control and truthful active world telemetry
  ---
  duration_ms: 0.549606
  type: 'test'
  ...
# Subtest: W766IR2-G final Preview gate proves the real failure path rather than calling internal overlay APIs
ok 135 - W766IR2-G final Preview gate proves the real failure path rather than calling internal overlay APIs
  ---
  duration_ms: 0.357771
  type: 'test'
  ...
# Subtest: W767A accepts only a visibly presented grounded hero asset
ok 136 - W767A accepts only a visibly presented grounded hero asset
  ---
  duration_ms: 0.884003
  type: 'test'
  ...
# Subtest: W767A rejects a promise-resolved asset with no visible renderable meshes
ok 137 - W767A rejects a promise-resolved asset with no visible renderable meshes
  ---
  duration_ms: 0.299435
  type: 'test'
  ...
# Subtest: W767A rejects incorrectly scaled, floating or misplaced assets
ok 138 - W767A rejects incorrectly scaled, floating or misplaced assets
  ---
  duration_ms: 0.757375
  type: 'test'
  ...
# Subtest: companion continuity projects the rescue sequence without a second identity
ok 139 - companion continuity projects the rescue sequence without a second identity
  ---
  duration_ms: 0.697706
  type: 'test'
  ...
# Subtest: bonded EONBOT follows in Expanse and remains in Transit formation
ok 140 - bonded EONBOT follows in Expanse and remains in Transit formation
  ---
  duration_ms: 0.135932
  type: 'test'
  ...
# Subtest: Hub continuity keeps the one canonical companion visible
ok 141 - Hub continuity keeps the one canonical companion visible
  ---
  duration_ms: 0.715963
  type: 'test'
  ...
# Subtest: legacy review-only ledgers migrate into the rescue prologue without losing the reviewed step
ok 142 - legacy review-only ledgers migrate into the rescue prologue without losing the reviewed step
  ---
  duration_ms: 5.868897
  type: 'test'
  ...
# Subtest: legacy entered campaigns restore companion continuity without resetting XP or Beyond progress
ok 143 - legacy entered campaigns restore companion continuity without resetting XP or Beyond progress
  ---
  duration_ms: 0.44439
  type: 'test'
  ...
# Subtest: W767A keeps exactly one canonical EONBOT identity across Hub and Expanse
ok 144 - W767A keeps exactly one canonical EONBOT identity across Hub and Expanse
  ---
  duration_ms: 1.236126
  type: 'test'
  ...
# Subtest: W767A entry, rescue, Transit and return all synchronize the companion projection
ok 145 - W767A entry, rescue, Transit and return all synchronize the companion projection
  ---
  duration_ms: 1.079072
  type: 'test'
  ...
# Subtest: W767A provides a physical rescue sequence and a compact first-arrival explanation
ok 146 - W767A provides a physical rescue sequence and a compact first-arrival explanation
  ---
  duration_ms: 0.192657
  type: 'test'
  ...
# Subtest: W767A hero fallbacks are suppressed only after asset-truth presentation passes
ok 147 - W767A hero fallbacks are suppressed only after asset-truth presentation passes
  ---
  duration_ms: 0.156412
  type: 'test'
  ...
# Subtest: W767B ground circuit route is bounded and points toward the active target
ok 148 - W767B ground circuit route is bounded and points toward the active target
  ---
  duration_ms: 0.847599
  type: 'test'
  ...
# Subtest: W767B label arbitration keeps one objective and at most two visible nearby interactions
ok 149 - W767B label arbitration keeps one objective and at most two visible nearby interactions
  ---
  duration_ms: 0.695002
  type: 'test'
  ...
# Subtest: W767B guide controller requires explicit action and leads EONBOT ahead without teleporting to the objective
ok 150 - W767B guide controller requires explicit action and leads EONBOT ahead without teleporting to the objective
  ---
  duration_ms: 0.423219
  type: 'test'
  ...
# Subtest: W767B isolates Command Hub markers and launchers while Expanse is active
ok 151 - W767B isolates Command Hub markers and launchers while Expanse is active
  ---
  duration_ms: 1.112182
  type: 'test'
  ...
# Subtest: W767B exposes an Expanse-only HUD and explicit EONBOT guidance control
ok 152 - W767B exposes an Expanse-only HUD and explicit EONBOT guidance control
  ---
  duration_ms: 0.286586
  type: 'test'
  ...
# Subtest: W767B renders bounded ground-circuit route segments from player to objective
ok 153 - W767B renders bounded ground-circuit route segments from player to objective
  ---
  duration_ms: 0.16814
  type: 'test'
  ...
# Subtest: W767C deduplicates authored child meshes and formats safe interaction labels
ok 154 - W767C deduplicates authored child meshes and formats safe interaction labels
  ---
  duration_ms: 0.672579
  type: 'test'
  ...
# Subtest: W767C retains one distant objective and at most two visible nearby interactions
ok 155 - W767C retains one distant objective and at most two visible nearby interactions
  ---
  duration_ms: 1.445237
  type: 'test'
  ...
# Subtest: W767C gateway exposes explicit proximity interaction without bypassing child authorities
ok 156 - W767C gateway exposes explicit proximity interaction without bypassing child authorities
  ---
  duration_ms: 5.084092
  type: 'test'
  ...
# Subtest: W767C runtime supports keyboard E and occlusion-aware world labels
ok 157 - W767C runtime supports keyboard E and occlusion-aware world labels
  ---
  duration_ms: 3.014888
  type: 'test'
  ...
# Subtest: W767D produces a release-ready report only after every hero zone is visibly presented
ok 158 - W767D produces a release-ready report only after every hero zone is visibly presented
  ---
  duration_ms: 1.652234
  type: 'test'
  ...
# Subtest: W767D distinguishes loading proxies from rejected procedural fallbacks
ok 159 - W767D distinguishes loading proxies from rejected procedural fallbacks
  ---
  duration_ms: 0.790434
  type: 'test'
  ...
# Subtest: W767D export contains bounded asset evidence and strips unrelated private fields
ok 160 - W767D export contains bounded asset evidence and strips unrelated private fields
  ---
  duration_ms: 0.304042
  type: 'test'
  ...
# Subtest: W767D is exposed through the canonical Gateway and runtime without adding a second scene owner
ok 161 - W767D is exposed through the canonical Gateway and runtime without adding a second scene owner
  ---
  duration_ms: 6.645701
  type: 'test'
  ...
# Subtest: W767E accepts only a visibly rendered, grounded and materially valid authored presentation
ok 162 - W767E accepts only a visibly rendered, grounded and materially valid authored presentation
  ---
  duration_ms: 1.096418
  type: 'test'
  ...
# Subtest: W767E rejects invisible, materialless and off-zone imports instead of hiding the procedural fallback
ok 163 - W767E rejects invisible, materialless and off-zone imports instead of hiding the procedural fallback
  ---
  duration_ms: 0.279405
  type: 'test'
  ...
# Subtest: W767E render evidence ignores empty and disposed child nodes
ok 164 - W767E render evidence ignores empty and disposed child nodes
  ---
  duration_ms: 0.621153
  type: 'test'
  ...
# Subtest: W767E gates both NPC and activity fallback suppression on validated presentation truth
ok 165 - W767E gates both NPC and activity fallback suppression on validated presentation truth
  ---
  duration_ms: 4.574966
  type: 'test'
  ...
# Subtest: W767F explains location, first goal, companion, map and safe return inside one bounded presentation
ok 166 - W767F explains location, first goal, companion, map and safe return inside one bounded presentation
  ---
  duration_ms: 1.2925
  type: 'test'
  ...
# Subtest: W767F advances from EONBOT rescue to explicit map discovery without storing private content
ok 167 - W767F advances from EONBOT rescue to explicit map discovery without storing private content
  ---
  duration_ms: 1.002109
  type: 'test'
  ...
# Subtest: W767F fails the 30-second clarity target when required presentation evidence arrives too late
ok 168 - W767F fails the 30-second clarity target when required presentation evidence arrives too late
  ---
  duration_ms: 0.216011
  type: 'test'
  ...
# Subtest: W767F expires cleanly and explicit dismissal is review gated
ok 169 - W767F expires cleanly and explicit dismissal is review gated
  ---
  duration_ms: 0.290021
  type: 'test'
  ...
# Subtest: W767F runtime maps M to the maintained mission board and keeps onboarding inside the canonical overlay
ok 170 - W767F runtime maps M to the maintained mission board and keeps onboarding inside the canonical overlay
  ---
  duration_ms: 7.705485
  type: 'test'
  ...
# Subtest: W767G gives Transit and explicit guidance priority over ambient companion behavior
ok 171 - W767G gives Transit and explicit guidance priority over ambient companion behavior
  ---
  duration_ms: 0.878165
  type: 'test'
  ...
# Subtest: W767G greets the nearest NPC only after the player remains still and never mutates mission state
ok 172 - W767G greets the nearest NPC only after the player remains still and never mutates mission state
  ---
  duration_ms: 0.433624
  type: 'test'
  ...
# Subtest: W767G filters rescue and return controls from ambient inspection targets
ok 173 - W767G filters rescue and return controls from ambient inspection targets
  ---
  duration_ms: 0.308979
  type: 'test'
  ...
# Subtest: W767G returns immediately to formation when the player moves or the companion exceeds its leash
ok 174 - W767G returns immediately to formation when the player moves or the companion exceeds its leash
  ---
  duration_ms: 0.272294
  type: 'test'
  ...
# Subtest: W767G recognizes authored dock targets and avoids repeating one nearby target when another is available
ok 175 - W767G recognizes authored dock targets and avoids repeating one nearby target when another is available
  ---
  duration_ms: 0.345504
  type: 'test'
  ...
# Subtest: W767G stays inside the canonical runtime and samples only safe nearby interaction metadata
ok 176 - W767G stays inside the canonical runtime and samples only safe nearby interaction metadata
  ---
  duration_ms: 10.385306
  type: 'test'
  ...
# Subtest: W767H explicit reactions are user-action gated and remain subordinate to Transit and guidance
ok 177 - W767H explicit reactions are user-action gated and remain subordinate to Transit and guidance
  ---
  duration_ms: 0.705668
  type: 'test'
  ...
# Subtest: W767H productive, NPC and discovery interactions produce bounded inspect, greet and scan reactions
ok 178 - W767H productive, NPC and discovery interactions produce bounded inspect, greet and scan reactions
  ---
  duration_ms: 1.577483
  type: 'test'
  ...
# Subtest: W767H never reacts to the return gate or companion rescue controls
ok 179 - W767H never reacts to the return gate or companion rescue controls
  ---
  duration_ms: 0.26226
  type: 'test'
  ...
# Subtest: W767H live runtime refreshes safe candidates, reacts through the canonical director and exposes behavior text in the existing HUD
ok 180 - W767H live runtime refreshes safe candidates, reacts through the canonical director and exposes behavior text in the existing HUD
  ---
  duration_ms: 7.02228
  type: 'test'
  ...
# Subtest: W767I exposes the nearest valid interaction only on an active coarse-pointer frontier
ok 181 - W767I exposes the nearest valid interaction only on an active coarse-pointer frontier
  ---
  duration_ms: 0.804765
  type: 'test'
  ...
# Subtest: W767I hides touch interaction for desktop, Transit, mission-board display and absent targets
ok 182 - W767I hides touch interaction for desktop, Transit, mission-board display and absent targets
  ---
  duration_ms: 0.762222
  type: 'test'
  ...
# Subtest: W767I interaction dispatch requires explicit action and rejects stale target identity
ok 183 - W767I interaction dispatch requires explicit action and rejects stale target identity
  ---
  duration_ms: 0.193497
  type: 'test'
  ...
# Subtest: W767I touch, keyboard and public controls share one canonical nearest-interaction action
ok 184 - W767I touch, keyboard and public controls share one canonical nearest-interaction action
  ---
  duration_ms: 8.069065
  type: 'test'
  ...
# Subtest: W767I preserves the one-primary two-nearby label budget while suppressing duplicate E hints on touch
ok 185 - W767I preserves the one-primary two-nearby label budget while suppressing duplicate E hints on touch
  ---
  duration_ms: 2.418562
  type: 'test'
  ...
# Subtest: W767J recovery is explicit-user gated and only available for settled repair-required reports
ok 186 - W767J recovery is explicit-user gated and only available for settled repair-required reports
  ---
  duration_ms: 1.106643
  type: 'test'
  ...
# Subtest: W767J recovery enforces cooldown and bounded attempts without automatic loops
ok 187 - W767J recovery enforces cooldown and bounded attempts without automatic loops
  ---
  duration_ms: 1.212761
  type: 'test'
  ...
# Subtest: W767J completion can reach release-ready and requires its issued token
ok 188 - W767J completion can reach release-ready and requires its issued token
  ---
  duration_ms: 0.184414
  type: 'test'
  ...
# Subtest: W767J source integration uses the canonical gateway and existing overlay without another engine or scene
ok 189 - W767J source integration uses the canonical gateway and existing overlay without another engine or scene
  ---
  duration_ms: 7.457497
  type: 'test'
  ...
# Subtest: W767K offers bounded EONBOT route help only after sustained lack of movement or progress
ok 190 - W767K offers bounded EONBOT route help only after sustained lack of movement or progress
  ---
  duration_ms: 0.994537
  type: 'test'
  ...
# Subtest: W767K movement, objective progress, interaction, Transit and active guidance suppress the prompt
ok 191 - W767K movement, objective progress, interaction, Transit and active guidance suppress the prompt
  ---
  duration_ms: 1.320852
  type: 'test'
  ...
# Subtest: W767K guide acceptance and dismissal are explicit and never move or progress the player automatically
ok 192 - W767K guide acceptance and dismissal are explicit and never move or progress the player automatically
  ---
  duration_ms: 0.292955
  type: 'test'
  ...
# Subtest: W767K runtime strengthens the existing guidance surface and delegates to the canonical guide controller
ok 193 - W767K runtime strengthens the existing guidance surface and delegates to the canonical guide controller
  ---
  duration_ms: 8.176855
  type: 'test'
  ...
# Subtest: W767L dock becomes visible and interactive only for the bonded active companion
ok 194 - W767L dock becomes visible and interactive only for the bonded active companion
  ---
  duration_ms: 0.630116
  type: 'test'
  ...
# Subtest: W767L dock request is explicit and blocked during Transit or route guidance
ok 195 - W767L dock request is explicit and blocked during Transit or route guidance
  ---
  duration_ms: 0.180688
  type: 'test'
  ...
# Subtest: W767L Gateway Overlook owns one physical dock and routes it through existing companion behavior
ok 196 - W767L Gateway Overlook owns one physical dock and routes it through existing companion behavior
  ---
  duration_ms: 9.367974
  type: 'test'
  ...
# Subtest: W767M hides the authored lost worker after location while productive stations remain available
ok 197 - W767M hides the authored lost worker after location while productive stations remain available
  ---
  duration_ms: 0.823433
  type: 'test'
  ...
# Subtest: W767M repeatable presentation resets with the daily cycle and never mutates progression
ok 198 - W767M repeatable presentation resets with the daily cycle and never mutates progression
  ---
  duration_ms: 0.148991
  type: 'test'
  ...
# Subtest: W767M synchronizes fallback and authored wrappers through one state projection
ok 199 - W767M synchronizes fallback and authored wrappers through one state projection
  ---
  duration_ms: 4.204004
  type: 'test'
  ...
# Subtest: W767N ranks missing hero zones before rejected authored presentations and strips paths
ok 200 - W767N ranks missing hero zones before rejected authored presentations and strips paths
  ---
  duration_ms: 1.26577
  type: 'test'
  ...
# Subtest: W767N stays hidden while assets are loading or after release-ready truth
ok 201 - W767N stays hidden while assets are loading or after release-ready truth
  ---
  duration_ms: 0.751686
  type: 'test'
  ...
# Subtest: W767N bounds the repair list and exposes only safe asset identifiers
ok 202 - W767N bounds the repair list and exposes only safe asset identifiers
  ---
  duration_ms: 6.4495
  type: 'test'
  ...
# Subtest: W767N feeds the existing mission board without adding another Babylon authority
ok 203 - W767N feeds the existing mission board without adding another Babylon authority
  ---
  duration_ms: 7.134247
  type: 'test'
  ...
# Subtest: W767O event activity is bounded by the real startsAt and endsAt window
ok 204 - W767O event activity is bounded by the real startsAt and endsAt window
  ---
  duration_ms: 1.42075
  type: 'test'
  ...
# Subtest: W767O living-content resolver clears an event after its duration instead of stretching it across the 30-minute selection window
ok 205 - W767O living-content resolver clears an event after its duration instead of stretching it across the 30-minute selection window
  ---
  duration_ms: 0.711287
  type: 'test'
  ...
# Subtest: W767O review requires a current matching event and never awards XP or blocks Hub return
ok 206 - W767O review requires a current matching event and never awards XP or blocks Hub return
  ---
  duration_ms: 0.260557
  type: 'test'
  ...
# Subtest: W767O runtime uses epoch time and validates marker interaction against the living-content authority
ok 207 - W767O runtime uses epoch time and validates marker interaction against the living-content authority
  ---
  duration_ms: 7.451058
  type: 'test'
  ...
# Subtest: W767P exposes a bounded truthful event label, zone and countdown without reward pressure
ok 208 - W767P exposes a bounded truthful event label, zone and countdown without reward pressure
  ---
  duration_ms: 1.388022
  type: 'test'
  ...
# Subtest: W767P reports ending soon without compulsion and clears exactly at expiry
ok 209 - W767P reports ending soon without compulsion and clears exactly at expiry
  ---
  duration_ms: 0.163844
  type: 'test'
  ...
# Subtest: W767P strips private and malformed event fields from presentation output
ok 210 - W767P strips private and malformed event fields from presentation output
  ---
  duration_ms: 0.280727
  type: 'test'
  ...
# Subtest: W767P feeds the existing marker and mission board without a second Babylon authority
ok 211 - W767P feeds the existing marker and mission board without a second Babylon authority
  ---
  duration_ms: 7.372971
  type: 'test'
  ...
# Subtest: W767Q reduced motion removes decorative animation but preserves all guidance
ok 212 - W767Q reduced motion removes decorative animation but preserves all guidance
  ---
  duration_ms: 0.635634
  type: 'test'
  ...
# Subtest: W767Q provides at least 44px controls and 48px for coarse pointers
ok 213 - W767Q provides at least 44px controls and 48px for coarse pointers
  ---
  duration_ms: 0.12753
  type: 'test'
  ...
# Subtest: W767Q overlay honors reduced motion, forced colors, focus and live regions
ok 214 - W767Q overlay honors reduced motion, forced colors, focus and live regions
  ---
  duration_ms: 8.285427
  type: 'test'
  ...
# Subtest: W767Q maps each known event to a bounded navigation-safe atmosphere
ok 215 - W767Q maps each known event to a bounded navigation-safe atmosphere
  ---
  duration_ms: 0.775231
  type: 'test'
  ...
# Subtest: W767Q reduced motion removes pulse and speed modulation
ok 216 - W767Q reduced motion removes pulse and speed modulation
  ---
  duration_ms: 0.116032
  type: 'test'
  ...
# Subtest: W767Q unknown or inactive events restore neutral atmosphere
ok 217 - W767Q unknown or inactive events restore neutral atmosphere
  ---
  duration_ms: 0.775061
  type: 'test'
  ...
# Subtest: W767Q extends the existing visual director and canonical render loop only
ok 218 - W767Q extends the existing visual director and canonical render loop only
  ---
  duration_ms: 6.104817
  type: 'test'
  ...
# Subtest: W767R starts at truthful 8 percent and ignores XP without verified campaign progress
ok 219 - W767R starts at truthful 8 percent and ignores XP without verified campaign progress
  ---
  duration_ms: 0.66009
  type: 'test'
  ...
# Subtest: W767R advances only through ordered mission or milestone authority
ok 220 - W767R advances only through ordered mission or milestone authority
  ---
  duration_ms: 0.171805
  type: 'test'
  ...
# Subtest: W767R reaches 100 only with the final verified mission, milestone or campaign receipt
ok 221 - W767R reaches 100 only with the final verified mission, milestone or campaign receipt
  ---
  duration_ms: 1.008217
  type: 'test'
  ...
# Subtest: W767R runtime and overlay surface restoration without adding another Babylon authority
ok 222 - W767R runtime and overlay surface restoration without adding another Babylon authority
  ---
  duration_ms: 7.325821
  type: 'test'
  ...
# Subtest: W767S offers a capture only for a meaningful active Expanse moment
ok 223 - W767S offers a capture only for a meaningful active Expanse moment
  ---
  duration_ms: 1.032183
  type: 'test'
  ...
# Subtest: W767S prefers a current dynamic event and strips private fields
ok 224 - W767S prefers a current dynamic event and strips private fields
  ---
  duration_ms: 0.159557
  type: 'test'
  ...
# Subtest: W767S requires explicit current-moment confirmation
ok 225 - W767S requires explicit current-moment confirmation
  ---
  duration_ms: 0.264423
  type: 'test'
  ...
# Subtest: W767S workspace bridge preserves Expanse world state and never focuses a hidden Hub station
ok 226 - W767S workspace bridge preserves Expanse world state and never focuses a hidden Hub station
  ---
  duration_ms: 6.94136
  type: 'test'
  ...
# Subtest: W767T ranks an in-progress physical mission before available and productive work
ok 227 - W767T ranks an in-progress physical mission before available and productive work
  ---
  duration_ms: 7.056511
  type: 'test'
  ...
# Subtest: W767T distinguishes daily repeatable completion from persistent side completion
ok 228 - W767T distinguishes daily repeatable completion from persistent side completion
  ---
  duration_ms: 0.521475
  type: 'test'
  ...
# Subtest: W767T productive missions remain review and receipt gated without leaking workspace content
ok 229 - W767T productive missions remain review and receipt gated without leaking workspace content
  ---
  duration_ms: 0.388737
  type: 'test'
  ...
# Subtest: W767T feeds the existing mission board and runtime without another Babylon authority
ok 230 - W767T feeds the existing mission board and runtime without another Babylon authority
  ---
  duration_ms: 7.597495
  type: 'test'
  ...
# Subtest: W767U routes a physical side mission to its authored zone without completing it
ok 231 - W767U routes a physical side mission to its authored zone without completing it
  ---
  duration_ms: 1.29223
  type: 'test'
  ...
# Subtest: W767U routes productive work to its maintained workspace and keeps receipt authority
ok 232 - W767U routes productive work to its maintained workspace and keeps receipt authority
  ---
  duration_ms: 0.138766
  type: 'test'
  ...
# Subtest: W767U rejects completed, missing, stale and implicit actions
ok 233 - W767U rejects completed, missing, stale and implicit actions
  ---
  duration_ms: 0.213277
  type: 'test'
  ...
# Subtest: W767U runtime and overlay use one shared activity action without another Babylon authority
ok 234 - W767U runtime and overlay use one shared activity action without another Babylon authority
  ---
  duration_ms: 6.677358
  type: 'test'
  ...
# Subtest: W767V switches the same explicit guide control between request and stop
ok 235 - W767V switches the same explicit guide control between request and stop
  ---
  duration_ms: 0.625559
  type: 'test'
  ...
# Subtest: W767V hides guidance control outside Expanse and at the target
ok 236 - W767V hides guidance control outside Expanse and at the target
  ---
  duration_ms: 0.116132
  type: 'test'
  ...
# Subtest: W767V clears only matching activity guidance on explicit lifecycle boundaries
ok 237 - W767V clears only matching activity guidance on explicit lifecycle boundaries
  ---
  duration_ms: 1.333961
  type: 'test'
  ...
# Subtest: W767V runtime and overlay clear custom routes and expose explicit stop guidance
ok 238 - W767V runtime and overlay clear custom routes and expose explicit stop guidance
  ---
  duration_ms: 8.3212
  type: 'test'
  ...
# Subtest: W767W derives only a bounded receipt from the maintained native outcome ledger
ok 239 - W767W derives only a bounded receipt from the maintained native outcome ledger
  ---
  duration_ms: 0.877182
  type: 'test'
  ...
# Subtest: W767W rejects a merely shaped or stale receipt that does not exactly match current native truth
ok 240 - W767W rejects a merely shaped or stale receipt that does not exactly match current native truth
  ---
  duration_ms: 0.283711
  type: 'test'
  ...
# Subtest: W767W keeps Status Review unavailable until a maintained native receipt authority exists
ok 241 - W767W keeps Status Review unavailable until a maintained native receipt authority exists
  ---
  duration_ms: 0.10125
  type: 'test'
  ...
# Subtest: W767W living content fails closed without receipt authority and accepts only the verified bridge
ok 242 - W767W living content fails closed without receipt authority and accepts only the verified bridge
  ---
  duration_ms: 1.027777
  type: 'test'
  ...
# Subtest: W767W runtime integration reads current native receipts without another Babylon authority
ok 243 - W767W runtime integration reads current native receipts without another Babylon authority
  ---
  duration_ms: 6.487907
  type: 'test'
  ...
# Subtest: W767X offers an explicit claim only for a current verified native result
ok 244 - W767X offers an explicit claim only for a current verified native result
  ---
  duration_ms: 0.959115
  type: 'test'
  ...
# Subtest: W767X rejects missing, completed, mismatched and stale result claims
ok 245 - W767X rejects missing, completed, mismatched and stale result claims
  ---
  duration_ms: 0.345013
  type: 'test'
  ...
# Subtest: W767X runtime revalidates before XP and overlay prioritizes a ready claim
ok 246 - W767X runtime revalidates before XP and overlay prioritizes a ready claim
  ---
  duration_ms: 8.168282
  type: 'test'
  ...
# Subtest: W767Y chooses one deterministic optional recommendation without a streak penalty
ok 247 - W767Y chooses one deterministic optional recommendation without a streak penalty
  ---
  duration_ms: 1.22508
  type: 'test'
  ...
# Subtest: W767Y consumes a fresh native receipt once across Daily Signal and productive XP
ok 248 - W767Y consumes a fresh native receipt once across Daily Signal and productive XP
  ---
  duration_ms: 1.055287
  type: 'test'
  ...
# Subtest: W767Y selection validation rejects stale day or recommendation changes
ok 249 - W767Y selection validation rejects stale day or recommendation changes
  ---
  duration_ms: 0.197543
  type: 'test'
  ...
# Subtest: W767Y runtime and board use existing receipt, workspace and progression authorities only
ok 250 - W767Y runtime and board use existing receipt, workspace and progression authorities only
  ---
  duration_ms: 6.979296
  type: 'test'
  ...
# Subtest: W768A defines seven authored collision-safe plots and six fixed resident slots
ok 251 - W768A defines seven authored collision-safe plots and six fixed resident slots
  ---
  duration_ms: 0.913417
  type: 'test'
  ...
# Subtest: W768A constrains every choice to its authored district and footprint
ok 252 - W768A constrains every choice to its authored district and footprint
  ---
  duration_ms: 0.23586
  type: 'test'
  ...
# Subtest: W768A validator rejects overlapping plots and cross-district building injection
ok 253 - W768A validator rejects overlapping plots and cross-district building injection
  ---
  duration_ms: 0.434886
  type: 'test'
  ...
# Subtest: W768A remains a data contract and cannot create another Babylon authority
ok 254 - W768A remains a data contract and cannot create another Babylon authority
  ---
  duration_ms: 0.450589
  type: 'test'
  ...
# Subtest: W768B fails closed until an exact maintained campaign receipt is explicitly confirmed
ok 255 - W768B fails closed until an exact maintained campaign receipt is explicitly confirmed
  ---
  duration_ms: 1.41371
  type: 'test'
  ...
# Subtest: W768B accepts only approved building ids and never stores supplied coordinates
ok 256 - W768B accepts only approved building ids and never stores supplied coordinates
  ---
  duration_ms: 0.613541
  type: 'test'
  ...
# Subtest: W768B invites only the authored resident after a verified character-arc receipt
ok 257 - W768B invites only the authored resident after a verified character-arc receipt
  ---
  duration_ms: 0.613972
  type: 'test'
  ...
# Subtest: W768B sanitizes persisted state against current campaign authority
ok 258 - W768B sanitizes persisted state against current campaign authority
  ---
  duration_ms: 0.705608
  type: 'test'
  ...
# Subtest: W768B is a bounded state authority and creates no renderer, network or public property system
ok 259 - W768B is a bounded state authority and creates no renderer, network or public property system
  ---
  duration_ms: 0.442838
  type: 'test'
  ...
# Subtest: W768C campaign structures require the exact finale receipt
ok 260 - W768C campaign structures require the exact finale receipt
  ---
  duration_ms: 1.497604
  type: 'test'
  ...
# Subtest: W768C productive structures require the exact maintained native outcome
ok 261 - W768C productive structures require the exact maintained native outcome
  ---
  duration_ms: 0.574303
  type: 'test'
  ...
# Subtest: W768C leaves unsupported future receipt families visibly pending
ok 262 - W768C leaves unsupported future receipt families visibly pending
  ---
  duration_ms: 0.954337
  type: 'test'
  ...
# Subtest: W768C rejects changed plans and creates no runtime or automatic action
ok 263 - W768C rejects changed plans and creates no runtime or automatic action
  ---
  duration_ms: 0.532391
  type: 'test'
  ...
# Subtest: W768D constructs only after explicit current-permit revalidation and awards no XP
ok 264 - W768D constructs only after explicit current-permit revalidation and awards no XP
  ---
  duration_ms: 2.705048
  type: 'test'
  ...
# Subtest: W768D is idempotent and prevents conflicting replacement on an occupied plot
ok 265 - W768D is idempotent and prevents conflicting replacement on an occupied plot
  ---
  duration_ms: 0.542045
  type: 'test'
  ...
# Subtest: W768D restores only independently verified construction records
ok 266 - W768D restores only independently verified construction records
  ---
  duration_ms: 0.388558
  type: 'test'
  ...
# Subtest: W768D remains a bounded ledger with no renderer, network, XP or automatic build authority
ok 267 - W768D remains a bounded ledger with no renderer, network, XP or automatic build authority
  ---
  duration_ms: 0.450219
  type: 'test'
  ...
# Subtest: W768E persists only bounded My Frontier choices and verified construction-shaped records
ok 268 - W768E persists only bounded My Frontier choices and verified construction-shaped records
  ---
  duration_ms: 3.163674
  type: 'test'
  ...
# Subtest: W768E canonical runtime revalidates unlock, planning, permits and construction without another scene
ok 269 - W768E canonical runtime revalidates unlock, planning, permits and construction without another scene
  ---
  duration_ms: 3.670763
  type: 'test'
  ...
# Subtest: W768F reveals one explicit unlock action only after the campaign receipt exists
ok 270 - W768F reveals one explicit unlock action only after the campaign receipt exists
  ---
  duration_ms: 0.85505
  type: 'test'
  ...
# Subtest: W768F truthfully summarizes planned, constructed and receipt-pending plots
ok 271 - W768F truthfully summarizes planned, constructed and receipt-pending plots
  ---
  duration_ms: 0.224974
  type: 'test'
  ...
# Subtest: W768F is a bounded projection without renderer or private content authority
ok 272 - W768F is a bounded projection without renderer or private content authority
  ---
  duration_ms: 0.388056
  type: 'test'
  ...
# Subtest: W768F is wired into the canonical mission board with one explicit unlock callback
ok 273 - W768F is wired into the canonical mission board with one explicit unlock callback
  ---
  duration_ms: 3.53437
  type: 'test'
  ...
# Subtest: W768G exposes only approved non-central building choices after My Frontier unlock
ok 274 - W768G exposes only approved non-central building choices after My Frontier unlock
  ---
  duration_ms: 1.210809
  type: 'test'
  ...
# Subtest: W768G requires deliberate plot and building selection and rejects stale current plans
ok 275 - W768G requires deliberate plot and building selection and rejects stale current plans
  ---
  duration_ms: 0.261198
  type: 'test'
  ...
# Subtest: W768G prevents re-planning a constructed plot and cross-district injection
ok 276 - W768G prevents re-planning a constructed plot and cross-district injection
  ---
  duration_ms: 0.160859
  type: 'test'
  ...
# Subtest: W768G contains no renderer, coordinates, automatic selection or construction authority
ok 277 - W768G contains no renderer, coordinates, automatic selection or construction authority
  ---
  duration_ms: 0.433374
  type: 'test'
  ...
# Subtest: W768G is wired to native selects and a separately confirmed canonical planning callback
ok 278 - W768G is wired to native selects and a separately confirmed canonical planning callback
  ---
  duration_ms: 4.409649
  type: 'test'
  ...
# Subtest: W768H distinguishes ready permits, required maintained work and pending receipt bridges
ok 279 - W768H distinguishes ready permits, required maintained work and pending receipt bridges
  ---
  duration_ms: 1.25248
  type: 'test'
  ...
# Subtest: W768H keeps a claimed native result separate from the explicit Expanse claim action
ok 280 - W768H keeps a claimed native result separate from the explicit Expanse claim action
  ---
  duration_ms: 0.285554
  type: 'test'
  ...
# Subtest: W768H revalidates exact work routing and never completes or constructs automatically
ok 281 - W768H revalidates exact work routing and never completes or constructs automatically
  ---
  duration_ms: 0.204043
  type: 'test'
  ...
# Subtest: W768H is a privacy-safe projection without renderer, XP or automatic construction authority
ok 282 - W768H is a privacy-safe projection without renderer, XP or automatic construction authority
  ---
  duration_ms: 0.407005
  type: 'test'
  ...
# Subtest: W768H remains wired to one separate review-work action
ok 283 - W768H remains wired to one separate review-work action
  ---
  duration_ms: 3.609962
  type: 'test'
  ...
# Subtest: W768I derives seven authored plots and six collision-safe road links at an isolated offset
ok 284 - W768I derives seven authored plots and six collision-safe road links at an isolated offset
  ---
  duration_ms: 1.09068
  type: 'test'
  ...
# Subtest: W768I visibility follows only the verified unlock projection
ok 285 - W768I visibility follows only the verified unlock projection
  ---
  duration_ms: 0.258164
  type: 'test'
  ...
# Subtest: W768I renderer mounts under the canonical scene without engine, scene or render-loop ownership
ok 286 - W768I renderer mounts under the canonical scene without engine, scene or render-loop ownership
  ---
  duration_ms: 0.489737
  type: 'test'
  ...
# Subtest: W768I model refuses raw coordinates and private content
ok 287 - W768I model refuses raw coordinates and private content
  ---
  duration_ms: 0.177333
  type: 'test'
  ...
# Subtest: W768I is wired through entry, return, state changes and runtime disposal
ok 288 - W768I is wired through entry, return, state changes and runtime disposal
  ---
  duration_ms: 2.969731
  type: 'test'
  ...
# Subtest: W768J renders plans only as holograms and verified records only as foundations and scaffolding
ok 289 - W768J renders plans only as holograms and verified records only as foundations and scaffolding
  ---
  duration_ms: 0.963912
  type: 'test'
  ...
# Subtest: W768J does not infer construction from a plan alone
ok 290 - W768J does not infer construction from a plan alone
  ---
  duration_ms: 0.205595
  type: 'test'
  ...
# Subtest: W768J renderer contains truthful separate visual states and no finished primitive hero
ok 291 - W768J renderer contains truthful separate visual states and no finished primitive hero
  ---
  duration_ms: 0.643005
  type: 'test'
  ...
# Subtest: W768J stores no private content and accepts no coordinates
ok 292 - W768J stores no private content and accepts no coordinates
  ---
  duration_ms: 0.168209
  type: 'test'
  ...
# Subtest: W768J runtime synchronizes plan and construction projections on every authoritative change
ok 293 - W768J runtime synchronizes plan and construction projections on every authoritative change
  ---
  duration_ms: 1.740034
  type: 'test'
  ...
# Subtest: W768K reports empty, planned and verified-foundation plot states truthfully
ok 294 - W768K reports empty, planned and verified-foundation plot states truthfully
  ---
  duration_ms: 0.980166
  type: 'test'
  ...
# Subtest: W768K requires an explicit action and rejects a stale plot token
ok 295 - W768K requires an explicit action and rejects a stale plot token
  ---
  duration_ms: 0.258254
  type: 'test'
  ...
# Subtest: W768K is wired to existing proximity and pointer interaction authority
ok 296 - W768K is wired to existing proximity and pointer interaction authority
  ---
  duration_ms: 1.742418
  type: 'test'
  ...
# Subtest: W768K inspection cannot award XP, open work automatically or expose private content
ok 297 - W768K inspection cannot award XP, open work automatically or expose private content
  ---
  duration_ms: 0.1886
  type: 'test'
  ...
# Subtest: W768L covers every approved My Frontier building with one truthful asset state
ok 298 - W768L covers every approved My Frontier building with one truthful asset state
  ---
  duration_ms: 0.912845
  type: 'test'
  ...
# Subtest: W768L ready anchors use same-origin content-hashed primary and fallback GLBs
ok 299 - W768L ready anchors use same-origin content-hashed primary and fallback GLBs
  ---
  duration_ms: 0.27597
  type: 'test'
  ...
# Subtest: W768L does not disguise missing dedicated building art as a finished primitive
ok 300 - W768L does not disguise missing dedicated building art as a finished primitive
  ---
  duration_ms: 0.163353
  type: 'test'
  ...
# Subtest: W768L stores no private content and cannot construct or suppress fallbacks automatically
ok 301 - W768L stores no private content and cannot construct or suppress fallbacks automatically
  ---
  duration_ms: 0.123974
  type: 'test'
  ...
# Subtest: W768M requests authored anchors only for verified constructed foundations
ok 302 - W768M requests authored anchors only for verified constructed foundations
  ---
  duration_ms: 0.865906
  type: 'test'
  ...
# Subtest: W768M keeps missing dedicated art visibly pending rather than using a fake hero
ok 303 - W768M keeps missing dedicated art visibly pending rather than using a fake hero
  ---
  duration_ms: 0.216312
  type: 'test'
  ...
# Subtest: W768M never loads assets from a plan alone or hides construction truth
ok 304 - W768M never loads assets from a plan alone or hides construction truth
  ---
  duration_ms: 0.151475
  type: 'test'
  ...
# Subtest: W768M has no XP, progression, automatic construction or private-content authority
ok 305 - W768M has no XP, progression, automatic construction or private-content authority
  ---
  duration_ms: 0.177584
  type: 'test'
  ...
# Subtest: W768N loads only same-origin hashed primary then fallback authored anchors
ok 306 - W768N loads only same-origin hashed primary then fallback authored anchors
  ---
  duration_ms: 0.598529
  type: 'test'
  ...
# Subtest: W768N validates mesh visibility, materials, bounds, scale, grounding and placement before presentation
ok 307 - W768N validates mesh visibility, materials, bounds, scale, grounding and placement before presentation
  ---
  duration_ms: 0.175491
  type: 'test'
  ...
# Subtest: W768N rejects stale loads, has no automatic retry and preserves construction truth
ok 308 - W768N rejects stale loads, has no automatic retry and preserves construction truth
  ---
  duration_ms: 0.189952
  type: 'test'
  ...
# Subtest: W768N is mounted by the existing renderer and owns no Engine, Scene or render loop
ok 309 - W768N is mounted by the existing renderer and owns no Engine, Scene or render loop
  ---
  duration_ms: 0.171415
  type: 'test'
  ...
# Subtest: W768N truth summary exposes no private content or remote dependencies
ok 310 - W768N truth summary exposes no private content or remote dependencies
  ---
  duration_ms: 0.122211
  type: 'test'
  ...
# Subtest: W768O exposes one explicit construction action only when permit and canonical renderer are current
ok 311 - W768O exposes one explicit construction action only when permit and canonical renderer are current
  ---
  duration_ms: 0.8012
  type: 'test'
  ...
# Subtest: W768O refuses construction when the renderer cannot prove canonical foundation presentation
ok 312 - W768O refuses construction when the renderer cannot prove canonical foundation presentation
  ---
  duration_ms: 0.123484
  type: 'test'
  ...
# Subtest: W768O rejects stale permit, receipt and renderer identities
ok 313 - W768O rejects stale permit, receipt and renderer identities
  ---
  duration_ms: 0.113829
  type: 'test'
  ...
# Subtest: W768O does not award XP, alter missions, open work or create a finished primitive hero
ok 314 - W768O does not award XP, alter missions, open work or create a finished primitive hero
  ---
  duration_ms: 0.109102
  type: 'test'
  ...
# Subtest: W768O is wired as a separate reviewed UI action through the canonical runtime
ok 315 - W768O is wired as a separate reviewed UI action through the canonical runtime
  ---
  duration_ms: 3.580658
  type: 'test'
  ...
# Subtest: W768P exposes one authored My Frontier route only after verified unlock
ok 316 - W768P exposes one authored My Frontier route only after verified unlock
  ---
  duration_ms: 1.179872
  type: 'test'
  ...
# Subtest: W768P reports arrival and removes the route action near the authored platform
ok 317 - W768P reports arrival and removes the route action near the authored platform
  ---
  duration_ms: 0.191535
  type: 'test'
  ...
# Subtest: W768P requires explicit action and rejects a changed authored target token
ok 318 - W768P requires explicit action and rejects a changed authored target token
  ---
  duration_ms: 0.797855
  type: 'test'
  ...
# Subtest: W768P never teleports, moves automatically, awards XP or creates another runtime
ok 319 - W768P never teleports, moves automatically, awards XP or creates another runtime
  ---
  duration_ms: 0.422357
  type: 'test'
  ...
# Subtest: W768P is wired to the existing EONBOT guidance controller and mission board
ok 320 - W768P is wired to the existing EONBOT guidance controller and mission board
  ---
  duration_ms: 3.567158
  type: 'test'
  ...
# Subtest: W768Q requires physical presence at the authored construction plot
ok 321 - W768Q requires physical presence at the authored construction plot
  ---
  duration_ms: 0.901709
  type: 'test'
  ...
# Subtest: W768Q rejects stale site, plot and building identities
ok 322 - W768Q rejects stale site, plot and building identities
  ---
  duration_ms: 0.239106
  type: 'test'
  ...
# Subtest: W768Q provides one bounded EONBOT inspection target without changing progression
ok 323 - W768Q provides one bounded EONBOT inspection target without changing progression
  ---
  duration_ms: 0.338353
  type: 'test'
  ...
# Subtest: W768Q forbids remote construction, teleport and additional runtime ownership
ok 324 - W768Q forbids remote construction, teleport and additional runtime ownership
  ---
  duration_ms: 0.438131
  type: 'test'
  ...
# Subtest: W768Q is wired through the canonical runtime and reviewed overlay action
ok 325 - W768Q is wired through the canonical runtime and reviewed overlay action
  ---
  duration_ms: 3.479969
  type: 'test'
  ...
# Subtest: W768R exposes terminals only for verified constructed foundations
ok 326 - W768R exposes terminals only for verified constructed foundations
  ---
  duration_ms: 0.653521
  type: 'test'
  ...
# Subtest: W768R maps every approved building route to a maintained station and surface
ok 327 - W768R maps every approved building route to a maintained station and surface
  ---
  duration_ms: 0.268849
  type: 'test'
  ...
# Subtest: W768R requires explicit action and rejects stale terminal identities
ok 328 - W768R requires explicit action and rejects stale terminal identities
  ---
  duration_ms: 0.1683
  type: 'test'
  ...
# Subtest: W768R cannot award XP, open automatically, execute work or store private content
ok 329 - W768R cannot award XP, open automatically, execute work or store private content
  ---
  duration_ms: 0.532682
  type: 'test'
  ...
# Subtest: W768R is wired through constructed-plot metadata and the canonical interaction dispatcher
ok 330 - W768R is wired through constructed-plot metadata and the canonical interaction dispatcher
  ---
  duration_ms: 3.168085
  type: 'test'
  ...
# Subtest: W768S treats restored construction as baseline and does not replay ceremonies on load
ok 331 - W768S treats restored construction as baseline and does not replay ceremonies on load
  ---
  duration_ms: 0.768822
  type: 'test'
  ...
# Subtest: W768S starts one bounded ceremony only for a newly verified foundation transition
ok 332 - W768S starts one bounded ceremony only for a newly verified foundation transition
  ---
  duration_ms: 1.114625
  type: 'test'
  ...
# Subtest: W768S reduced motion uses a brief bounded presentation and never owns rendering
ok 333 - W768S reduced motion uses a brief bounded presentation and never owns rendering
  ---
  duration_ms: 0.210413
  type: 'test'
  ...
# Subtest: W768S has no timer, network, persistence or runtime ownership
ok 334 - W768S has no timer, network, persistence or runtime ownership
  ---
  duration_ms: 0.393875
  type: 'test'
  ...
# Subtest: W768S is rendered by the canonical My Frontier renderer and existing City render loop
ok 335 - W768S is rendered by the canonical My Frontier renderer and existing City render loop
  ---
  duration_ms: 2.505532
  type: 'test'
  ...
# Subtest: W768T defines six fixed resident stations and bounded route envelopes
ok 336 - W768T defines six fixed resident stations and bounded route envelopes
  ---
  duration_ms: 0.918805
  type: 'test'
  ...
# Subtest: W768T shows only a truthful invited signal until authored character presentation exists
ok 337 - W768T shows only a truthful invited signal until authored character presentation exists
  ---
  duration_ms: 0.204905
  type: 'test'
  ...
# Subtest: W768T keeps all resident presentation hidden while My Frontier is locked
ok 338 - W768T keeps all resident presentation hidden while My Frontier is locked
  ---
  duration_ms: 0.118546
  type: 'test'
  ...
# Subtest: W768T stores no private content and owns no runtime or invitation authority
ok 339 - W768T stores no private content and owns no runtime or invitation authority
  ---
  duration_ms: 0.432653
  type: 'test'
  ...
# Subtest: W768T is mounted by the canonical My Frontier renderer without procedural resident bodies
ok 340 - W768T is mounted by the canonical My Frontier renderer without procedural resident bodies
  ---
  duration_ms: 0.361076
  type: 'test'
  ...
# Subtest: W768U reports reserved and invited-signal states without inventing a resident body
ok 341 - W768U reports reserved and invited-signal states without inventing a resident body
  ---
  duration_ms: 0.64006
  type: 'test'
  ...
# Subtest: W768U requires explicit action and rejects stale station identities
ok 342 - W768U requires explicit action and rejects stale station identities
  ---
  duration_ms: 0.187849
  type: 'test'
  ...
# Subtest: W768U remains unavailable before verified My Frontier unlock
ok 343 - W768U remains unavailable before verified My Frontier unlock
  ---
  duration_ms: 0.122842
  type: 'test'
  ...
# Subtest: W768U cannot invite, award XP, mutate missions or store private content
ok 344 - W768U cannot invite, award XP, mutate missions or store private content
  ---
  duration_ms: 0.329129
  type: 'test'
  ...
# Subtest: W768U is wired through the canonical plot renderer and shared interaction dispatcher
ok 345 - W768U is wired through the canonical plot renderer and shared interaction dispatcher
  ---
  duration_ms: 2.044146
  type: 'test'
  ...
# Subtest: W768V derives an exact resident receipt only from a completed maintained character arc
ok 346 - W768V derives an exact resident receipt only from a completed maintained character arc
  ---
  duration_ms: 2.486853
  type: 'test'
  ...
# Subtest: W768V rejects incomplete, forged and wrong-slot resident authorities
ok 347 - W768V rejects incomplete, forged and wrong-slot resident authorities
  ---
  duration_ms: 0.239235
  type: 'test'
  ...
# Subtest: W768V keeps productive resident bridges explicitly pending instead of fabricating receipts
ok 348 - W768V keeps productive resident bridges explicitly pending instead of fabricating receipts
  ---
  duration_ms: 0.129492
  type: 'test'
  ...
# Subtest: W768V reports privacy-safe availability for all six authored resident slots
ok 349 - W768V reports privacy-safe availability for all six authored resident slots
  ---
  duration_ms: 0.36346
  type: 'test'
  ...
# Subtest: W768V is wired to the one canonical City runtime for reload verification
ok 350 - W768V is wired to the one canonical City runtime for reload verification
  ---
  duration_ms: 2.669726
  type: 'test'
  ...
# Subtest: W768V is a pure authority and cannot render, persist, network or award progression
ok 351 - W768V is a pure authority and cannot render, persist, network or award progression
  ---
  duration_ms: 0.32311
  type: 'test'
  ...
# Subtest: W768W exposes one ordered explicit invitation from completed character arcs
ok 352 - W768W exposes one ordered explicit invitation from completed character arcs
  ---
  duration_ms: 1.079483
  type: 'test'
  ...
# Subtest: W768W advances to the next ready resident after a verified invitation
ok 353 - W768W advances to the next ready resident after a verified invitation
  ---
  duration_ms: 0.240567
  type: 'test'
  ...
# Subtest: W768W keeps incomplete and pending resident bridges unavailable
ok 354 - W768W keeps incomplete and pending resident bridges unavailable
  ---
  duration_ms: 0.224413
  type: 'test'
  ...
# Subtest: W768W requires explicit action and rejects stale receipt identity
ok 355 - W768W requires explicit action and rejects stale receipt identity
  ---
  duration_ms: 0.204384
  type: 'test'
  ...
# Subtest: W768W owns no runtime, persistence, progression or automatic invitation authority
ok 356 - W768W owns no runtime, persistence, progression or automatic invitation authority
  ---
  duration_ms: 0.3834
  type: 'test'
  ...
# Subtest: W768W is wired through the canonical mission board and reviewed overlay action
ok 357 - W768W is wired through the canonical mission board and reviewed overlay action
  ---
  duration_ms: 3.543614
  type: 'test'
  ...
# Subtest: W768X maps all six authored residents to maintained animated W649 policies
ok 358 - W768X maps all six authored residents to maintained animated W649 policies
  ---
  duration_ms: 1.048547
  type: 'test'
  ...
# Subtest: W768X emits no character request for reserved or receipt-less stations
ok 359 - W768X emits no character request for reserved or receipt-less stations
  ---
  duration_ms: 0.555265
  type: 'test'
  ...
# Subtest: W768X emits exact primary and fallback requests only for verified invited residents
ok 360 - W768X emits exact primary and fallback requests only for verified invited residents
  ---
  duration_ms: 0.651848
  type: 'test'
  ...
# Subtest: W768X never counts a resident body before visible authored presentation validation
ok 361 - W768X never counts a resident body before visible authored presentation validation
  ---
  duration_ms: 0.194659
  type: 'test'
  ...
# Subtest: W768X is a pure request planner with no renderer, network or persistence ownership
ok 362 - W768X is a pure request planner with no renderer, network or persistence ownership
  ---
  duration_ms: 0.934578
  type: 'test'
  ...
# Subtest: W768Y loads same-origin animated characters through primary and fallback attempts
ok 363 - W768Y loads same-origin animated characters through primary and fallback attempts
  ---
  duration_ms: 0.619771
  type: 'test'
  ...
# Subtest: W768Y validates visible meshes, materials, bounds, scale, grounding and animation groups
ok 364 - W768Y validates visible meshes, materials, bounds, scale, grounding and animation groups
  ---
  duration_ms: 0.199606
  type: 'test'
  ...
# Subtest: W768Y hides the invited signal only after accepted authored presentation
ok 365 - W768Y hides the invited signal only after accepted authored presentation
  ---
  duration_ms: 0.115662
  type: 'test'
  ...
# Subtest: W768Y rejects stale loads and never creates a procedural resident body or automatic retry
ok 366 - W768Y rejects stale loads and never creates a procedural resident body or automatic retry
  ---
  duration_ms: 0.190142
  type: 'test'
  ...
# Subtest: W768Y is mounted by the canonical My Frontier renderer and owns no runtime
ok 367 - W768Y is mounted by the canonical My Frontier renderer and owns no runtime
  ---
  duration_ms: 0.183462
  type: 'test'
  ...
# Subtest: W768Z requires explicit user action and a visibly presented matching resident
ok 368 - W768Z requires explicit user action and a visibly presented matching resident
  ---
  duration_ms: 0.619721
  type: 'test'
  ...
# Subtest: W768Z produces one bounded authored interaction action with no progression authority
ok 369 - W768Z produces one bounded authored interaction action with no progression authority
  ---
  duration_ms: 0.126128
  type: 'test'
  ...
# Subtest: W768Z presenter plays one maintained clip and returns to idle without timers
ok 370 - W768Z presenter plays one maintained clip and returns to idle without timers
  ---
  duration_ms: 0.220107
  type: 'test'
  ...
# Subtest: W768Z is exposed by the canonical renderer and invoked only after station validation
ok 371 - W768Z is exposed by the canonical renderer and invoked only after station validation
  ---
  duration_ms: 0.215279
  type: 'test'
  ...
# Subtest: W768Z creates no runtime, dialogue automation, XP or private-data path
ok 372 - W768Z creates no runtime, dialogue automation, XP or private-data path
  ---
  duration_ms: 0.321677
  type: 'test'
  ...
# Subtest: W769A exposes one exact release action for each verified invited resident
ok 373 - W769A exposes one exact release action for each verified invited resident
  ---
  duration_ms: 0.705047
  type: 'test'
  ...
# Subtest: W769A rejects locked, receipt-less and stale release requests
ok 374 - W769A rejects locked, receipt-less and stale release requests
  ---
  duration_ms: 0.2697
  type: 'test'
  ...
# Subtest: W769A validates explicit release without XP, mission or automatic authority
ok 375 - W769A validates explicit release without XP, mission or automatic authority
  ---
  duration_ms: 0.147519
  type: 'test'
  ...
# Subtest: W769A state release removes resident presentation authority and permits deliberate re-invitation
ok 376 - W769A state release removes resident presentation authority and permits deliberate re-invitation
  ---
  duration_ms: 0.440364
  type: 'test'
  ...
# Subtest: W769A is wired through the canonical mission board and reviewed overlay controls
ok 377 - W769A is wired through the canonical mission board and reviewed overlay controls
  ---
  duration_ms: 5.732505
  type: 'test'
  ...
# Subtest: W769A owns no runtime, progression, network or private-data path
ok 378 - W769A owns no runtime, progression, network or private-data path
  ---
  duration_ms: 0.239787
  type: 'test'
  ...
# Subtest: W769B defines four approved themes with fixed maintained palettes
ok 379 - W769B defines four approved themes with fixed maintained palettes
  ---
  duration_ms: 1.628328
  type: 'test'
  ...
# Subtest: W769B exposes explicit selection only when an approved theme differs from current state
ok 380 - W769B exposes explicit selection only when an approved theme differs from current state
  ---
  duration_ms: 0.26936
  type: 'test'
  ...
# Subtest: W769B rejects locked, unknown and stale theme selections
ok 381 - W769B rejects locked, unknown and stale theme selections
  ---
  duration_ms: 0.335268
  type: 'test'
  ...
# Subtest: W769B persists only approved theme IDs through My Frontier state and Expanse sanitizer
ok 382 - W769B persists only approved theme IDs through My Frontier state and Expanse sanitizer
  ---
  duration_ms: 0.505892
  type: 'test'
  ...
# Subtest: W769B is wired through the canonical mission board and reviewed theme control
ok 383 - W769B is wired through the canonical mission board and reviewed theme control
  ---
  duration_ms: 3.668874
  type: 'test'
  ...
# Subtest: W769B owns no renderer, network, progression or private-data authority
ok 384 - W769B owns no renderer, network, progression or private-data authority
  ---
  duration_ms: 0.249631
  type: 'test'
  ...
# Subtest: W769C derives a complete My Frontier material presentation for every approved theme
ok 385 - W769C derives a complete My Frontier material presentation for every approved theme
  ---
  duration_ms: 0.923076
  type: 'test'
  ...
# Subtest: W769C falls back to Signal Dawn for unknown persisted theme IDs
ok 386 - W769C falls back to Signal Dawn for unknown persisted theme IDs
  ---
  duration_ms: 0.1211
  type: 'test'
  ...
# Subtest: W769C changes only maintained My Frontier platform materials
ok 387 - W769C changes only maintained My Frontier platform materials
  ---
  duration_ms: 0.104275
  type: 'test'
  ...
# Subtest: W769C renderer applies the presentation without owning scene environment or authored asset materials
ok 388 - W769C renderer applies the presentation without owning scene environment or authored asset materials
  ---
  duration_ms: 0.530347
  type: 'test'
  ...
# Subtest: W769C owns no engine, scene, render loop, network or progression authority
ok 389 - W769C owns no engine, scene, render loop, network or progression authority
  ---
  duration_ms: 0.206937
  type: 'test'
  ...
# Subtest: W769D requires independently verified construction before any upgrade
ok 390 - W769D requires independently verified construction before any upgrade
  ---
  duration_ms: 0.955679
  type: 'test'
  ...
# Subtest: W769D issues level-two readiness only from a fresh exact native receipt after construction
ok 391 - W769D issues level-two readiness only from a fresh exact native receipt after construction
  ---
  duration_ms: 1.264418
  type: 'test'
  ...
# Subtest: W769D rejects reuse of the construction receipt and receipts predating construction
ok 392 - W769D rejects reuse of the construction receipt and receipts predating construction
  ---
  duration_ms: 0.216331
  type: 'test'
  ...
# Subtest: W769D keeps campaign and pending building families visibly unavailable until native bridges exist
ok 393 - W769D keeps campaign and pending building families visibly unavailable until native bridges exist
  ---
  duration_ms: 0.188851
  type: 'test'
  ...
# Subtest: W769D validation is explicit, stale-safe and owns no runtime or progression authority
ok 394 - W769D validation is explicit, stale-safe and owns no runtime or progression authority
  ---
  duration_ms: 0.505641
  type: 'test'
  ...
# Subtest: W769E requires explicit action and current upgrade authority
ok 395 - W769E requires explicit action and current upgrade authority
  ---
  duration_ms: 0.769573
  type: 'test'
  ...
# Subtest: W769E confirms one idempotent operational upgrade and awards no XP
ok 396 - W769E confirms one idempotent operational upgrade and awards no XP
  ---
  duration_ms: 0.656876
  type: 'test'
  ...
# Subtest: W769E independently prunes forged persisted upgrade records
ok 397 - W769E independently prunes forged persisted upgrade records
  ---
  duration_ms: 0.122382
  type: 'test'
  ...
# Subtest: W769E projects only unavailable, foundation or operational levels from canonical construction truth
ok 398 - W769E projects only unavailable, foundation or operational levels from canonical construction truth
  ---
  duration_ms: 0.678528
  type: 'test'
  ...
# Subtest: W769E owns no renderer, network, payment, progression or free-placement authority
ok 399 - W769E owns no renderer, network, payment, progression or free-placement authority
  ---
  duration_ms: 0.384181
  type: 'test'
  ...
# Subtest: W769F persistence sanitizes operational upgrade records and strips unsafe fields
ok 400 - W769F persistence sanitizes operational upgrade records and strips unsafe fields
  ---
  duration_ms: 3.140885
  type: 'test'
  ...
# Subtest: W769F canonical runtime revalidates upgrades against construction and receipt markers on reload
ok 401 - W769F canonical runtime revalidates upgrades against construction and receipt markers on reload
  ---
  duration_ms: 1.969626
  type: 'test'
  ...
# Subtest: W769F passes upgrade projection to the existing canonical My Frontier renderer
ok 402 - W769F passes upgrade projection to the existing canonical My Frontier renderer
  ---
  duration_ms: 4.094141
  type: 'test'
  ...
# Subtest: W769F keeps district upgrade explicit, non-financial and XP neutral
ok 403 - W769F keeps district upgrade explicit, non-financial and XP neutral
  ---
  duration_ms: 3.000006
  type: 'test'
  ...
# Subtest: W769G mounts bounded operational circuit and utility presentation inside each authored plot root
ok 404 - W769G mounts bounded operational circuit and utility presentation inside each authored plot root
  ---
  duration_ms: 1.455653
  type: 'test'
  ...
# Subtest: W769G enables operational presentation only from level-two upgrade projection plus verified construction
ok 405 - W769G enables operational presentation only from level-two upgrade projection plus verified construction
  ---
  duration_ms: 0.174138
  type: 'test'
  ...
# Subtest: W769G keeps foundation and scaffolding truth visible at operational level
ok 406 - W769G keeps foundation and scaffolding truth visible at operational level
  ---
  duration_ms: 0.178715
  type: 'test'
  ...
# Subtest: W769G reports district level through the maintained plot interaction without XP
ok 407 - W769G reports district level through the maintained plot interaction without XP
  ---
  duration_ms: 0.118115
  type: 'test'
  ...
# Subtest: W769G reuses the canonical renderer and owns no engine, scene or render loop
ok 408 - W769G reuses the canonical renderer and owns no engine, scene or render loop
  ---
  duration_ms: 0.171525
  type: 'test'
  ...
# Subtest: W769H mission board exposes truthful upgrade rows and only one reviewed ready action
ok 409 - W769H mission board exposes truthful upgrade rows and only one reviewed ready action
  ---
  duration_ms: 0.805467
  type: 'test'
  ...
# Subtest: W769H overlay shows an upgrade button only for the canonical reviewed action
ok 410 - W769H overlay shows an upgrade button only for the canonical reviewed action
  ---
  duration_ms: 0.230062
  type: 'test'
  ...
# Subtest: W769H revalidates plot, building, permit and receipt immediately before confirmation
ok 411 - W769H revalidates plot, building, permit and receipt immediately before confirmation
  ---
  duration_ms: 0.394276
  type: 'test'
  ...
# Subtest: W769H remains explicit, XP neutral and non-financial
ok 412 - W769H remains explicit, XP neutral and non-financial
  ---
  duration_ms: 2.057436
  type: 'test'
  ...
# Subtest: W769I requires physical presence at the authored district before upgrade confirmation
ok 413 - W769I requires physical presence at the authored district before upgrade confirmation
  ---
  duration_ms: 0.907568
  type: 'test'
  ...
# Subtest: W769I produces one bounded EONBOT inspection reaction only for a ready physical site
ok 414 - W769I produces one bounded EONBOT inspection reaction only for a ready physical site
  ---
  duration_ms: 0.178255
  type: 'test'
  ...
# Subtest: W769I validation is explicit and stale-site safe
ok 415 - W769I validation is explicit and stale-site safe
  ---
  duration_ms: 0.252104
  type: 'test'
  ...
# Subtest: W769I is wired through mission board, overlay and public runtime confirmation
ok 416 - W769I is wired through mission board, overlay and public runtime confirmation
  ---
  duration_ms: 2.65202
  type: 'test'
  ...
# Subtest: W769I owns no movement, runtime, progression or automatic upgrade authority
ok 417 - W769I owns no movement, runtime, progression or automatic upgrade authority
  ---
  duration_ms: 0.285604
  type: 'test'
  ...
# Subtest: W769J treats restored operational districts as baseline and does not replay ceremonies
ok 418 - W769J treats restored operational districts as baseline and does not replay ceremonies
  ---
  duration_ms: 0.803714
  type: 'test'
  ...
# Subtest: W769J starts one bounded ceremony only for a newly verified operational transition
ok 419 - W769J starts one bounded ceremony only for a newly verified operational transition
  ---
  duration_ms: 1.096158
  type: 'test'
  ...
# Subtest: W769J reduced motion is brief and owns no progression or render loop
ok 420 - W769J reduced motion is brief and owns no progression or render loop
  ---
  duration_ms: 0.20895
  type: 'test'
  ...
# Subtest: W769J owns no timer, persistence, network, runtime or automatic upgrade authority
ok 421 - W769J owns no timer, persistence, network, runtime or automatic upgrade authority
  ---
  duration_ms: 0.392523
  type: 'test'
  ...
# Subtest: W769J is driven by the canonical renderer and receives the real upgrade projection
ok 422 - W769J is driven by the canonical renderer and receives the real upgrade projection
  ---
  duration_ms: 1.839883
  type: 'test'
  ...
# Subtest: W770A provides one validated authored composition for all 19 approved buildings
ok 423 - W770A provides one validated authored composition for all 19 approved buildings
  ---
  duration_ms: 1.992449
  type: 'test'
  ...
# Subtest: W770A uses only same-origin content-hashed authored GLBs with fixed local transforms
ok 424 - W770A uses only same-origin content-hashed authored GLBs with fixed local transforms
  ---
  duration_ms: 0.35032
  type: 'test'
  ...
# Subtest: W770A truthfully distinguishes interim compositions from bespoke building art
ok 425 - W770A truthfully distinguishes interim compositions from bespoke building art
  ---
  duration_ms: 0.216111
  type: 'test'
  ...
# Subtest: W770A creates no runtime, network, storage, construction or free-placement authority
ok 426 - W770A creates no runtime, network, storage, construction or free-placement authority
  ---
  duration_ms: 0.389468
  type: 'test'
  ...
# Subtest: W770B requests compositions only for verified constructed foundations
ok 427 - W770B requests compositions only for verified constructed foundations
  ---
  duration_ms: 2.007922
  type: 'test'
  ...
# Subtest: W770B scales authored component requests by Lite, Balanced and Cinematic quality
ok 428 - W770B scales authored component requests by Lite, Balanced and Cinematic quality
  ---
  duration_ms: 0.21572
  type: 'test'
  ...
# Subtest: W770B preserves foundations and scaffolding until visible validation succeeds
ok 429 - W770B preserves foundations and scaffolding until visible validation succeeds
  ---
  duration_ms: 0.241859
  type: 'test'
  ...
# Subtest: W770B owns no loader, retry, construction, persistence or free-placement authority
ok 430 - W770B owns no loader, retry, construction, persistence or free-placement authority
  ---
  duration_ms: 0.414075
  type: 'test'
  ...
# Subtest: W770C loads same-origin primary then fallback GLBs for each authored part
ok 431 - W770C loads same-origin primary then fallback GLBs for each authored part
  ---
  duration_ms: 0.678347
  type: 'test'
  ...
# Subtest: W770C validates visibility, materials, bounds, scale and grounding per component
ok 432 - W770C validates visibility, materials, bounds, scale and grounding per component
  ---
  duration_ms: 0.773739
  type: 'test'
  ...
# Subtest: W770C marks a plot ready only when every required quality part is presented
ok 433 - W770C marks a plot ready only when every required quality part is presented
  ---
  duration_ms: 0.153258
  type: 'test'
  ...
# Subtest: W770C rejects stale loads and owns no retry, Engine, Scene, render loop or progression authority
ok 434 - W770C rejects stale loads and owns no retry, Engine, Scene, render loop or progression authority
  ---
  duration_ms: 0.208149
  type: 'test'
  ...
# Subtest: W770D mounts the composition presenter inside the existing canonical My Frontier renderer
ok 435 - W770D mounts the composition presenter inside the existing canonical My Frontier renderer
  ---
  duration_ms: 1.233122
  type: 'test'
  ...
# Subtest: W770D suppresses scaffolding only after all required authored composition parts validate
ok 436 - W770D suppresses scaffolding only after all required authored composition parts validate
  ---
  duration_ms: 0.14805
  type: 'test'
  ...
# Subtest: W770D prevents the legacy single-anchor presenter from duplicating a W770 composition
ok 437 - W770D prevents the legacy single-anchor presenter from duplicating a W770 composition
  ---
  duration_ms: 0.155801
  type: 'test'
  ...
# Subtest: W770D truth summary distinguishes authored compositions from unfinished bespoke art
ok 438 - W770D truth summary distinguishes authored compositions from unfinished bespoke art
  ---
  duration_ms: 0.118876
  type: 'test'
  ...
# Subtest: W770E derives art truth from the canonical renderer and adds it to the existing Mission Board
ok 439 - W770E derives art truth from the canonical renderer and adds it to the existing Mission Board
  ---
  duration_ms: 0.873828
  type: 'test'
  ...
# Subtest: W770E overlay shows presentation status and detail on existing authored plot rows
ok 440 - W770E overlay shows presentation status and detail on existing authored plot rows
  ---
  duration_ms: 0.164525
  type: 'test'
  ...
# Subtest: W770E does not add construction, retry, payment, XP or public-sharing controls
ok 441 - W770E does not add construction, retry, payment, XP or public-sharing controls
  ---
  duration_ms: 3.916186
  type: 'test'
  ...
# Subtest: W770E reports visibly presented compositions without claiming bespoke art completion
ok 442 - W770E reports visibly presented compositions without claiming bespoke art completion
  ---
  duration_ms: 1.526878
  type: 'test'
  ...
# Subtest: W770E keeps truthful fallback visible for loading and rejected required components
ok 443 - W770E keeps truthful fallback visible for loading and rejected required components
  ---
  duration_ms: 1.043951
  type: 'test'
  ...
# Subtest: W770E does not request assets for planned holograms or expose private data
ok 444 - W770E does not request assets for planned holograms or expose private data
  ---
  duration_ms: 0.139397
  type: 'test'
  ...
# Subtest: W770E owns no loader, network, persistence, retry or progression authority
ok 445 - W770E owns no loader, network, persistence, retry or progression authority
  ---
  duration_ms: 0.413474
  type: 'test'
  ...
# Subtest: W770F recovery is explicit, settled and Expanse-active only
ok 446 - W770F recovery is explicit, settled and Expanse-active only
  ---
  duration_ms: 1.272766
  type: 'test'
  ...
# Subtest: W770F recovery enforces cooldown and a maximum of three deliberate attempts
ok 447 - W770F recovery enforces cooldown and a maximum of three deliberate attempts
  ---
  duration_ms: 1.731221
  type: 'test'
  ...
# Subtest: W770F successful completion preserves truthful foundations and scaffolding policy
ok 448 - W770F successful completion preserves truthful foundations and scaffolding policy
  ---
  duration_ms: 0.354827
  type: 'test'
  ...
# Subtest: W770F presenter exposes explicit rejected-part retry without creating another runtime
ok 449 - W770F presenter exposes explicit rejected-part retry without creating another runtime
  ---
  duration_ms: 8.216945
  type: 'test'
  ...
# Subtest: W771A defines one distinct cinematic identity for all five Signal Frontier zones
ok 450 - W771A defines one distinct cinematic identity for all five Signal Frontier zones
  ---
  duration_ms: 1.621148
  type: 'test'
  ...
# Subtest: W771A requires validated authored hero assets and forbids finished hero primitives
ok 451 - W771A requires validated authored hero assets and forbids finished hero primitives
  ---
  duration_ms: 0.337522
  type: 'test'
  ...
# Subtest: W771A gives each zone a complete prop kit and restoration transformation
ok 452 - W771A gives each zone a complete prop kit and restoration transformation
  ---
  duration_ms: 0.2492
  type: 'test'
  ...
# Subtest: W771B produces a deterministic validated modular kit for all five zones
ok 453 - W771B produces a deterministic validated modular kit for all five zones
  ---
  duration_ms: 2.283672
  type: 'test'
  ...
# Subtest: W771B scales prop density by quality while preserving every zone identity
ok 454 - W771B scales prop density by quality while preserving every zone identity
  ---
  duration_ms: 1.302094
  type: 'test'
  ...
# Subtest: W771B uses primitives only as noninteractive modular environmental props
ok 455 - W771B uses primitives only as noninteractive modular environmental props
  ---
  duration_ms: 0.34986
  type: 'test'
  ...
# Subtest: W771B reserves later modules for receipt-backed restoration milestones
ok 456 - W771B reserves later modules for receipt-backed restoration milestones
  ---
  duration_ms: 0.280005
  type: 'test'
  ...
# Subtest: W771C mounts all modular environment props under one canonical scene root
ok 457 - W771C mounts all modular environment props under one canonical scene root
  ---
  duration_ms: 1.041326
  type: 'test'
  ...
# Subtest: W771C marks every module as noninteractive environment support rather than a finished hero
ok 458 - W771C marks every module as noninteractive environment support rather than a finished hero
  ---
  duration_ms: 0.188369
  type: 'test'
  ...
# Subtest: W771C reveals restoration modules only from canonical campaign progress
ok 459 - W771C reveals restoration modules only from canonical campaign progress
  ---
  duration_ms: 0.973586
  type: 'test'
  ...
# Subtest: W771C animation is reduced-motion safe and driven by the existing runtime update
ok 460 - W771C animation is reduced-motion safe and driven by the existing runtime update
  ---
  duration_ms: 0.210763
  type: 'test'
  ...
# Subtest: W771D mounts the cinematic environment kit under the existing Gateway root
ok 461 - W771D mounts the cinematic environment kit under the existing Gateway root
  ---
  duration_ms: 0.737406
  type: 'test'
  ...
# Subtest: W771D follows the existing Expanse lifecycle and render update
ok 462 - W771D follows the existing Expanse lifecycle and render update
  ---
  duration_ms: 0.163422
  type: 'test'
  ...
# Subtest: W771D projects real mission and companion progress into environmental restoration
ok 463 - W771D projects real mission and companion progress into environmental restoration
  ---
  duration_ms: 0.184744
  type: 'test'
  ...
# Subtest: W771D exposes cinematic environment truth in the existing Gateway summary
ok 464 - W771D exposes cinematic environment truth in the existing Gateway summary
  ---
  duration_ms: 0.10711
  type: 'test'
  ...
# Subtest: W771E starts all zones damaged without fabricating restoration
ok 465 - W771E starts all zones damaged without fabricating restoration
  ---
  duration_ms: 0.770985
  type: 'test'
  ...
# Subtest: W771E projects partial physical objective progress as restoring rather than restored
ok 466 - W771E projects partial physical objective progress as restoring rather than restored
  ---
  duration_ms: 0.257202
  type: 'test'
  ...
# Subtest: W771E reveals each restored state only from its canonical milestone or progress authority
ok 467 - W771E reveals each restored state only from its canonical milestone or progress authority
  ---
  duration_ms: 0.218605
  type: 'test'
  ...
# Subtest: W771E exposes bounded visual intensities and no private content
ok 468 - W771E exposes bounded visual intensities and no private content
  ---
  duration_ms: 0.155942
  type: 'test'
  ...
# Subtest: W771F derives damaged, restoring and restored visual states inside the canonical presenter
ok 469 - W771F derives damaged, restoring and restored visual states inside the canonical presenter
  ---
  duration_ms: 0.615043
  type: 'test'
  ...
# Subtest: W771F reveals restoration modules only after the zone art authority marks them restored
ok 470 - W771F reveals restoration modules only after the zone art authority marks them restored
  ---
  duration_ms: 0.126338
  type: 'test'
  ...
# Subtest: W771F adjusts existing zone material emission without replacing hero or resident materials
ok 471 - W771F adjusts existing zone material emission without replacing hero or resident materials
  ---
  duration_ms: 1.099473
  type: 'test'
  ...
# Subtest: W771F remains visual-only and creates no progression or runtime authority
ok 472 - W771F remains visual-only and creates no progression or runtime authority
  ---
  duration_ms: 0.235549
  type: 'test'
  ...
# Subtest: W772A shows one truthful identity card on first active entry
ok 473 - W772A shows one truthful identity card on first active entry
  ---
  duration_ms: 1.308985
  type: 'test'
  ...
# Subtest: W772A does not repeat a zone or spam rapid transitions
ok 474 - W772A does not repeat a zone or spam rapid transitions
  ---
  duration_ms: 0.329619
  type: 'test'
  ...
# Subtest: W772A reports restored transformation labels only from campaign progress
ok 475 - W772A reports restored transformation labels only from campaign progress
  ---
  duration_ms: 0.210563
  type: 'test'
  ...
# Subtest: W772A owns no progression, control lock or private persistence
ok 476 - W772A owns no progression, control lock or private persistence
  ---
  duration_ms: 0.143012
  type: 'test'
  ...
# Subtest: W772B uses one bounded zone-arrival director and the existing overlay banner
ok 477 - W772B uses one bounded zone-arrival director and the existing overlay banner
  ---
  duration_ms: 2.324223
  type: 'test'
  ...
# Subtest: W772B marks the initial Gateway banner and announces physical or Transit zone entry once
ok 478 - W772B marks the initial Gateway banner and announces physical or Transit zone entry once
  ---
  duration_ms: 0.671577
  type: 'test'
  ...
# Subtest: W772B derives banner restoration from live campaign and companion truth
ok 479 - W772B derives banner restoration from live campaign and companion truth
  ---
  duration_ms: 0.56506
  type: 'test'
  ...
# Subtest: W772B resets only the session announcement ledger on Hub return
ok 480 - W772B resets only the session announcement ledger on Hub return
  ---
  duration_ms: 2.148446
  type: 'test'
  ...
# Subtest: W772C covers all 34 ordered campaign objectives with one completion authority
ok 481 - W772C covers all 34 ordered campaign objectives with one completion authority
  ---
  duration_ms: 1.273992
  type: 'test'
  ...
# Subtest: W772C forbids workspace-only and fabricated completion for adventure objectives
ok 482 - W772C forbids workspace-only and fabricated completion for adventure objectives
  ---
  duration_ms: 0.169532
  type: 'test'
  ...
# Subtest: W772C derives a plain-language action and exact authority for the active objective
ok 483 - W772C derives a plain-language action and exact authority for the active objective
  ---
  duration_ms: 0.266155
  type: 'test'
  ...
# Subtest: W772C fails closed when no maintained objective authority exists
ok 484 - W772C fails closed when no maintained objective authority exists
  ---
  duration_ms: 0.117575
  type: 'test'
  ...
# Subtest: W772D derives campaign objective authority from the canonical mission board
ok 485 - W772D derives campaign objective authority from the canonical mission board
  ---
  duration_ms: 0.723164
  type: 'test'
  ...
# Subtest: W772D renders the exact authority detail beside the active objective
ok 486 - W772D renders the exact authority detail beside the active objective
  ---
  duration_ms: 0.138125
  type: 'test'
  ...
# Subtest: W772D does not create another engine, scene or render loop
ok 487 - W772D does not create another engine, scene or render loop
  ---
  duration_ms: 1.991954
  type: 'test'
  ...
# Subtest: W772E seeds without presenting a false completion
ok 488 - W772E seeds without presenting a false completion
  ---
  duration_ms: 1.959771
  type: 'test'
  ...
# Subtest: W772E presents one non-blocking objective completion with the next maintained objective
ok 489 - W772E presents one non-blocking objective completion with the next maintained objective
  ---
  duration_ms: 0.349399
  type: 'test'
  ...
# Subtest: W772E presents mission completion only after canonical completed count advances
ok 490 - W772E presents mission completion only after canonical completed count advances
  ---
  duration_ms: 0.232425
  type: 'test'
  ...
# Subtest: W772E remains silent outside Expanse and never mutates progression
ok 491 - W772E remains silent outside Expanse and never mutates progression
  ---
  duration_ms: 0.3434
  type: 'test'
  ...
# Subtest: W772F derives objective feedback only from the canonical campaign board
ok 492 - W772F derives objective feedback only from the canonical campaign board
  ---
  duration_ms: 1.121165
  type: 'test'
  ...
# Subtest: W772F seeds feedback after entry signals and resets it on Hub return
ok 493 - W772F seeds feedback after entry signals and resets it on Hub return
  ---
  duration_ms: 0.440795
  type: 'test'
  ...
# Subtest: W772F feedback adds no progression, engine, scene or render-loop authority
ok 494 - W772F feedback adds no progression, engine, scene or render-loop authority
  ---
  duration_ms: 1.291929
  type: 'test'
  ...
# Subtest: W773A reports all five authored zones with truthful art stages
ok 495 - W773A reports all five authored zones with truthful art stages
  ---
  duration_ms: 1.030881
  type: 'test'
  ...
# Subtest: W773A exposes screenshot-recognizable zone labels and bounded percentages
ok 496 - W773A exposes screenshot-recognizable zone labels and bounded percentages
  ---
  duration_ms: 0.829261
  type: 'test'
  ...
# Subtest: W773A is projection-only and stores no private content
ok 497 - W773A is projection-only and stores no private content
  ---
  duration_ms: 0.155551
  type: 'test'
  ...
# Subtest: W773B derives zone restoration from canonical world progress
ok 498 - W773B derives zone restoration from canonical world progress
  ---
  duration_ms: 0.694992
  type: 'test'
  ...
# Subtest: W773B renders all zone stages inside the existing restoration card
ok 499 - W773B renders all zone stages inside the existing restoration card
  ---
  duration_ms: 0.709514
  type: 'test'
  ...
# Subtest: W773B adds no action, progression or runtime owner
ok 500 - W773B adds no action, progression or runtime owner
  ---
  duration_ms: 1.807805
  type: 'test'
  ...
# Subtest: W773C requires an explicit verified action before exposing a capture moment
ok 501 - W773C requires an explicit verified action before exposing a capture moment
  ---
  duration_ms: 1.048337
  type: 'test'
  ...
# Subtest: W773C supports construction, operational upgrade, resident and productive moments
ok 502 - W773C supports construction, operational upgrade, resident and productive moments
  ---
  duration_ms: 0.241008
  type: 'test'
  ...
# Subtest: W773C expires safely and falls back to the maintained restoration/event moment
ok 503 - W773C expires safely and falls back to the maintained restoration/event moment
  ---
  duration_ms: 0.987566
  type: 'test'
  ...
# Subtest: W773C stores no private content and never records or publishes automatically
ok 504 - W773C stores no private content and never records or publishes automatically
  ---
  duration_ms: 0.225805
  type: 'test'
  ...
# Subtest: W773D prioritizes recent verified My Frontier moments over the maintained fallback
ok 505 - W773D prioritizes recent verified My Frontier moments over the maintained fallback
  ---
  duration_ms: 0.883532
  type: 'test'
  ...
# Subtest: W773D records moments only after successful construction, upgrade or invitation
ok 506 - W773D records moments only after successful construction, upgrade or invitation
  ---
  duration_ms: 0.838986
  type: 'test'
  ...
# Subtest: W773D clears the local capture opportunity on Hub return and adds no auto recording
ok 507 - W773D clears the local capture opportunity on Hub return and adds no auto recording
  ---
  duration_ms: 1.224959
  type: 'test'
  ...
# Subtest: W774A maps exactly the five maintained productive mission families
ok 508 - W774A maps exactly the five maintained productive mission families
  ---
  duration_ms: 0.841199
  type: 'test'
  ...
# Subtest: W774A activates only transformations backed by completed productive missions
ok 509 - W774A activates only transformations backed by completed productive missions
  ---
  duration_ms: 0.207358
  type: 'test'
  ...
# Subtest: W774A remains visual-only, non-interactive and privacy safe
ok 510 - W774A remains visual-only, non-interactive and privacy safe
  ---
  duration_ms: 0.175761
  type: 'test'
  ...
# Subtest: W774B mounts five non-interactive signals under a supplied canonical parent
ok 511 - W774B mounts five non-interactive signals under a supplied canonical parent
  ---
  duration_ms: 0.954067
  type: 'test'
  ...
# Subtest: W774B responds only to the derived completed productive mission projection
ok 512 - W774B responds only to the derived completed productive mission projection
  ---
  duration_ms: 0.20239
  type: 'test'
  ...
# Subtest: W774B uses the host update and owns no engine, scene or render loop
ok 513 - W774B uses the host update and owns no engine, scene or render loop
  ---
  duration_ms: 0.253486
  type: 'test'
  ...
# Subtest: W774C mounts productive transformations under the existing Expanse root
ok 514 - W774C mounts productive transformations under the existing Expanse root
  ---
  duration_ms: 0.806378
  type: 'test'
  ...
# Subtest: W774C applies the same canonical living-content state to stations and transformations
ok 515 - W774C applies the same canonical living-content state to stations and transformations
  ---
  duration_ms: 0.175741
  type: 'test'
  ...
# Subtest: W774C updates through the host loop and disposes with the Gateway lifecycle
ok 516 - W774C updates through the host loop and disposes with the Gateway lifecycle
  ---
  duration_ms: 1.073384
  type: 'test'
  ...
# Subtest: W774D reads productive transformation truth from the canonical Gateway summary
ok 517 - W774D reads productive transformation truth from the canonical Gateway summary
  ---
  duration_ms: 0.685698
  type: 'test'
  ...
# Subtest: W774D shows verified signal count beside productive completion without new actions
ok 518 - W774D shows verified signal count beside productive completion without new actions
  ---
  duration_ms: 0.262891
  type: 'test'
  ...
# Subtest: W774D adds no progression or runtime authority
ok 519 - W774D adds no progression or runtime authority
  ---
  duration_ms: 1.210338
  type: 'test'
  ...
# Subtest: W774E exposes a privacy-safe capture moment for an explicitly verified productive result
ok 520 - W774E exposes a privacy-safe capture moment for an explicitly verified productive result
  ---
  duration_ms: 1.208115
  type: 'test'
  ...
# Subtest: W774E records capture opportunities only after productive or Daily Signal completion succeeds
ok 521 - W774E records capture opportunities only after productive or Daily Signal completion succeeds
  ---
  duration_ms: 0.366053
  type: 'test'
  ...
# Subtest: W774E does not make capture, posting or progression automatic
ok 522 - W774E does not make capture, posting or progression automatic
  ---
  duration_ms: 1.156648
  type: 'test'
  ...
# Subtest: W775A builds a reviewed capture package with screenshot and recording choices
ok 523 - W775A builds a reviewed capture package with screenshot and recording choices
  ---
  duration_ms: 1.415032
  type: 'test'
  ...
# Subtest: W775A includes safe captions and optional QR/referral support without creating either
ok 524 - W775A includes safe captions and optional QR/referral support without creating either
  ---
  duration_ms: 0.235069
  type: 'test'
  ...
# Subtest: W775A requires privacy review and forbids automatic recording, upload or publication
ok 525 - W775A requires privacy review and forbids automatic recording, upload or publication
  ---
  duration_ms: 0.244573
  type: 'test'
  ...
# Subtest: W775A rejects invalid or stale moment identities
ok 526 - W775A rejects invalid or stale moment identities
  ---
  duration_ms: 0.130364
  type: 'test'
  ...
# Subtest: W775B validates the active moment before building the Creator Capture handoff
ok 527 - W775B validates the active moment before building the Creator Capture handoff
  ---
  duration_ms: 0.701712
  type: 'test'
  ...
# Subtest: W775B passes only the reviewed safe handoff to the maintained Creator Capture station
ok 528 - W775B passes only the reviewed safe handoff to the maintained Creator Capture station
  ---
  duration_ms: 1.377216
  type: 'test'
  ...
# Subtest: W775B does not record, upload, publish or create referral links automatically
ok 529 - W775B does not record, upload, publish or create referral links automatically
  ---
  duration_ms: 1.084711
  type: 'test'
  ...
# Subtest: W776A derives bounded damaged, restoring and restored audio profiles
ok 530 - W776A derives bounded damaged, restoring and restored audio profiles
  ---
  duration_ms: 0.887709
  type: 'test'
  ...
# Subtest: W776A applies only a subtle event influence in the active event zone
ok 531 - W776A applies only a subtle event influence in the active event zone
  ---
  duration_ms: 0.177123
  type: 'test'
  ...
# Subtest: W776A reduces event influence for reduced-sensory users and never starts audio
ok 532 - W776A reduces event influence for reduced-sensory users and never starts audio
  ---
  duration_ms: 1.059915
  type: 'test'
  ...
# Subtest: W776A fails closed to Gateway damaged state without private or invalid data
ok 533 - W776A fails closed to Gateway damaged state without private or invalid data
  ---
  duration_ms: 0.166437
  type: 'test'
  ...
# Subtest: W776B stores restoration audio truth before explicit user start
ok 534 - W776B stores restoration audio truth before explicit user start
  ---
  duration_ms: 0.867778
  type: 'test'
  ...
# Subtest: W776B applies bounded world state after explicit start without a second media runtime
ok 535 - W776B applies bounded world state after explicit start without a second media runtime
  ---
  duration_ms: 1.591874
  type: 'test'
  ...
# Subtest: W776B clamps unsafe multipliers and keeps explicit start authority
ok 536 - W776B clamps unsafe multipliers and keeps explicit start authority
  ---
  duration_ms: 0.235319
  type: 'test'
  ...
# Subtest: W776C derives zone audio from the current restoration board and dynamic event truth
ok 537 - W776C derives zone audio from the current restoration board and dynamic event truth
  ---
  duration_ms: 1.375954
  type: 'test'
  ...
# Subtest: W776C applies world audio state through the one existing Expanse audio director
ok 538 - W776C applies world audio state through the one existing Expanse audio director
  ---
  duration_ms: 1.23823
  type: 'test'
  ...
# Subtest: W776C keeps audio under explicit user-start and Hub suspend lifecycle
ok 539 - W776C keeps audio under explicit user-start and Hub suspend lifecycle
  ---
  duration_ms: 0.656575
  type: 'test'
  ...
# Subtest: W777A seeds saves and inactive worlds without replaying restoration cues
ok 540 - W777A seeds saves and inactive worlds without replaying restoration cues
  ---
  duration_ms: 1.127394
  type: 'test'
  ...
# Subtest: W777A emits one restrained cue only for forward canonical restoration changes
ok 541 - W777A emits one restrained cue only for forward canonical restoration changes
  ---
  duration_ms: 0.518781
  type: 'test'
  ...
# Subtest: W777A ignores regression and stores no private or progression state
ok 542 - W777A ignores regression and stores no private or progression state
  ---
  duration_ms: 1.136709
  type: 'test'
  ...
# Subtest: W777B refuses to start audio merely because a restoration cue exists
ok 543 - W777B refuses to start audio merely because a restoration cue exists
  ---
  duration_ms: 1.163167
  type: 'test'
  ...
# Subtest: W777B plays one bounded procedural cue only through an already-started context
ok 544 - W777B plays one bounded procedural cue only through an already-started context
  ---
  duration_ms: 1.491335
  type: 'test'
  ...
# Subtest: W777B rejects malformed and duplicate cue identities
ok 545 - W777B rejects malformed and duplicate cue identities
  ---
  duration_ms: 0.215139
  type: 'test'
  ...
# Subtest: W777C owns one restoration cue director beside the existing objective feedback director
ok 546 - W777C owns one restoration cue director beside the existing objective feedback director
  ---
  duration_ms: 1.366991
  type: 'test'
  ...
# Subtest: W777C derives cues from the same canonical zone restoration board and current zone
ok 547 - W777C derives cues from the same canonical zone restoration board and current zone
  ---
  duration_ms: 0.190123
  type: 'test'
  ...
# Subtest: W777C seeds entry and Hub return so saves never replay old restoration cues
ok 548 - W777C seeds entry and Hub return so saves never replay old restoration cues
  ---
  duration_ms: 0.953766
  type: 'test'
  ...
# Subtest: W777C adds no second Engine, Scene, audio context or render loop
ok 549 - W777C adds no second Engine, Scene, audio context or render loop
  ---
  duration_ms: 1.739764
  type: 'test'
  ...
# Subtest: W778A maps exactly the five maintained side mission families
ok 550 - W778A maps exactly the five maintained side mission families
  ---
  duration_ms: 0.626851
  type: 'test'
  ...
# Subtest: W778A activates only signals backed by canonical side completion state
ok 551 - W778A activates only signals backed by canonical side completion state
  ---
  duration_ms: 0.236601
  type: 'test'
  ...
# Subtest: W778A remains non-interactive, non-financial and progression-free
ok 552 - W778A remains non-interactive, non-financial and progression-free
  ---
  duration_ms: 0.255629
  type: 'test'
  ...
# Subtest: W778B mounts side-mission memories under a supplied canonical parent
ok 553 - W778B mounts side-mission memories under a supplied canonical parent
  ---
  duration_ms: 0.622635
  type: 'test'
  ...
# Subtest: W778B responds only to the canonical side completion projection
ok 554 - W778B responds only to the canonical side completion projection
  ---
  duration_ms: 0.159467
  type: 'test'
  ...
# Subtest: W778B uses host updates and owns no engine, scene, interaction or render loop
ok 555 - W778B uses host updates and owns no engine, scene, interaction or render loop
  ---
  duration_ms: 0.173618
  type: 'test'
  ...
# Subtest: W778C mounts side transformations under the existing canonical Gateway root
ok 556 - W778C mounts side transformations under the existing canonical Gateway root
  ---
  duration_ms: 1.628058
  type: 'test'
  ...
# Subtest: W778C applies the same canonical living-content state to activities and both transformation presenters
ok 557 - W778C applies the same canonical living-content state to activities and both transformation presenters
  ---
  duration_ms: 0.189241
  type: 'test'
  ...
# Subtest: W778C updates and disposes through the existing Gateway lifecycle
ok 558 - W778C updates and disposes through the existing Gateway lifecycle
  ---
  duration_ms: 1.316926
  type: 'test'
  ...
# Subtest: W778D reads side transformation truth from the canonical Gateway summary
ok 559 - W778D reads side transformation truth from the canonical Gateway summary
  ---
  duration_ms: 1.031953
  type: 'test'
  ...
# Subtest: W778D surfaces side-mission memories beside the existing side mission total
ok 560 - W778D surfaces side-mission memories beside the existing side mission total
  ---
  duration_ms: 0.25606
  type: 'test'
  ...
# Subtest: W778D adds no action, XP or runtime owner
ok 561 - W778D adds no action, XP or runtime owner
  ---
  duration_ms: 1.383305
  type: 'test'
  ...
# Subtest: W779A remains hidden until the canonical Signal Frontier campaign is complete
ok 562 - W779A remains hidden until the canonical Signal Frontier campaign is complete
  ---
  duration_ms: 0.827179
  type: 'test'
  ...
# Subtest: W779A summarizes five maintained post-campaign pillars without inventing progress
ok 563 - W779A summarizes five maintained post-campaign pillars without inventing progress
  ---
  duration_ms: 0.373665
  type: 'test'
  ...
# Subtest: W779A marks future-region foundation ready only after every maintained pillar and restoration are complete
ok 564 - W779A marks future-region foundation ready only after every maintained pillar and restoration are complete
  ---
  duration_ms: 1.056319
  type: 'test'
  ...
# Subtest: W779A is projection-only and stores no private or progression authority
ok 565 - W779A is projection-only and stores no private or progression authority
  ---
  duration_ms: 0.180488
  type: 'test'
  ...
# Subtest: W779B derives post-campaign progress from canonical campaign, world, My Frontier and living-content state
ok 566 - W779B derives post-campaign progress from canonical campaign, world, My Frontier and living-content state
  ---
  duration_ms: 1.096388
  type: 'test'
  ...
# Subtest: W779B reuses the existing frontier card when no active reviewed contract exists
ok 567 - W779B reuses the existing frontier card when no active reviewed contract exists
  ---
  duration_ms: 0.3231
  type: 'test'
  ...
# Subtest: W779B does not add an automatic future-region action or a new runtime owner
ok 568 - W779B does not add an automatic future-region action or a new runtime owner
  ---
  duration_ms: 1.182166
  type: 'test'
  ...
# Subtest: W780A defines the eight approved future-region families from the master programme
ok 569 - W780A defines the eight approved future-region families from the master programme
  ---
  duration_ms: 1.452037
  type: 'test'
  ...
# Subtest: W780A gives every future region authored art, environmental, audio and mission requirements
ok 570 - W780A gives every future region authored art, environmental, audio and mission requirements
  ---
  duration_ms: 0.987697
  type: 'test'
  ...
# Subtest: W780A keeps every future region locked and forbids primitive hero presentation
ok 571 - W780A keeps every future region locked and forbids primitive hero presentation
  ---
  duration_ms: 0.232025
  type: 'test'
  ...
# Subtest: W780A resolves only maintained region IDs
ok 572 - W780A resolves only maintained region IDs
  ---
  duration_ms: 0.188009
  type: 'test'
  ...
# Subtest: W780B remains hidden before canonical post-campaign visibility
ok 573 - W780B remains hidden before canonical post-campaign visibility
  ---
  duration_ms: 1.337106
  type: 'test'
  ...
# Subtest: W780B shows all authored programmes as locked until maintained pillars are complete
ok 574 - W780B shows all authored programmes as locked until maintained pillars are complete
  ---
  duration_ms: 0.270111
  type: 'test'
  ...
# Subtest: W780B deterministically recommends one authored programme only after readiness
ok 575 - W780B deterministically recommends one authored programme only after readiness
  ---
  duration_ms: 0.244933
  type: 'test'
  ...
# Subtest: W780B never unlocks, renders, rewards or persists a future region
ok 576 - W780B never unlocks, renders, rewards or persists a future region
  ---
  duration_ms: 0.125126
  type: 'test'
  ...
# Subtest: W780C derives the future-region programme from canonical post-campaign state and world seed
ok 577 - W780C derives the future-region programme from canonical post-campaign state and world seed
  ---
  duration_ms: 0.730095
  type: 'test'
  ...
# Subtest: W780C surfaces programme readiness through the existing frontier card
ok 578 - W780C surfaces programme readiness through the existing frontier card
  ---
  duration_ms: 0.24202
  type: 'test'
  ...
# Subtest: W780C adds no automatic unlock action or second runtime owner
ok 579 - W780C adds no automatic unlock action or second runtime owner
  ---
  duration_ms: 1.096619
  type: 'test'
  ...
# Subtest: W781A marks procedural interactive buildings and ambient bodies as development proxies
ok 580 - W781A marks procedural interactive buildings and ambient bodies as development proxies
  ---
  duration_ms: 0.753079
  type: 'test'
  ...
# Subtest: W781A preserves primitive interaction targets and distant silhouettes as bounded exceptions
ok 581 - W781A preserves primitive interaction targets and distant silhouettes as bounded exceptions
  ---
  duration_ms: 0.223071
  type: 'test'
  ...
# Subtest: W781A blocks release certification while development proxies remain
ok 582 - W781A blocks release certification while development proxies remain
  ---
  duration_ms: 0.120499
  type: 'test'
  ...
# Subtest: W781A audit is diagnostic only and never certifies automatically
ok 583 - W781A audit is diagnostic only and never certifies automatically
  ---
  duration_ms: 0.104886
  type: 'test'
  ...
# Subtest: W781B blocks release before maintained post-campaign readiness
ok 584 - W781B blocks release before maintained post-campaign readiness
  ---
  duration_ms: 0.61971
  type: 'test'
  ...
# Subtest: W781B blocks release while deterministic development proxies remain
ok 585 - W781B blocks release while deterministic development proxies remain
  ---
  duration_ms: 0.123483
  type: 'test'
  ...
# Subtest: W781B still requires an exact authored package certification after proxy replacement
ok 586 - W781B still requires an exact authored package certification after proxy replacement
  ---
  duration_ms: 0.914768
  type: 'test'
  ...
# Subtest: W781B accepts only a certification matching the recommended maintained region
ok 587 - W781B accepts only a certification matching the recommended maintained region
  ---
  duration_ms: 0.145636
  type: 'test'
  ...
# Subtest: W781B never activates a gateway or mutates progression itself
ok 588 - W781B never activates a gateway or mutates progression itself
  ---
  duration_ms: 0.116092
  type: 'test'
  ...
# Subtest: W781C derives presentation audit and release gate from the canonical open-world summary
ok 589 - W781C derives presentation audit and release gate from the canonical open-world summary
  ---
  duration_ms: 0.784786
  type: 'test'
  ...
# Subtest: W781C surfaces proxy blockers and release status through the existing frontier card
ok 590 - W781C surfaces proxy blockers and release status through the existing frontier card
  ---
  duration_ms: 0.179947
  type: 'test'
  ...
# Subtest: W781C adds no release button, gateway activation or second runtime
ok 591 - W781C adds no release button, gateway activation or second runtime
  ---
  duration_ms: 0.920818
  type: 'test'
  ...
# Subtest: W782A exposes the continuity estimate and quality budget through the canonical renderer summary
ok 592 - W782A exposes the continuity estimate and quality budget through the canonical renderer summary
  ---
  duration_ms: 0.627602
  type: 'test'
  ...
# Subtest: W782A can pass static budgets without claiming foreground certification
ok 593 - W782A can pass static budgets without claiming foreground certification
  ---
  duration_ms: 0.327796
  type: 'test'
  ...
# Subtest: W782A rejects exceeded static budgets before browser certification
ok 594 - W782A rejects exceeded static budgets before browser certification
  ---
  duration_ms: 0.12795
  type: 'test'
  ...
# Subtest: W782A requires foreground telemetry and repeated Hub to Expanse soak together
ok 595 - W782A requires foreground telemetry and repeated Hub to Expanse soak together
  ---
  duration_ms: 0.140519
  type: 'test'
  ...
# Subtest: W782A never accepts background throttling reports as certification
ok 596 - W782A never accepts background throttling reports as certification
  ---
  duration_ms: 0.171645
  type: 'test'
  ...
# Subtest: W782B derives readiness from the canonical open-world summary and separately verified browser evidence
ok 597 - W782B derives readiness from the canonical open-world summary and separately verified browser evidence
  ---
  duration_ms: 1.146033
  type: 'test'
  ...
# Subtest: W782B surfaces static and foreground performance gates through the existing frontier card
ok 598 - W782B surfaces static and foreground performance gates through the existing frontier card
  ---
  duration_ms: 0.162361
  type: 'test'
  ...
# Subtest: W782B does not claim browser certification or add another runtime owner
ok 599 - W782B does not claim browser certification or add another runtime owner
  ---
  duration_ms: 0.642554
  type: 'test'
  ...
# Subtest: W783A exposes one explicit review action only after programme readiness
ok 600 - W783A exposes one explicit review action only after programme readiness
  ---
  duration_ms: 0.762963
  type: 'test'
  ...
# Subtest: W783A rejects stale review identity before persistence
ok 601 - W783A rejects stale review identity before persistence
  ---
  duration_ms: 0.167008
  type: 'test'
  ...
# Subtest: W783A persists only a sanitized reviewed programme without activating it
ok 602 - W783A persists only a sanitized reviewed programme without activating it
  ---
  duration_ms: 0.437489
  type: 'test'
  ...
# Subtest: W783A sanitizer rejects unknown, malformed or private programme state
ok 603 - W783A sanitizer rejects unknown, malformed or private programme state
  ---
  duration_ms: 0.136212
  type: 'test'
  ...
# Subtest: W783B persists only a maintained reviewed future-region programme
ok 604 - W783B persists only a maintained reviewed future-region programme
  ---
  duration_ms: 3.071592
  type: 'test'
  ...
# Subtest: W783B drops malformed or unknown programme review state during reload
ok 605 - W783B drops malformed or unknown programme review state during reload
  ---
  duration_ms: 0.366224
  type: 'test'
  ...
# Subtest: W783B state validation rejects any programme state claiming activation or release
ok 606 - W783B state validation rejects any programme state claiming activation or release
  ---
  duration_ms: 0.737035
  type: 'test'
  ...
# Subtest: W783C rederives and validates the current programme immediately before review
ok 607 - W783C rederives and validates the current programme immediately before review
  ---
  duration_ms: 0.901539
  type: 'test'
  ...
# Subtest: W783C persists reviewed state without activating a gateway or rendering a region
ok 608 - W783C persists reviewed state without activating a gateway or rendering a region
  ---
  duration_ms: 0.978133
  type: 'test'
  ...
# Subtest: W783C exposes one explicit review button and then reports reviewed-not-unlocked truth
ok 609 - W783C exposes one explicit review button and then reports reviewed-not-unlocked truth
  ---
  duration_ms: 0.211213
  type: 'test'
  ...
# Subtest: W783C keeps one canonical Engine, Scene and render loop
ok 610 - W783C keeps one canonical Engine, Scene and render loop
  ---
  duration_ms: 0.835451
  type: 'test'
  ...
# Subtest: W784A defaults deterministic development previews off in the release runtime
ok 611 - W784A defaults deterministic development previews off in the release runtime
  ---
  duration_ms: 0.674883
  type: 'test'
  ...
# Subtest: W784A disables collisions for hidden development buildings while preserving explicit markers
ok 612 - W784A disables collisions for hidden development buildings while preserving explicit markers
  ---
  duration_ms: 0.160448
  type: 'test'
  ...
# Subtest: W784A reports visible development proxies separately from unresolved authored replacements
ok 613 - W784A reports visible development proxies separately from unresolved authored replacements
  ---
  duration_ms: 0.207318
  type: 'test'
  ...
# Subtest: W784A preserves terrain, routes, distant silhouettes and reviewed contract gameplay
ok 614 - W784A preserves terrain, routes, distant silhouettes and reviewed contract gameplay
  ---
  duration_ms: 0.240297
  type: 'test'
  ...
# Subtest: W784B distinguishes hidden unresolved proxies from proxies still visible to users
ok 615 - W784B distinguishes hidden unresolved proxies from proxies still visible to users
  ---
  duration_ms: 0.661923
  type: 'test'
  ...
# Subtest: W784B fails release-presentation safety if even one development proxy is visible
ok 616 - W784B fails release-presentation safety if even one development proxy is visible
  ---
  duration_ms: 0.119748
  type: 'test'
  ...
# Subtest: W784B tells the mission board both unresolved and visible development counts
ok 617 - W784B tells the mission board both unresolved and visible development counts
  ---
  duration_ms: 0.823924
  type: 'test'
  ...
# Subtest: W785A derives exact authored package requirements from the maintained region catalog
ok 618 - W785A derives exact authored package requirements from the maintained region catalog
  ---
  duration_ms: 1.473849
  type: 'test'
  ...
# Subtest: W785A accepts only a complete exact authored region package receipt
ok 619 - W785A accepts only a complete exact authored region package receipt
  ---
  duration_ms: 0.554083
  type: 'test'
  ...
# Subtest: W785A rejects missing hero art, browser evidence or foreground profile proof
ok 620 - W785A rejects missing hero art, browser evidence or foreground profile proof
  ---
  duration_ms: 0.422928
  type: 'test'
  ...
# Subtest: W785A rejects any release proxy, private content or second runtime authority
ok 621 - W785A rejects any release proxy, private content or second runtime authority
  ---
  duration_ms: 0.161319
  type: 'test'
  ...
# Subtest: W785B remains hidden until a future-region programme is explicitly reviewed
ok 622 - W785B remains hidden until a future-region programme is explicitly reviewed
  ---
  duration_ms: 0.917072
  type: 'test'
  ...
# Subtest: W785B exposes seven exact evidence families for a reviewed region
ok 623 - W785B exposes seven exact evidence families for a reviewed region
  ---
  duration_ms: 0.325303
  type: 'test'
  ...
# Subtest: W785B cannot activate or render a region even after package certification
ok 624 - W785B cannot activate or render a region even after package certification
  ---
  duration_ms: 0.191294
  type: 'test'
  ...
# Subtest: W785C derives package readiness from the reviewed programme inside the canonical runtime
ok 625 - W785C derives package readiness from the reviewed programme inside the canonical runtime
  ---
  duration_ms: 1.250417
  type: 'test'
  ...
# Subtest: W785C includes package readiness in the overlay render signature
ok 626 - W785C includes package readiness in the overlay render signature
  ---
  duration_ms: 0.118866
  type: 'test'
  ...
# Subtest: W785C surfaces the evidence count without adding certification or gateway actions
ok 627 - W785C surfaces the evidence count without adding certification or gateway actions
  ---
  duration_ms: 0.274248
  type: 'test'
  ...
# Subtest: W786A stays hidden before the maintained post-campaign frontier exists
ok 628 - W786A stays hidden before the maintained post-campaign frontier exists
  ---
  duration_ms: 0.651568
  type: 'test'
  ...
# Subtest: W786A exposes six independent release gates
ok 629 - W786A exposes six independent release gates
  ---
  duration_ms: 0.287877
  type: 'test'
  ...
# Subtest: W786A becomes ready only when all maintained evidence gates are complete
ok 630 - W786A becomes ready only when all maintained evidence gates are complete
  ---
  duration_ms: 0.955739
  type: 'test'
  ...
# Subtest: W786A never activates, renders or releases a region automatically
ok 631 - W786A never activates, renders or releases a region automatically
  ---
  duration_ms: 0.186857
  type: 'test'
  ...
# Subtest: W786B derives the release matrix from all six maintained authorities
ok 632 - W786B derives the release matrix from all six maintained authorities
  ---
  duration_ms: 0.884864
  type: 'test'
  ...
# Subtest: W786B includes release matrix truth in the stable overlay signature
ok 633 - W786B includes release matrix truth in the stable overlay signature
  ---
  duration_ms: 0.246657
  type: 'test'
  ...
# Subtest: W786B adds no gateway activation or automatic release control
ok 634 - W786B adds no gateway activation or automatic release control
  ---
  duration_ms: 0.878725
  type: 'test'
  ...
# Subtest: W787A exports only bounded certification evidence
ok 635 - W787A exports only bounded certification evidence
  ---
  duration_ms: 2.064136
  type: 'test'
  ...
# Subtest: W787A never claims certification or activates a gateway
ok 636 - W787A never claims certification or activates a gateway
  ---
  duration_ms: 0.189481
  type: 'test'
  ...
# Subtest: W787A serializes a stable JSON evidence package
ok 637 - W787A serializes a stable JSON evidence package
  ---
  duration_ms: 1.209857
  type: 'test'
  ...
# Subtest: W787B refreshes privacy-safe evidence from the current release authorities
ok 638 - W787B refreshes privacy-safe evidence from the current release authorities
  ---
  duration_ms: 0.899496
  type: 'test'
  ...
# Subtest: W787B exposes read-only evidence and requires explicit action for JSON export
ok 639 - W787B exposes read-only evidence and requires explicit action for JSON export
  ---
  duration_ms: 0.511579
  type: 'test'
  ...
# Subtest: W787B does not add another engine, scene or release action
ok 640 - W787B does not add another engine, scene or release action
  ---
  duration_ms: 1.098041
  type: 'test'
  ...
# Subtest: W788A exposes final review only after all evidence and exact package certification
ok 641 - W788A exposes final review only after all evidence and exact package certification
  ---
  duration_ms: 0.971032
  type: 'test'
  ...
# Subtest: W788A rejects stale region, gateway, digest and token identity
ok 642 - W788A rejects stale region, gateway, digest and token identity
  ---
  duration_ms: 0.204264
  type: 'test'
  ...
# Subtest: W788A confirmation persists review truth while keeping the gateway locked
ok 643 - W788A confirmation persists review truth while keeping the gateway locked
  ---
  duration_ms: 0.199216
  type: 'test'
  ...
# Subtest: W788A sanitizer strips private or activation claims
ok 644 - W788A sanitizer strips private or activation claims
  ---
  duration_ms: 0.122562
  type: 'test'
  ...
# Subtest: W788B persists only a sanitized release review while keeping the gateway locked
ok 645 - W788B persists only a sanitized release review while keeping the gateway locked
  ---
  duration_ms: 3.772143
  type: 'test'
  ...
# Subtest: W788B drops malformed digest or unknown region state during reload
ok 646 - W788B drops malformed digest or unknown region state during reload
  ---
  duration_ms: 1.127355
  type: 'test'
  ...
# Subtest: W788B state validation rejects release review activation claims
ok 647 - W788B state validation rejects release review activation claims
  ---
  duration_ms: 0.284092
  type: 'test'
  ...
# Subtest: W789A normalizes only an exact complete package receipt
ok 648 - W789A normalizes only an exact complete package receipt
  ---
  duration_ms: 1.880453
  type: 'test'
  ...
# Subtest: W789A rejects partial or forged package evidence
ok 649 - W789A rejects partial or forged package evidence
  ---
  duration_ms: 0.267427
  type: 'test'
  ...
# Subtest: W789A persisted state cannot claim activation, rendering or private content
ok 650 - W789A persisted state cannot claim activation, rendering or private content
  ---
  duration_ms: 0.258925
  type: 'test'
  ...
# Subtest: W789B revalidates and persists a complete normalized package receipt
ok 651 - W789B revalidates and persists a complete normalized package receipt
  ---
  duration_ms: 3.637813
  type: 'test'
  ...
# Subtest: W789B drops partial package certification during reload
ok 652 - W789B drops partial package certification during reload
  ---
  duration_ms: 0.402438
  type: 'test'
  ...
# Subtest: W789B state validation rejects package activation claims
ok 653 - W789B state validation rejects package activation claims
  ---
  duration_ms: 0.207328
  type: 'test'
  ...
# Subtest: W789C revalidates persisted package certification against the reviewed maintained region
ok 654 - W789C revalidates persisted package certification against the reviewed maintained region
  ---
  duration_ms: 0.717425
  type: 'test'
  ...
# Subtest: W789C accepts certification only through explicit reviewed-region submission
ok 655 - W789C accepts certification only through explicit reviewed-region submission
  ---
  duration_ms: 0.431892
  type: 'test'
  ...
# Subtest: W789C submission persists evidence but cannot activate or render the region
ok 656 - W789C submission persists evidence but cannot activate or render the region
  ---
  duration_ms: 0.638609
  type: 'test'
  ...
# Subtest: W790A stores bounded foreground and soak metrics only
ok 657 - W790A stores bounded foreground and soak metrics only
  ---
  duration_ms: 0.817594
  type: 'test'
  ...
# Subtest: W790A rejects background, malformed and second-runtime evidence
ok 658 - W790A rejects background, malformed and second-runtime evidence
  ---
  duration_ms: 0.176512
  type: 'test'
  ...
# Subtest: W790A revalidates quality profile and exact build digest
ok 659 - W790A revalidates quality profile and exact build digest
  ---
  duration_ms: 0.882221
  type: 'test'
  ...
# Subtest: W790B persists normalized foreground evidence and strips raw diagnostics
ok 660 - W790B persists normalized foreground evidence and strips raw diagnostics
  ---
  duration_ms: 3.835116
  type: 'test'
  ...
# Subtest: W790B drops background or malformed performance evidence
ok 661 - W790B drops background or malformed performance evidence
  ---
  duration_ms: 1.53514
  type: 'test'
  ...
# Subtest: W790B state validation rejects second-runtime or automatic-certification claims
ok 662 - W790B state validation rejects second-runtime or automatic-certification claims
  ---
  duration_ms: 0.247638
  type: 'test'
  ...
# Subtest: W790C counts performance evidence only after current-candidate verification
ok 663 - W790C counts performance evidence only after current-candidate verification
  ---
  duration_ms: 0.932415
  type: 'test'
  ...
# Subtest: W790C verifies the exact served candidate digest before persistence
ok 664 - W790C verifies the exact served candidate digest before persistence
  ---
  duration_ms: 0.703565
  type: 'test'
  ...
# Subtest: W790C requires explicit revalidation after reload and cannot certify or activate
ok 665 - W790C requires explicit revalidation after reload and cannot certify or activate
  ---
  duration_ms: 0.704546
  type: 'test'
  ...
# Subtest: W791A derives final review only from current matrix, package and persisted review truth
ok 666 - W791A derives final review only from current matrix, package and persisted review truth
  ---
  duration_ms: 0.809343
  type: 'test'
  ...
# Subtest: W791A exposes exact owner review with stale digest and token validation
ok 667 - W791A exposes exact owner review with stale digest and token validation
  ---
  duration_ms: 0.506502
  type: 'test'
  ...
# Subtest: W791A surfaces review truth without adding a public release button or activation
ok 668 - W791A surfaces review truth without adding a public release button or activation
  ---
  duration_ms: 0.361187
  type: 'test'
  ...
# Subtest: W792A package contains three authored heroes with exact LOD policy
ok 669 - W792A package contains three authored heroes with exact LOD policy
  ---
  duration_ms: 1.157159
  type: 'test'
  ...
# Subtest: W792A quality profiles select deterministic LODs
ok 670 - W792A quality profiles select deterministic LODs
  ---
  duration_ms: 1.560518
  type: 'test'
  ...
# Subtest: W792A rejects proxy, autoplay and runtime ownership claims
ok 671 - W792A rejects proxy, autoplay and runtime ownership claims
  ---
  duration_ms: 0.343069
  type: 'test'
  ...
# Subtest: W792B creates collision-safe authored layouts for all quality profiles
ok 672 - W792B creates collision-safe authored layouts for all quality profiles
  ---
  duration_ms: 1.596291
  type: 'test'
  ...
# Subtest: W792B rejects raw-coordinate and second-runtime authority
ok 673 - W792B rejects raw-coordinate and second-runtime authority
  ---
  duration_ms: 0.37663
  type: 'test'
  ...
# Subtest: W792B resolves authored region zones from world position
ok 674 - W792B resolves authored region zones from world position
  ---
  duration_ms: 0.214198
  type: 'test'
  ...
# Subtest: W792C presenter mounts under the canonical scene without owning runtime
ok 675 - W792C presenter mounts under the canonical scene without owning runtime
  ---
  duration_ms: 0.754741
  type: 'test'
  ...
# Subtest: W792C exact activation and package digest are mandatory
ok 676 - W792C exact activation and package digest are mandatory
  ---
  duration_ms: 0.15484
  type: 'test'
  ...
# Subtest: W792C validates authored heroes and disposes stale or inactive loads
ok 677 - W792C validates authored heroes and disposes stale or inactive loads
  ---
  duration_ms: 0.159076
  type: 'test'
  ...
# Subtest: W792C uses authored hero GLBs while primitives remain connector-only
ok 678 - W792C uses authored hero GLBs while primitives remain connector-only
  ---
  duration_ms: 0.11391
  type: 'test'
  ...
# Subtest: W793A activation requires exact release, package, performance and owner evidence
ok 679 - W793A activation requires exact release, package, performance and owner evidence
  ---
  duration_ms: 2.150474
  type: 'test'
  ...
# Subtest: W793A stale or incomplete evidence cannot activate
ok 680 - W793A stale or incomplete evidence cannot activate
  ---
  duration_ms: 0.288028
  type: 'test'
  ...
# Subtest: W793A validates a stale-proof token then persists gateway-only activation
ok 681 - W793A validates a stale-proof token then persists gateway-only activation
  ---
  duration_ms: 0.381967
  type: 'test'
  ...
# Subtest: W793A sanitizer rejects forged rendered and automatic state
ok 682 - W793A sanitizer rejects forged rendered and automatic state
  ---
  duration_ms: 0.131626
  type: 'test'
  ...
# Subtest: W793B persists only normalized gateway activation state
ok 683 - W793B persists only normalized gateway activation state
  ---
  duration_ms: 3.324157
  type: 'test'
  ...
# Subtest: W793B drops forged rendered or automatic activation state
ok 684 - W793B drops forged rendered or automatic activation state
  ---
  duration_ms: 1.186412
  type: 'test'
  ...
# Subtest: W793B foundation validation accepts gateway-only state and rejects unsafe claims
ok 685 - W793B foundation validation accepts gateway-only state and rejects unsafe claims
  ---
  duration_ms: 0.273466
  type: 'test'
  ...
# Subtest: W793C canonical runtime derives activation from exact evidence only
ok 686 - W793C canonical runtime derives activation from exact evidence only
  ---
  duration_ms: 0.907849
  type: 'test'
  ...
# Subtest: W793C owner authorization is explicit, validated and persisted as gateway-only state
ok 687 - W793C owner authorization is explicit, validated and persisted as gateway-only state
  ---
  duration_ms: 0.796924
  type: 'test'
  ...
# Subtest: W793C adds no public gateway opening or second runtime authority
ok 688 - W793C adds no public gateway opening or second runtime authority
  ---
  duration_ms: 2.377151
  type: 'test'
  ...
# Subtest: W794A remains locked until exact gateway activation exists
ok 689 - W794A remains locked until exact gateway activation exists
  ---
  duration_ms: 1.688979
  type: 'test'
  ...
# Subtest: W794A entry and return require explicit user actions and complete through bounded transitions
ok 690 - W794A entry and return require explicit user actions and complete through bounded transitions
  ---
  duration_ms: 0.588063
  type: 'test'
  ...
# Subtest: W794A never grants XP or travels automatically
ok 691 - W794A never grants XP or travels automatically
  ---
  duration_ms: 0.193006
  type: 'test'
  ...
# Subtest: W794B mounts an authored gateway only after exact activation
ok 692 - W794B mounts an authored gateway only after exact activation
  ---
  duration_ms: 0.637417
  type: 'test'
  ...
# Subtest: W794B interaction exists only after visible authored validation
ok 693 - W794B interaction exists only after visible authored validation
  ---
  duration_ms: 0.210753
  type: 'test'
  ...
# Subtest: W794B preserves the canonical runtime and disposes stale loads
ok 694 - W794B preserves the canonical runtime and disposes stale loads
  ---
  duration_ms: 0.239555
  type: 'test'
  ...
# Subtest: W794C mounts Storm Sector gateway in the canonical Gateway root
ok 695 - W794C mounts Storm Sector gateway in the canonical Gateway root
  ---
  duration_ms: 1.164399
  type: 'test'
  ...
# Subtest: W794C routes only visibly authored gateway interactions through the canonical dispatcher
ok 696 - W794C routes only visibly authored gateway interactions through the canonical dispatcher
  ---
  duration_ms: 0.26909
  type: 'test'
  ...
# Subtest: W794C exposes activation, update, summary and disposal lifecycle
ok 697 - W794C exposes activation, update, summary and disposal lifecycle
  ---
  duration_ms: 0.999204
  type: 'test'
  ...
# Subtest: W794D mounts one dormant Storm Sector presenter and one transient journey controller
ok 698 - W794D mounts one dormant Storm Sector presenter and one transient journey controller
  ---
  duration_ms: 1.023981
  type: 'test'
  ...
# Subtest: W794D revalidates authored gateway identity before explicit entry
ok 699 - W794D revalidates authored gateway identity before explicit entry
  ---
  duration_ms: 0.551999
  type: 'test'
  ...
# Subtest: W794D transitions by disabling Signal Frontier and activating Storm Sector in the same scene
ok 700 - W794D transitions by disabling Signal Frontier and activating Storm Sector in the same scene
  ---
  duration_ms: 1.823999
  type: 'test'
  ...
# Subtest: W794D keeps owner activation and runtime presentation synchronized
ok 701 - W794D keeps owner activation and runtime presentation synchronized
  ---
  duration_ms: 2.833118
  type: 'test'
  ...
# Subtest: W795A defines three ordered authored mission families
ok 702 - W795A defines three ordered authored mission families
  ---
  duration_ms: 1.512557
  type: 'test'
  ...
# Subtest: W795A requires explicit ordered interactions and unique receipts
ok 703 - W795A requires explicit ordered interactions and unique receipts
  ---
  duration_ms: 1.183789
  type: 'test'
  ...
# Subtest: W795A completes only after all nine canonical actions
ok 704 - W795A completes only after all nine canonical actions
  ---
  duration_ms: 0.883803
  type: 'test'
  ...
# Subtest: W795A prunes forged, private and out-of-order persisted state
ok 705 - W795A prunes forged, private and out-of-order persisted state
  ---
  duration_ms: 0.20194
  type: 'test'
  ...
# Subtest: W795B mounts bounded mission markers and an explicit return terminal
ok 706 - W795B mounts bounded mission markers and an explicit return terminal
  ---
  duration_ms: 0.721341
  type: 'test'
  ...
# Subtest: W795B exposes canonical click, keyboard and touch candidates with stale-target protection
ok 707 - W795B exposes canonical click, keyboard and touch candidates with stale-target protection
  ---
  duration_ms: 0.173878
  type: 'test'
  ...
# Subtest: W795B never owns XP, automatic travel or another runtime
ok 708 - W795B never owns XP, automatic travel or another runtime
  ---
  duration_ms: 1.026951
  type: 'test'
  ...
# Subtest: W795C persists only sanitized ordered Storm Sector progress
ok 709 - W795C persists only sanitized ordered Storm Sector progress
  ---
  duration_ms: 3.228355
  type: 'test'
  ...
# Subtest: W795C prunes forged completed-region claims on reload
ok 710 - W795C prunes forged completed-region claims on reload
  ---
  duration_ms: 1.09703
  type: 'test'
  ...
# Subtest: W795D integrates persisted Storm missions and authored interaction presenter
ok 711 - W795D integrates persisted Storm missions and authored interaction presenter
  ---
  duration_ms: 0.998773
  type: 'test'
  ...
# Subtest: W795D routes keyboard and touch to the active region only
ok 712 - W795D routes keyboard and touch to the active region only
  ---
  duration_ms: 0.574503
  type: 'test'
  ...
# Subtest: W795D performs explicit return and restores Signal Frontier safely
ok 713 - W795D performs explicit return and restores Signal Frontier safely
  ---
  duration_ms: 0.881329
  type: 'test'
  ...
# Subtest: W795D preserves one canonical engine, scene and render loop
ok 714 - W795D preserves one canonical engine, scene and render loop
  ---
  duration_ms: 1.278829
  type: 'test'
  ...
# Subtest: W796A defines three authored animated patrols with fixed routes
ok 715 - W796A defines three authored animated patrols with fixed routes
  ---
  duration_ms: 1.337196
  type: 'test'
  ...
# Subtest: W796A uses same-origin hashed W649 primary and fallback assets
ok 716 - W796A uses same-origin hashed W649 primary and fallback assets
  ---
  duration_ms: 0.51824
  type: 'test'
  ...
# Subtest: W796A patrol briefings cannot grant XP or mutate mission state
ok 717 - W796A patrol briefings cannot grant XP or mutate mission state
  ---
  duration_ms: 0.279009
  type: 'test'
  ...
# Subtest: W796B loads only validated same-origin authored animated NPCs
ok 718 - W796B loads only validated same-origin authored animated NPCs
  ---
  duration_ms: 0.687301
  type: 'test'
  ...
# Subtest: W796B patrols fixed routes and switches walk idle and talk clips
ok 719 - W796B patrols fixed routes and switches walk idle and talk clips
  ---
  duration_ms: 0.179577
  type: 'test'
  ...
# Subtest: W796B provides explicit guidance-only interactions
ok 720 - W796B provides explicit guidance-only interactions
  ---
  duration_ms: 1.075618
  type: 'test'
  ...
# Subtest: W796C mounts patrols under the canonical Storm Sector root
ok 721 - W796C mounts patrols under the canonical Storm Sector root
  ---
  duration_ms: 0.897593
  type: 'test'
  ...
# Subtest: W796C merges mission and NPC interactions before keyboard or touch dispatch
ok 722 - W796C merges mission and NPC interactions before keyboard or touch dispatch
  ---
  duration_ms: 0.331392
  type: 'test'
  ...
# Subtest: W796C briefings are identity-bound and guidance-only
ok 723 - W796C briefings are identity-bound and guidance-only
  ---
  duration_ms: 0.452722
  type: 'test'
  ...
# Subtest: W796C preserves the single runtime lifecycle
ok 724 - W796C preserves the single runtime lifecycle
  ---
  duration_ms: 2.223898
  type: 'test'
  ...
# Subtest: W797A exposes four fixed authored Transit nodes and no raw placement
ok 725 - W797A exposes four fixed authored Transit nodes and no raw placement
  ---
  duration_ms: 1.624423
  type: 'test'
  ...
# Subtest: W797A unlocks Stabilizer Ridge and Storm Eye from ordered mission truth
ok 726 - W797A unlocks Stabilizer Ridge and Storm Eye from ordered mission truth
  ---
  duration_ms: 0.287277
  type: 'test'
  ...
# Subtest: W797A requires explicit travel and rejects locked or current destinations
ok 727 - W797A requires explicit travel and rejects locked or current destinations
  ---
  duration_ms: 0.428617
  type: 'test'
  ...
# Subtest: W797A produces one bounded explicit journey and consumable completion
ok 728 - W797A produces one bounded explicit journey and consumable completion
  ---
  duration_ms: 0.343951
  type: 'test'
  ...
# Subtest: W797B mounts four bounded Transit interaction symbols under a supplied parent
ok 729 - W797B mounts four bounded Transit interaction symbols under a supplied parent
  ---
  duration_ms: 0.603807
  type: 'test'
  ...
# Subtest: W797B exposes click keyboard and touch candidates with stale identity protection
ok 730 - W797B exposes click keyboard and touch candidates with stale identity protection
  ---
  duration_ms: 0.175431
  type: 'test'
  ...
# Subtest: W797B never owns progression or another runtime
ok 731 - W797B never owns progression or another runtime
  ---
  duration_ms: 0.207368
  type: 'test'
  ...
# Subtest: W797C mounts Storm Transit under the canonical Storm Sector presenter
ok 732 - W797C mounts Storm Transit under the canonical Storm Sector presenter
  ---
  duration_ms: 0.758427
  type: 'test'
  ...
# Subtest: W797C routes Transit through the same bounded nearest interaction arbitration
ok 733 - W797C routes Transit through the same bounded nearest interaction arbitration
  ---
  duration_ms: 0.254017
  type: 'test'
  ...
# Subtest: W797C moves Pathfinder and EONBOT only after explicit Transit start
ok 734 - W797C moves Pathfinder and EONBOT only after explicit Transit start
  ---
  duration_ms: 0.723445
  type: 'test'
  ...
# Subtest: W797C refreshes mission-gated nodes and disposes without another runtime
ok 735 - W797C refreshes mission-gated nodes and disposes without another runtime
  ---
  duration_ms: 1.997857
  type: 'test'
  ...
# Subtest: W798A stays hidden outside Storm Sector and owns no progression
ok 736 - W798A stays hidden outside Storm Sector and owns no progression
  ---
  duration_ms: 1.792232
  type: 'test'
  ...
# Subtest: W798A projects the active ordered objective and three mission rows
ok 737 - W798A projects the active ordered objective and three mission rows
  ---
  duration_ms: 0.325003
  type: 'test'
  ...
# Subtest: W798A reports mission-gated Transit and authored NPC presentation truth
ok 738 - W798A reports mission-gated Transit and authored NPC presentation truth
  ---
  duration_ms: 0.386524
  type: 'test'
  ...
# Subtest: W798A reports completion without inventing a reward
ok 739 - W798A reports completion without inventing a reward
  ---
  duration_ms: 0.254498
  type: 'test'
  ...
# Subtest: W798B derives Storm Board from canonical mission transit NPC and presentation truth
ok 740 - W798B derives Storm Board from canonical mission transit NPC and presentation truth
  ---
  duration_ms: 1.251389
  type: 'test'
  ...
# Subtest: W798B switches HUD and suppresses Signal-only assistance inside Storm Sector
ok 741 - W798B switches HUD and suppresses Signal-only assistance inside Storm Sector
  ---
  duration_ms: 0.442086
  type: 'test'
  ...
# Subtest: W798B does not create another runtime or progression authority
ok 742 - W798B does not create another runtime or progression authority
  ---
  duration_ms: 1.177329
  type: 'test'
  ...
# Subtest: W798C mounts a dedicated Storm Sector board card
ok 743 - W798C mounts a dedicated Storm Sector board card
  ---
  duration_ms: 0.623876
  type: 'test'
  ...
# Subtest: W798C switches title objective and statistics while Storm Sector is active
ok 744 - W798C switches title objective and statistics while Storm Sector is active
  ---
  duration_ms: 0.212455
  type: 'test'
  ...
# Subtest: W798C hides unrelated Signal Frontier cards instead of mixing regions
ok 745 - W798C hides unrelated Signal Frontier cards instead of mixing regions
  ---
  duration_ms: 0.171245
  type: 'test'
  ...
# Subtest: W798C adds no new progression, travel or runtime authority
ok 746 - W798C adds no new progression, travel or runtime authority
  ---
  duration_ms: 1.166658
  type: 'test'
  ...
# Subtest: W799A derives three damaged transformations from initial mission truth
ok 747 - W799A derives three damaged transformations from initial mission truth
  ---
  duration_ms: 1.018623
  type: 'test'
  ...
# Subtest: W799A shows an active weather transformation from partial ordered progress
ok 748 - W799A shows an active weather transformation from partial ordered progress
  ---
  duration_ms: 0.296611
  type: 'test'
  ...
# Subtest: W799A marks each family restored only from all canonical objective actions
ok 749 - W799A marks each family restored only from all canonical objective actions
  ---
  duration_ms: 0.257543
  type: 'test'
  ...
# Subtest: W799A is visual projection only
ok 750 - W799A is visual projection only
  ---
  duration_ms: 0.12796
  type: 'test'
  ...
# Subtest: W799B mounts three non-interactive visual transformation signals
ok 751 - W799B mounts three non-interactive visual transformation signals
  ---
  duration_ms: 0.81451
  type: 'test'
  ...
# Subtest: W799B changes bounded emission and light state from mission truth
ok 752 - W799B changes bounded emission and light state from mission truth
  ---
  duration_ms: 0.295949
  type: 'test'
  ...
# Subtest: W799B is reduced-motion safe and owns no runtime or progression
ok 753 - W799B is reduced-motion safe and owns no runtime or progression
  ---
  duration_ms: 0.263031
  type: 'test'
  ...
# Subtest: W799C mounts transformations under the canonical Storm Sector root
ok 754 - W799C mounts transformations under the canonical Storm Sector root
  ---
  duration_ms: 1.039935
  type: 'test'
  ...
# Subtest: W799C applies the same canonical mission state on entry and progress
ok 755 - W799C applies the same canonical mission state on entry and progress
  ---
  duration_ms: 0.407906
  type: 'test'
  ...
# Subtest: W799C updates and disposes through the existing host lifecycle
ok 756 - W799C updates and disposes through the existing host lifecycle
  ---
  duration_ms: 1.141085
  type: 'test'
  ...
# Subtest: W800A requires an explicit verified-action handoff
ok 757 - W800A requires an explicit verified-action handoff
  ---
  duration_ms: 0.743815
  type: 'test'
  ...
# Subtest: W800A creates a privacy-safe local objective capture moment
ok 758 - W800A creates a privacy-safe local objective capture moment
  ---
  duration_ms: 0.435307
  type: 'test'
  ...
# Subtest: W800A accepts mission and region milestones but never posts automatically
ok 759 - W800A accepts mission and region milestones but never posts automatically
  ---
  duration_ms: 0.885645
  type: 'test'
  ...
# Subtest: W800A expires and resets without persistence or progression
ok 760 - W800A expires and resets without persistence or progression
  ---
  duration_ms: 0.175581
  type: 'test'
  ...
# Subtest: W800B records Storm capture moments only after canonical mission success
ok 761 - W800B records Storm capture moments only after canonical mission success
  ---
  duration_ms: 0.796192
  type: 'test'
  ...
# Subtest: W800B prioritizes Storm capture only while Storm Sector is active
ok 762 - W800B prioritizes Storm capture only while Storm Sector is active
  ---
  duration_ms: 0.288228
  type: 'test'
  ...
# Subtest: W800B clears Storm moments on both return paths and keeps Creator Capture explicit
ok 763 - W800B clears Storm moments on both return paths and keeps Creator Capture explicit
  ---
  duration_ms: 0.588724
  type: 'test'
  ...
# Subtest: W800B adds no runtime or XP authority
ok 764 - W800B adds no runtime or XP authority
  ---
  duration_ms: 1.967702
  type: 'test'
  ...
# Subtest: W801A keeps unavailable external evidence blocked without fabricating certification
ok 765 - W801A keeps unavailable external evidence blocked without fabricating certification
  ---
  duration_ms: 0.703174
  type: 'test'
  ...
# Subtest: W801A enforces build, browser, owner and deployment ordering
ok 766 - W801A enforces build, browser, owner and deployment ordering
  ---
  duration_ms: 0.172256
  type: 'test'
  ...
# Subtest: W801A reports complete evidence without activating Production automatically
ok 767 - W801A reports complete evidence without activating Production automatically
  ---
  duration_ms: 0.128391
  type: 'test'
  ...
# Subtest: W802A defines an exact cross-product owner playthrough matrix
ok 768 - W802A defines an exact cross-product owner playthrough matrix
  ---
  duration_ms: 0.610787
  type: 'test'
  ...
# Subtest: W802A rejects shaped, private or wrong-build evidence
ok 769 - W802A rejects shaped, private or wrong-build evidence
  ---
  duration_ms: 0.51207
  type: 'test'
  ...
# Subtest: W802A requires every exact case and never certifies or deploys automatically
ok 770 - W802A requires every exact case and never certifies or deploys automatically
  ---
  duration_ms: 0.406714
  type: 'test'
  ...
1..770
# tests 770
# suites 0
# pass 770
# fail 0
# cancelled 0
# skipped 0
# todo 0
# duration_ms 3488.047605
